sample_id,split,content,content_norm,index_spans,span_ranges,span_texts,span_text,has_toxic_span,n_spans,n_toxic_chars,text_hash,source_file,gold_indices,gold_ranges,gold_span_text,has_gold_span,n_gold_chars,pred_indices,pred_ranges,pred_span_text,matched_phrases,error_type,method,row_id
vihos_dev_0,dev,"Cs cha , Cs con , Rận cha, Rận con ...ai đúng ai sai thì cũng chỉ là mỗi người nghe từ 1 phía,đéo có gì là minh bạch. Kẻ thắng làm vua, thế thôi !",,,,,,,,,,,"[0, 1, 9, 10, 18, 19, 20, 27, 28, 29, 94, 95, 96]","[[0, 2], [9, 11], [18, 21], [27, 30], [94, 97]]",Cs | Cs | Rận | Rận | đéo,,,"[0, 1, 9, 10, 12, 13, 14, 18, 19, 20, 22, 23, 24, 27, 28, 29, 31, 32, 33, 94, 95, 96, 121, 122, 123, 124, 125, 127, 128, 129]","[[0, 2], [9, 11], [12, 15], [18, 21], [22, 25], [27, 30], [31, 34], [94, 97], [121, 126], [127, 130]]",Cs | Cs | con | Rận | cha | Rận | con | đéo | thắng | làm,,partial_match,xlmr_token_classifier,0.0
vihos_dev_2,dev,Nói gì tào lao kg,,,,,,,,,,,"[7, 8, 9, 10, 11, 12, 13]","[[7, 14]]",tào lao,,,"[7, 8, 9, 11, 12, 13, 15, 16]","[[7, 10], [11, 14], [15, 17]]",tào | lao | kg,,partial_match,xlmr_token_classifier,2.0
vihos_dev_5,dev,Sao lại cứ đến nụ cười . lên không nghe rõ lời nói.ngừng cho giọng nói vào vô lý,,,,,,,,,,,[],[],,,,"[75, 76, 78, 79]","[[75, 77], [78, 80]]",vô | lý,,false_positive,xlmr_token_classifier,5.0
vihos_dev_6,dev,Tự hào về chiến thắng một giải bóng đá để che dấu những hèn kém khác của đất nước mình.,,,,,,,,,,,"[0, 1, 2, 3, 4, 5, 6, 7, 8, 9, 10, 11, 12, 13, 14, 15, 16, 17, 18, 19, 20, 21, 22, 23, 24, 25, 26, 27, 28, 29, 30, 31, 32, 33, 34, 35, 36, 37, 38, 39, 40, 41, 42, 43, 44, 45, 46, 47, 48, 49, 50, 51, 52, 53, 54, 55, 56, 57, 58, 59, 60, 61, 62, 63, 64, 65, 66, 67, 68, 69, 70, 71, 72, 73, 74, 75, 76, 77, 78, 79, 80]","[[0, 81]]",Tự hào về chiến thắng một giải bóng đá để che dấu những hèn kém khác của đất nước,,,"[56, 57, 58, 60, 61, 62]","[[56, 59], [60, 63]]",hèn | kém,,partial_match,xlmr_token_classifier,6.0
vihos_dev_7,dev,Chúng nó đang bận vơ vét thanh lý đất nước này,,,,,,,,,,,"[0, 1, 2, 3, 4, 5, 6, 7, 18, 19, 20, 21, 22, 23, 24, 25, 26, 27, 28, 29, 30, 31, 32, 33, 34, 35, 36, 37, 38, 39, 40, 41]","[[0, 8], [18, 42]]",Chúng nó | vơ vét thanh lý đất nước,,,"[0, 1, 2, 3, 4, 6, 7, 18, 19, 21, 22, 23]","[[0, 5], [6, 8], [18, 20], [21, 24]]",Chúng | nó | vơ | vét,,partial_match,xlmr_token_classifier,7.0
vihos_dev_9,dev,top1 KICM. Ca sĩ hát trên giọng hát của người khác😂😂,,,,,,,,,,,"[11, 12, 13, 14, 15, 16, 17, 18, 19, 20, 21, 22, 23, 24, 25, 26, 27, 28, 29, 30, 31, 32, 33, 34, 35, 36, 37, 38, 39, 40, 41, 42, 43, 44, 45, 46, 47, 48, 49]","[[11, 50]]",Ca sĩ hát trên giọng hát của người khác,,,[],[],,,false_negative,xlmr_token_classifier,9.0
vihos_dev_12,dev,"Nguyễn Thuận cmt 1 cái bị chửi như chó, thôi ráng bữa sau cmt nhớ lắp não vào nha",,,,,,,,,,,"[26, 27, 28, 29, 35, 36, 37, 58, 59, 60, 61, 62, 63, 64, 65, 66, 67, 68, 69, 70, 71, 72, 73, 74, 75, 76]","[[26, 30], [35, 38], [58, 77]]",chửi | chó | cmt nhớ lắp não vào,,,"[26, 27, 28, 29, 31, 32, 33, 35, 36, 37, 66, 67, 68, 70, 71, 72]","[[26, 30], [31, 34], [35, 38], [66, 69], [70, 73]]",chửi | như | chó | lắp | não,,partial_match,xlmr_token_classifier,12.0
vihos_dev_13,dev,Đinh Phước tao nói mày xàm lồn nhai lại như máy con bò dưới quê t thì đ ai bênh m đâu,,,,,,,,,,,"[11, 12, 13, 19, 20, 21, 23, 24, 25, 26, 27, 28, 29, 31, 32, 33, 34, 35, 36, 37, 38, 48, 49, 50, 51, 52, 53, 64, 70, 80]","[[11, 14], [19, 22], [23, 30], [31, 39], [48, 54], [64, 65], [70, 71], [80, 81]]",tao | mày | xàm lồn | nhai lại | con bò | t | đ | m,,,"[11, 12, 13, 19, 20, 21, 23, 24, 25, 27, 28, 29, 31, 32, 33, 34, 36, 37, 38, 40, 41, 42, 44, 45, 46, 48, 49, 50, 52, 53, 64, 70, 80]","[[11, 14], [19, 22], [23, 26], [27, 30], [31, 35], [36, 39], [40, 43], [44, 47], [48, 51], [52, 54], [64, 65], [70, 71], [80, 81]]",tao | mày | xàm | lồn | nhai | lại | như | máy | con | bò | t | đ | m,,partial_match,xlmr_token_classifier,13.0
vihos_dev_14,dev,Ai bảo chứa hàng của THP làm gì để bị phạt - bà mịa nó,,,,,,,,,,,"[45, 46, 47, 48, 49, 50, 51, 52, 53]","[[45, 54]]",bà mịa nó,,,"[45, 46, 48, 49, 50, 52, 53]","[[45, 47], [48, 51], [52, 54]]",bà | mịa | nó,,partial_match,xlmr_token_classifier,14.0
vihos_dev_19,dev,Lũlên mạng lừa đão,,,,,,,,,,,"[0, 1, 11, 12, 13, 14, 15, 16, 17]","[[0, 2], [11, 18]]",Lũ | lừa đão,,,"[0, 1, 2, 3, 4, 6, 7, 8, 9, 11, 12, 13, 15, 16, 17]","[[0, 5], [6, 10], [11, 14], [15, 18]]",Lũlên | mạng | lừa | đão,,partial_match,xlmr_token_classifier,19.0
vihos_dev_20,dev,Người du lịch ko muốn quay lại. Đi 1 lần là muốn chửi thề rồi.,,,,,,,,,,,"[49, 50, 51, 52, 53, 54, 55, 56]","[[49, 57]]",chửi thề,,,"[49, 50, 51, 52]","[[49, 53]]",chửi,,partial_match,xlmr_token_classifier,20.0
vihos_dev_24,dev,Hi chắc tụi bay cũng chung bọn với nhóm xộn lào đó rồi,,,,,,,,,,,"[8, 9, 10, 11, 12, 13, 14, 40, 41, 42, 43, 44, 45, 46]","[[8, 15], [40, 47]]",tụi bay | xộn lào,,,"[8, 9, 10, 40, 41, 42, 44, 45, 46]","[[8, 11], [40, 43], [44, 47]]",tụi | xộn | lào,,partial_match,xlmr_token_classifier,24.0
vihos_dev_25,dev,"Chúng nó bỏ chạy thế còn hơn nó quay lại đàn áp. Trên sách vở lý thuyết thì chúng nó nghĩ chúng nó đang làm việc cao cả và kẻ trước mặt là bọn phản động , nhưng thực tế phũ phàng là trước mặt chúng nó toàn là bà con nông dân thử hỏi làm gì còn nhuệ khí mà đàn áp.",,,,,,,,,,,"[0, 1, 2, 3, 4, 5, 6, 7, 29, 30, 41, 42, 43, 44, 45, 46, 76, 77, 78, 79, 80, 81, 82, 83, 90, 91, 92, 93, 94, 95, 96, 97, 123, 124, 139, 140, 141, 143, 144, 145, 146, 147, 148, 149, 150, 151, 192, 193, 194, 195, 196, 197, 198, 199]","[[0, 8], [29, 31], [41, 47], [76, 84], [90, 98], [123, 125], [139, 142], [143, 152], [192, 200]]",Chúng nó | nó | đàn áp | chúng nó | chúng nó | kẻ | bọn | phản động | chúng nó,,,"[0, 1, 2, 3, 4, 6, 7, 29, 30, 41, 42, 43, 45, 46, 76, 77, 78, 79, 80, 82, 83, 90, 91, 92, 93, 94, 96, 97, 139, 140, 141, 143, 144, 145, 146, 148, 149, 150, 151, 192, 193, 194, 195, 196, 198, 199, 233, 234, 235, 237, 238, 240, 241, 242, 244, 245, 246, 247, 249, 250, 251, 256, 257, 258, 260, 261]","[[0, 5], [6, 8], [29, 31], [41, 44], [45, 47], [76, 81], [82, 84], [90, 95], [96, 98], [139, 142], [143, 147], [148, 152], [192, 197], [198, 200], [233, 236], [237, 239], [240, 243], [244, 248], [249, 252], [256, 259], [260, 262]]",Chúng | nó | nó | đàn | áp | chúng | nó | chúng | nó | bọn | phản | động | chúng | nó | làm | gì | còn | nhuệ | khí | đàn | áp,,partial_match,xlmr_token_classifier,25.0
vihos_dev_26,dev,Ns vậy lại xúc phạm cái đầu b**i 😐,,,,,,,,,,,"[24, 25, 26, 27, 28, 29, 30, 31]","[[24, 32]]",đầu b**i,,,"[24, 25, 26, 28, 29, 30, 31]","[[24, 27], [28, 32]]",đầu | b**i,,partial_match,xlmr_token_classifier,26.0
vihos_dev_28,dev,Con này hết thuốc chữa. Động chậm vùng miền,,,,,,,,,,,"[0, 1, 2, 12, 13, 14, 15, 16, 17, 18, 19, 20, 21]","[[0, 3], [12, 22]]",Con | thuốc chữa,,,"[0, 1, 2, 12, 13, 14, 15, 16, 18, 19, 20, 21, 24, 25, 26, 27, 29, 30, 31, 32]","[[0, 3], [12, 17], [18, 22], [24, 28], [29, 33]]",Con | thuốc | chữa | Động | chậm,,partial_match,xlmr_token_classifier,28.0
vihos_dev_29,dev,Ăn cướp hả bạn,,,,,,,,,,,[],[],,,,"[0, 1, 3, 4, 5, 6]","[[0, 2], [3, 7]]",Ăn | cướp,,false_positive,xlmr_token_classifier,29.0
vihos_dev_32,dev,@Hung Nguyen nhân dân VN tức là cờ đỏ. Còn đám cờ vàng là lũ súc vật lưu vong. Hiểu hông?,,,,,,,,,,,"[43, 44, 45, 46, 47, 48, 49, 50, 51, 52, 53, 58, 59, 60, 61, 62, 63, 64, 65, 66, 67, 68, 69, 70, 71, 72, 73, 74, 75, 76]","[[43, 54], [58, 77]]",đám cờ vàng | lũ súc vật lưu vong,,,"[43, 44, 45, 58, 59, 61, 62, 63, 65, 66, 67, 69, 70, 71, 73, 74, 75, 76]","[[43, 46], [58, 60], [61, 64], [65, 68], [69, 72], [73, 77]]",đám | lũ | súc | vật | lưu | vong,,partial_match,xlmr_token_classifier,32.0
vihos_dev_34,dev,"K nói thì tự kiêu,nói thì lại tự ái chứ í thức thế ai mà chịu nổi😡",,,,,,,,,,,"[10, 11, 12, 13, 14, 15, 16, 30, 31, 32, 33, 34, 40, 41, 42, 43, 44, 45, 46, 47, 48, 49, 50, 51, 52, 53, 54, 55, 56, 57, 58, 59, 60, 61, 62, 63, 64, 65]","[[10, 17], [30, 35], [40, 66]]",tự kiêu | tự ái | í thức thế ai mà chịu nổi😡,,,"[10, 11, 13, 14, 15, 16, 30, 31, 33, 34, 40, 42, 43, 44, 45, 65]","[[10, 12], [13, 17], [30, 32], [33, 35], [40, 41], [42, 46], [65, 66]]",tự | kiêu | tự | ái | í | thức | 😡,,partial_match,xlmr_token_classifier,34.0
vihos_dev_35,dev,Miền nam thì cố ko cho ng trung quốc trúng thầu còn ngoài bắc thì ... 😪😪😏😏,,,,,,,,,,,"[72, 73]","[[72, 74]]",😏😏,,,[],[],,,false_negative,xlmr_token_classifier,35.0
vihos_dev_37,dev,"Khanh Pham đấy là mấy cái thể loại âm nhạc của chúng mày, nhạc Sơn Tùng trẻ trung có vần điệu vươn xa nước ngoài và nước ngoài chỉ có thể nghe nhạc như thế . Mày thử mang nhạc jack của mày ra nước ngoài xem có bị cười vào mặt không ??",,,,,,,,,,,"[47, 48, 49, 50, 51, 52, 53, 54, 55, 158, 159, 160, 185, 186, 187, 213, 214, 215, 216, 217, 218, 219, 220, 221, 222, 223, 224]","[[47, 56], [158, 161], [185, 188], [213, 225]]",chúng mày | Mày | mày | cười vào mặt,,,"[47, 48, 49, 50, 51, 53, 54, 55, 158, 159, 160, 185, 186, 187, 213, 214, 215, 216, 218, 219, 220, 222, 223, 224]","[[47, 52], [53, 56], [158, 161], [185, 188], [213, 217], [218, 221], [222, 225]]",chúng | mày | Mày | mày | cười | vào | mặt,,partial_match,xlmr_token_classifier,37.0
vihos_dev_38,dev,Trần dần là cộngg sản nằm vùng bên cali😂,,,,,,,,,,,[],[],,,,"[12, 13, 14, 15, 18, 19, 20, 26, 27, 28, 29]","[[12, 16], [18, 21], [26, 30]]",cộng | sản | vùng,,false_positive,xlmr_token_classifier,38.0
vihos_dev_39,dev,Đm chúng nó chứ,,,,,,,,,,,"[0, 1, 3, 4, 5, 6, 7, 8, 9, 10]","[[0, 2], [3, 11]]",Đm | chúng nó,,,"[0, 1, 3, 4, 5, 6, 7, 9, 10]","[[0, 2], [3, 8], [9, 11]]",Đm | chúng | nó,,partial_match,xlmr_token_classifier,39.0
vihos_dev_40,dev,Trị ơi con Việt kêu hàng nó qua mất dạy rồi,,,,,,,,,,,"[7, 8, 9, 25, 26, 32, 33, 34, 35, 36, 37, 38]","[[7, 10], [25, 27], [32, 39]]",con | nó | mất dạy,,,"[7, 8, 9, 25, 26, 32, 33, 34, 36, 37, 38]","[[7, 10], [25, 27], [32, 35], [36, 39]]",con | nó | mất | dạy,,partial_match,xlmr_token_classifier,40.0
vihos_dev_43,dev,Ko co lợi cho tỉnh nhưng có lợi cho quan . Ngu gì mà ko làm . Cơ mà 1000 ha rừg đó nay đã đi đâu @@,,,,,,,,,,,"[28, 29, 30, 31, 32, 33, 34, 35, 36, 37, 38, 39, 43, 44, 45]","[[28, 40], [43, 46]]",lợi cho quan | Ngu,,,"[43, 44, 45]","[[43, 46]]",Ngu,,partial_match,xlmr_token_classifier,43.0
vihos_dev_45,dev,"nói z thôi cho dân chúng bớt xoắn lên nhưng thực chắc cũng đâu vào đấy. nó chơi ngầm thì đố ai biết. cái nhà nước này nó nát bét hết rồi. các bác đừng có mơ làm nhà nước nữa, từ cấp 3 đã xác định là làm nghề gì mà k liên qua nhà nước rồi, vì tao biết g",,,,,,,,,,,"[72, 73, 75, 76, 77, 78, 79, 80, 81, 82, 83, 121, 122, 123, 124, 125, 126, 127, 146, 147, 148, 149, 150, 151, 152, 153, 154, 155, 156, 157, 158, 159, 160, 161, 162, 163, 164, 165, 166, 167, 168, 242, 243, 244]","[[72, 74], [75, 84], [121, 128], [146, 169], [242, 245]]",nó | chơi ngầm | nát bét | đừng có mơ làm nhà nước | tao,,,"[15, 16, 17, 19, 20, 21, 22, 23, 25, 26, 27, 29, 30, 31, 32, 34, 35, 36, 72, 73, 89, 90, 118, 119, 121, 122, 123, 125, 126, 127, 187, 188, 189, 191, 192, 193, 194, 196, 197, 199, 200, 201, 203, 204, 205, 206, 208, 209, 211, 212, 214, 216, 217, 218, 219, 221, 222, 223, 225, 226, 227, 229, 230, 231, 232, 242, 243, 244]","[[15, 18], [19, 24], [25, 28], [29, 33], [34, 37], [72, 74], [89, 91], [118, 120], [121, 124], [125, 128], [187, 190], [191, 195], [196, 198], [199, 202], [203, 207], [208, 210], [211, 213], [214, 215], [216, 220], [221, 224], [225, 228], [229, 233], [242, 245]]",dân | chúng | bớt | xoắn | lên | nó | đố | nó | nát | bét | xác | định | là | làm | nghề | gì | mà | k | liên | qua | nhà | nước | tao,,partial_match,xlmr_token_classifier,45.0
vihos_dev_48,dev,DLV đâu rồi ? cháu ngoan đâu rồi ? Đảng viên đâu rồi ? bơi vào đây cãi nhau nào !,,,,,,,,,,,"[0, 1, 2, 67, 68, 69, 70, 71, 72, 73, 74]","[[0, 3], [67, 75]]",DLV | cãi nhau,,,"[0, 1, 2, 55, 56, 57, 59, 60, 61, 63, 64, 65]","[[0, 3], [55, 58], [59, 62], [63, 66]]",DLV | bơi | vào | đây,,partial_match,xlmr_token_classifier,48.0
vihos_dev_50,dev,Công nghệ xây cầu mới của đảng và nhà nước ta đấy! Thế giới chưa nước nào có đâu,,,,,,,,,,,[],[],,,,"[10, 11, 12, 14, 15, 16, 18, 19, 20, 31, 32]","[[10, 13], [14, 17], [18, 21], [31, 33]]",xây | cầu | mới | và,,false_positive,xlmr_token_classifier,50.0
vihos_dev_51,dev,Anh Minh chậm cái địt bầm m,,,,,,,,,,,"[18, 19, 20, 21, 22, 23, 24, 25, 26]","[[18, 27]]",địt bầm m,,,"[18, 19, 20, 22, 23, 24, 26]","[[18, 21], [22, 25], [26, 27]]",địt | bầm | m,,partial_match,xlmr_token_classifier,51.0
vihos_dev_52,dev,"hỡi đồng bào ( người dân cu đen vn ) đừng có tin và nghe lời của kẻ đang cầm quyền lãnh đạo toàn trị + độc tài + hút máu chúng ta.Vì bản chất chúng là LOÀI THÚ HOANG,+điên -lên đã quyết bảo vệ quyền lực phạm hạnh PHÁT XÍT +PHONG KIẾN CỰC ĐOAN VỚI TƯ T",,,,,,,,,,,"[25, 26, 27, 28, 29, 30, 65, 66, 92, 93, 94, 95, 96, 97, 98, 99, 103, 104, 105, 106, 107, 108, 109, 113, 114, 115, 116, 117, 118, 119, 142, 143, 144, 145, 146, 151, 152, 153, 154, 155, 156, 157, 158, 159, 160, 161, 162, 163, 164, 167, 168, 169, 170, 213, 214, 215, 216, 217, 218, 219, 220, 223, 224, 225, 226, 227, 228, 229, 230, 231, 232, 233, 234, 235, 236, 237, 238, 239, 240, 241]","[[25, 31], [65, 67], [92, 100], [103, 110], [113, 120], [142, 147], [151, 165], [167, 171], [213, 221], [223, 242]]",cu đen | kẻ | toàn trị | độc tài | hút máu | chúng | LOÀI THÚ HOANG | điên | PHÁT XÍT | PHONG KIẾN CỰC ĐOAN,,,"[25, 26, 28, 29, 30, 65, 66, 73, 74, 75, 77, 78, 79, 80, 81, 83, 84, 85, 86, 88, 89, 90, 92, 93, 94, 95, 97, 98, 99, 101, 103, 104, 105, 107, 108, 109, 111, 113, 114, 115, 117, 118, 119, 121, 122, 123, 124, 125, 127, 128, 142, 143, 144, 145, 146, 151, 152, 153, 154, 156, 157, 158, 160, 161, 162, 163, 164, 167, 168, 169, 170, 172, 173, 174, 175, 213, 214, 215, 216, 218, 219, 220]","[[25, 27], [28, 31], [65, 67], [73, 76], [77, 82], [83, 87], [88, 91], [92, 96], [97, 100], [101, 102], [103, 106], [107, 110], [111, 112], [113, 116], [117, 120], [121, 126], [127, 129], [142, 147], [151, 155], [156, 159], [160, 165], [167, 171], [172, 176], [213, 217], [218, 221]]",cu | đen | kẻ | cầm | quyền | lãnh | đạo | toàn | trị | + | độc | tài | + | hút | máu | chúng | ta | chúng | LOÀI | THÚ | HOANG | điên | -lên | PHÁT | XÍT,,partial_match,xlmr_token_classifier,52.0
vihos_dev_55,dev,Nguyễn Sơn tđn ghét thầy ba thế à mà tút cu nào cũng thấy cmt :)))),,,,,,,,,,,"[11, 12, 13, 15, 16, 17, 18, 37, 38, 39, 40, 41, 42]","[[11, 14], [15, 19], [37, 43]]",tđn | ghét | tút cu,,,"[11, 12, 13, 15, 16, 17, 18, 37, 38, 41, 42]","[[11, 14], [15, 19], [37, 39], [41, 43]]",tđn | ghét | tú | cu,,partial_match,xlmr_token_classifier,55.0
vihos_dev_56,dev,Linh lốc cái mỏ như cái lồn,,,,,,,,,,,"[13, 14, 15, 16, 17, 18, 19, 20, 21, 22, 23, 24, 25, 26]","[[13, 27]]",mỏ như cái lồn,,,"[5, 6, 7, 9, 10, 11, 13, 14, 16, 17, 18, 20, 21, 22, 24, 25, 26]","[[5, 8], [9, 12], [13, 15], [16, 19], [20, 23], [24, 27]]",lốc | cái | mỏ | như | cái | lồn,,partial_match,xlmr_token_classifier,56.0
vihos_dev_58,dev,Làm đường sắc ngoài bắc thì người ngoài bắc gánh mà trả đi nhé :),,,,,,,,,,,"[28, 29, 30, 31, 32, 33, 34, 35, 36, 37, 38, 39, 40, 41, 42, 43, 44, 45, 46, 47, 48, 49, 50, 51, 52, 53, 54, 55, 56, 57]","[[28, 58]]",người ngoài bắc gánh mà trả đi,,,"[4, 5, 6, 7, 8, 10, 11, 12, 14, 15, 16, 17, 18, 20, 21, 22, 34, 35, 36, 37, 38, 40, 41, 42, 44, 45, 46, 47, 49, 50, 52, 53, 54, 56, 57]","[[4, 9], [10, 13], [14, 19], [20, 23], [34, 39], [40, 43], [44, 48], [49, 51], [52, 55], [56, 58]]",đường | sắc | ngoài | bắc | ngoài | bắc | gánh | mà | trả | đi,,partial_match,xlmr_token_classifier,58.0
vihos_dev_59,dev,HOA LỤA - HOA TƯƠI NHẬP KHẨU CAO CẤP.,,,,,,,,,,,[],[],,,,"[2, 4, 5, 12, 14, 15, 16]","[[2, 3], [4, 6], [12, 13], [14, 17]]",A | LỤ | A | TƯƠ,,false_positive,xlmr_token_classifier,59.0
vihos_dev_61,dev,Đéo thể tha thứ được 🙅 càng nói càng xạo quần,,,,,,,,,,,"[0, 1, 2, 37, 38, 39, 40, 41, 42, 43, 44]","[[0, 3], [37, 45]]",Đéo | xạo quần,,,"[0, 1, 2, 37, 38, 39, 41, 42, 43, 44]","[[0, 3], [37, 40], [41, 45]]",Đéo | xạo | quần,,partial_match,xlmr_token_classifier,61.0
vihos_dev_64,dev,Vũ Thanh Huyền bọn Hàn Quốc biết nói tiếng Việt à :)),,,,,,,,,,,[],[],,,,"[15, 16, 17]","[[15, 18]]",bọn,,false_positive,xlmr_token_classifier,64.0
vihos_dev_65,dev,Những kẻ cướp ngày đang bênh vực tên trộm đêm :),,,,,,,,,,,"[6, 7, 8, 9, 10, 11, 12, 33, 34, 35, 36, 37, 38, 39, 40, 41, 42, 43, 44]","[[6, 13], [33, 45]]",kẻ cướp | tên trộm đêm,,,"[6, 7, 9, 10, 11, 12, 33, 34, 35, 37, 38, 39, 40, 42, 43, 44]","[[6, 8], [9, 13], [33, 36], [37, 41], [42, 45]]",kẻ | cướp | tên | trộm | đêm,,partial_match,xlmr_token_classifier,65.0
vihos_dev_67,dev,Đéo nào đoạn đánh răng tởm vl mà lâu vc😂,,,,,,,,,,,"[0, 1, 2, 23, 24, 25, 26, 27, 28, 37, 38]","[[0, 3], [23, 29], [37, 39]]",Đéo | tởm vl | vc,,,"[0, 1, 2, 23, 24, 25, 27, 28, 37, 38]","[[0, 3], [23, 26], [27, 29], [37, 39]]",Đéo | tởm | vl | vc,,partial_match,xlmr_token_classifier,67.0
vihos_dev_69,dev,thầy mà là gia cát gì gia heo thì có =)),,,,,,,,,,,"[22, 23, 24, 25, 26, 27, 28]","[[22, 29]]",gia heo,,,[28],"[[28, 29]]",o,,partial_match,xlmr_token_classifier,69.0
vihos_dev_70,dev,"Cướp đêm là giặc, cướp ngày là quan. 24/7 lúc nào cũng phải nơm nớp. Than ôi cái đất nước hạnh phúc",,,,,,,,,,,"[0, 1, 2, 3, 4, 5, 6, 7, 8, 9, 10, 11, 12, 13, 14, 15, 16, 17, 18, 19, 20, 21, 22, 23, 24, 25, 26, 27, 28, 29, 30, 31, 32, 33, 34, 69, 70, 71, 72, 73, 74, 75, 76, 77, 78, 79, 80, 81, 82, 83, 84, 85, 86, 87, 88, 89, 90, 91, 92, 93, 94, 95, 96, 97, 98]","[[0, 35], [69, 99]]","Cướp đêm là giặc, cướp ngày là quan | Than ôi cái đất nước hạnh phúc",,,"[0, 1, 2, 3, 18, 19, 20, 21, 23, 24, 25, 26]","[[0, 4], [18, 22], [23, 27]]",Cướp | cướp | ngày,,partial_match,xlmr_token_classifier,70.0
vihos_dev_73,dev,Chết rồi ha mấy đứa,,,,,,,,,,,[],[],,,,"[0, 1, 2, 3]","[[0, 4]]",Chết,,false_positive,xlmr_token_classifier,73.0
vihos_dev_74,dev,Jacob NguyenAn Nhây bà mẹ VN anh hùg :)))))))) hài ko chịu nỗi,,,,,,,,,,,"[15, 16, 17, 18, 47, 48, 49, 50, 51, 52, 53, 54, 55, 56, 57, 58, 59, 60, 61]","[[15, 19], [47, 62]]",Nhây | hài ko chịu nỗi,,,[],[],,,false_negative,xlmr_token_classifier,74.0
vihos_dev_76,dev,Cái đ.m idol của e mà a mang ra cợt nhả vậy à :< e thấy 2 thằng này mới giôbgs nhau nè :>,,,,,,,,,,,"[0, 1, 2, 3, 4, 5, 6, 32, 33, 34, 35, 36, 37, 38, 58, 59, 60, 61, 62]","[[0, 7], [32, 39], [58, 63]]",Cái đ.m | cợt nhả | thằng,,,"[4, 5, 6, 32, 33, 34, 36, 37, 38, 58, 59, 60, 61, 62, 74, 75, 76, 77]","[[4, 7], [32, 35], [36, 39], [58, 63], [74, 78]]",đ.m | cợt | nhả | thằng | ôbgs,,partial_match,xlmr_token_classifier,76.0
vihos_dev_77,dev,Bố con điên,,,,,,,,,,,"[0, 1, 3, 4, 5, 6, 7, 8, 9, 10]","[[0, 2], [3, 11]]",Bố | con điên,,,"[0, 1, 3, 4, 5, 7, 8, 9, 10]","[[0, 2], [3, 6], [7, 11]]",Bố | con | điên,,partial_match,xlmr_token_classifier,77.0
vihos_dev_78,dev,Nguyen van Giang thắng tới nơi sủa bậy,,,,,,,,,,,"[31, 32, 33, 34, 35, 36, 37]","[[31, 38]]",sủa bậy,,,"[31, 32, 33, 35, 36, 37]","[[31, 34], [35, 38]]",sủa | bậy,,partial_match,xlmr_token_classifier,78.0
vihos_dev_79,dev,Về nhà nhớ treo ảnh thờ t cao hơn tổ tiên nhà chúng m nghe chửa <3,,,,,,,,,,,"[20, 21, 22, 23, 24, 34, 35, 36, 37, 38, 39, 40, 41, 42, 43, 44, 45, 46, 47, 48, 49, 50, 51, 52]","[[20, 25], [34, 53]]",thờ t | tổ tiên nhà chúng m,,,"[24, 46, 47, 48, 49, 50, 52]","[[24, 25], [46, 51], [52, 53]]",t | chúng | m,,partial_match,xlmr_token_classifier,79.0
vihos_dev_82,dev,"Giờ tao chỉ mong bóng đá đến sớm . Để lu ngu no tràn ra đường hít thêm khí chết bớt , mới tỉnh đc .",,,,,,,,,,,"[4, 5, 6, 38, 39, 40, 41, 42, 43, 45, 46, 75, 76, 77, 78]","[[4, 7], [38, 44], [45, 47], [75, 79]]",tao | lu ngu | no | chết,,,"[4, 5, 6, 38, 39, 41, 42, 43, 45, 46, 64, 71, 72, 73, 75, 76, 77, 78, 80, 81, 82]","[[4, 7], [38, 40], [41, 44], [45, 47], [64, 65], [71, 74], [75, 79], [80, 83]]",tao | lu | ngu | no | t | khí | chết | bớt,,partial_match,xlmr_token_classifier,82.0
vihos_dev_83,dev,Huỳnh Chí Tính CLMM CHỔNG MÔNG LÊN,,,,,,,,,,,"[15, 16, 17, 18, 19, 20, 21, 22, 23, 24, 25, 26, 27, 28, 29, 30, 31, 32, 33]","[[15, 34]]",CLMM CHỔNG MÔNG LÊN,,,"[15, 16, 17, 18, 20, 21, 22, 23, 24, 26, 27, 28, 29]","[[15, 19], [20, 25], [26, 30]]",CLMM | CHỔNG | MÔNG,,partial_match,xlmr_token_classifier,83.0
vihos_dev_87,dev,Lợi Nguyễn lâu thì lâu tại nó chém gió nói 10 năm cho ng ta chửi xl,,,,,,,,,,,"[27, 28, 30, 31, 32, 33, 34, 35, 36, 37, 60, 61, 62, 63, 65, 66]","[[27, 29], [30, 38], [60, 64], [65, 67]]",nó | chém gió | chửi | xl,,,"[27, 28, 30, 31, 32, 33, 60, 61, 62, 63, 65, 66]","[[27, 29], [30, 34], [60, 64], [65, 67]]",nó | chém | chửi | xl,,partial_match,xlmr_token_classifier,87.0
vihos_dev_90,dev,e đang thất nghiệp nghe dlv đồn 200k 300k gì e đi quằng cả tháng nay mà đéo thấy ai kêu nên thất nghiệp tiếp,,,,,,,,,,,"[24, 25, 26, 72, 73, 74]","[[24, 27], [72, 75]]",dlv | đéo,,,"[72, 73, 74]","[[72, 75]]",đéo,,partial_match,xlmr_token_classifier,90.0
vihos_dev_91,dev,"Ngân quỹ dân đóng bị rút cạn r, các bác phải tìm cách rút trực tiếp từ túi dân thôi.",,,,,,,,,,,"[54, 55, 56, 57, 58, 59, 60, 61, 62, 63, 64, 65, 66, 67, 68, 69, 70, 71, 72, 73, 74, 75, 76, 77]","[[54, 78]]",rút trực tiếp từ túi dân,,,"[68, 69, 71, 72, 73, 75, 76, 77]","[[68, 70], [71, 74], [75, 78]]",từ | túi | dân,,partial_match,xlmr_token_classifier,91.0
vihos_dev_95,dev,"Con quỷ cái này nước mắt cá sấu, bán hàng dỏm lừa đảo có ngày xe đâm may",,,,,,,,,,,"[0, 1, 2, 3, 4, 5, 6, 7, 8, 9, 10, 16, 17, 18, 19, 20, 21, 22, 23, 24, 25, 26, 27, 28, 29, 30, 42, 43, 44, 45, 46, 47, 48, 49, 50, 51, 52, 65, 66, 67, 68, 69, 70, 71]","[[0, 11], [16, 31], [42, 53], [65, 72]]",Con quỷ cái | nước mắt cá sấu | dỏm lừa đảo | đâm may,,,"[0, 1, 2, 4, 5, 6, 16, 17, 18, 19, 21, 22, 23, 25, 26, 28, 29, 30, 42, 43, 44, 46, 47, 48, 50, 51, 52, 67]","[[0, 3], [4, 7], [16, 20], [21, 24], [25, 27], [28, 31], [42, 45], [46, 49], [50, 53], [67, 68]]",Con | quỷ | nước | mắt | cá | sấu | dỏm | lừa | đảo | m,,partial_match,xlmr_token_classifier,95.0
vihos_dev_96,dev,Cái a nào hi sinh xe máy cũng đáng. Giờ thì quy định mới mỗi xe phải có 4 bình cứu hoả loại to. Vl mấy bố đầu tôm,,,,,,,,,,,"[96, 97, 106, 107, 108, 109, 110, 111, 112]","[[96, 98], [106, 113]]",Vl | đầu tôm,,,"[96, 97, 103, 104, 106, 107, 108, 110, 111, 112]","[[96, 98], [103, 105], [106, 109], [110, 113]]",Vl | bố | đầu | tôm,,partial_match,xlmr_token_classifier,96.0
vihos_dev_97,dev,Bạn nói như phát tự vả vào mồm bạn vậy! Tự chơi 1 mình đi chứ thế này đ ai dám chơi cùng,,,,,,,,,,,"[17, 18, 19, 20, 21, 27, 28, 29, 70]","[[17, 22], [27, 30], [70, 71]]",tự vả | mồm | đ,,,"[20, 21, 27, 28, 29, 70]","[[20, 22], [27, 30], [70, 71]]",vả | mồm | đ,,partial_match,xlmr_token_classifier,97.0
vihos_dev_100,dev,Nhìn cái mặt là k ưa r vênh vênh váo váo,,,,,,,,,,,"[16, 17, 18, 19, 23, 24, 25, 26, 27, 28, 29, 30, 31, 32, 33, 34, 35, 36, 37, 38, 39]","[[16, 20], [23, 40]]",k ưa | vênh vênh váo váo,,,"[16, 18, 19]","[[16, 17], [18, 20]]",k | ưa,,partial_match,xlmr_token_classifier,100.0
vihos_dev_107,dev,":v Chuyện quá là bình thường ở cái đất nước này. Con đường trước nhà t cũng thế, bị bẻ cong thành gấp khúc vì phải né cái bếp cũ nhà ông cựu phó chủ tịch huyện.",,,,,,,,,,,"[69, 115, 116, 117, 118, 119, 120, 121, 122, 123, 124, 125, 126, 127, 128, 129, 130, 131, 132, 133, 134, 135, 136, 137, 138, 139, 140, 141, 142, 143, 144, 145, 146, 147, 148, 149, 150, 151, 152, 153, 154, 155, 156, 157, 158]","[[69, 70], [115, 159]]",t | né cái bếp cũ nhà ông cựu phó chủ tịch huyện,,,"[69, 84, 85, 87, 88, 89, 90, 92, 93, 94, 95, 96, 98, 99, 100, 102, 103, 104, 105, 107, 108, 110, 111, 112, 113, 115, 116, 118, 119, 120, 122, 123, 124, 126, 127, 129, 130, 131, 133, 134, 135, 137, 138, 139, 141, 142, 143, 145, 146, 147, 149, 150, 151, 152]","[[69, 70], [84, 86], [87, 91], [92, 97], [98, 101], [102, 106], [107, 109], [110, 114], [115, 117], [118, 121], [122, 125], [126, 128], [129, 132], [133, 136], [137, 140], [141, 144], [145, 148], [149, 153]]",t | bẻ | cong | thành | gấp | khúc | vì | phải | né | cái | bếp | cũ | nhà | ông | cựu | phó | chủ | tịch,,partial_match,xlmr_token_classifier,107.0
vihos_dev_113,dev,Nhân ngày nhà giáo Việt Nam em cảm ơn thầy vì những giáo án xịn xò con bò,,,,,,,,,,,[],[],,,,"[64, 65, 67, 68, 69, 71, 72]","[[64, 66], [67, 70], [71, 73]]",xò | con | bò,,false_positive,xlmr_token_classifier,113.0
vihos_dev_115,dev,nghiệp nặng quá là chết đó nha cô,,,,,,,,,,,"[0, 1, 2, 3, 4, 5, 19, 20, 21, 22]","[[0, 6], [19, 23]]",nghiệp | chết,,,"[19, 20, 21, 22]","[[19, 23]]",chết,,partial_match,xlmr_token_classifier,115.0
vihos_dev_116,dev,nguoi ta co xau hay tot thi moi nguoi biet.  neu Co Hieu ko tot sao moi nguoi thich.  Dan ba gi ma cai mieng xau nhu vay cung co nguoi lay.,,,,,,,,,,,"[99, 100, 101, 102, 103, 104, 105, 106, 107, 108, 109, 110, 111, 112, 113, 114, 115, 116, 117, 118, 119, 120, 121, 122, 123, 124, 125, 126, 127, 128, 129, 130, 131, 132, 133, 134, 135, 136, 137]","[[99, 138]]",cai mieng xau nhu vay cung co nguoi lay,,,[111],"[[111, 112]]",u,,partial_match,xlmr_token_classifier,116.0
vihos_dev_117,dev,Bọn chống cộng đã già còn sợ chết,,,,,,,,,,,"[0, 1, 2, 26, 27, 28, 29, 30, 31, 32]","[[0, 3], [26, 33]]",Bọn | sợ chết,,,"[0, 1, 2, 4, 5, 6, 7, 8, 10, 11, 12, 13, 29, 30, 31, 32]","[[0, 3], [4, 9], [10, 14], [29, 33]]",Bọn | chống | cộng | chết,,partial_match,xlmr_token_classifier,117.0
vihos_dev_121,dev,Vay lồn vay lắm thế,,,,,,,,,,,"[4, 5, 6]","[[4, 7]]",lồn,,,"[2, 4, 5, 6]","[[2, 3], [4, 7]]",y | lồn,,partial_match,xlmr_token_classifier,121.0
vihos_dev_122,dev,"Ăn trộm 3 con chim của giám đốc sở bị đi tù 7 năm, còn thảm sát cả 1 thế hệ thì không ai sờ đến.",,,,,,,,,,,"[0, 1, 2, 3, 4, 5, 6, 38, 39, 40, 41, 42, 55, 56, 57, 58, 59, 60, 61, 62, 80, 81, 82, 83, 84, 85, 86, 87, 88, 89, 90, 91, 92, 93, 94]","[[0, 7], [38, 43], [55, 63], [80, 95]]",Ăn trộm | đi tù | thảm sát | không ai sờ đến,,,"[0, 1, 3, 4, 5, 6, 14, 15, 16, 41, 42, 55, 56, 57, 58, 60, 61, 62]","[[0, 2], [3, 7], [14, 17], [41, 43], [55, 59], [60, 63]]",Ăn | trộm | chi | tù | thảm | sát,,partial_match,xlmr_token_classifier,122.0
vihos_dev_124,dev,mỗi câu đấy nhai đi nhai lại trông chán vãi lồn,,,,,,,,,,,"[12, 13, 14, 15, 16, 17, 18, 19, 20, 21, 22, 23, 24, 25, 26, 27, 40, 41, 42, 43, 44, 45, 46]","[[12, 28], [40, 47]]",nhai đi nhai lại | vãi lồn,,,"[12, 13, 14, 15, 17, 18, 20, 21, 22, 23, 25, 26, 27, 40, 41, 42, 44, 45, 46]","[[12, 16], [17, 19], [20, 24], [25, 28], [40, 43], [44, 47]]",nhai | đi | nhai | lại | vãi | lồn,,partial_match,xlmr_token_classifier,124.0
vihos_dev_126,dev,Haiz! Vậy mà vẫn có mấy thằng ngu tin đảng! :)),,,,,,,,,,,"[24, 25, 26, 27, 28, 29, 30, 31, 32]","[[24, 33]]",thằng ngu,,,"[24, 25, 26, 27, 28, 30, 31, 32]","[[24, 29], [30, 33]]",thằng | ngu,,partial_match,xlmr_token_classifier,126.0
vihos_dev_127,dev,Toàn những ông vua k ngai nhưng đầy quyền lực và đặc biệt rất giàu..,,,,,,,,,,,[],[],,,,"[19, 21, 22, 23, 24]","[[19, 20], [21, 25]]",k | ngai,,false_positive,xlmr_token_classifier,127.0
vihos_dev_129,dev,ai kêu đi kím chuyện đá xéo minh hiếu trong khi ngta dell dụng j đến mình,,,,,,,,,,,"[21, 22, 23, 24, 25, 26, 53, 54, 55, 56]","[[21, 27], [53, 57]]",đá xéo | dell,,,"[21, 22, 24, 25, 26, 53, 54, 55, 56]","[[21, 23], [24, 27], [53, 57]]",đá | xéo | dell,,partial_match,xlmr_token_classifier,129.0
vihos_dev_130,dev,CÓ THẰNG THÔNG THẠO 29 THỨ TIẾNG LÀM CHỦ TỊCH PẮC PÓ,,,,,,,,,,,"[4, 5, 6, 7, 8, 9]","[[4, 10]]",THẰNG,,,"[54, 55, 56, 57]","[[54, 58]]",PẮC,,partial_match,xlmr_token_classifier,130.0
vihos_dev_131,dev,Nguyễn Mạnh Hưởng Cặn bã cái địt thag bố m =)),,,,,,,,,,,"[18, 19, 20, 21, 22, 23, 29, 30, 31, 32, 33, 34, 35, 36, 37, 38, 39, 40, 41]","[[18, 24], [29, 42]]",Cặn bã | địt thag bố m,,,"[18, 19, 20, 22, 23, 29, 30, 31, 33, 34, 35, 36, 38, 39, 41]","[[18, 21], [22, 24], [29, 32], [33, 37], [38, 40], [41, 42]]",Cặn | bã | địt | thag | bố | m,,partial_match,xlmr_token_classifier,131.0
vihos_dev_132,dev,Thằng đjên nào soạn thảo thế.,,,,,,,,,,,"[0, 1, 2, 3, 4, 5, 6, 7, 8, 9]","[[0, 10]]",Thằng đjên,,,"[0, 1, 2, 3, 4, 6, 7, 8, 9]","[[0, 5], [6, 10]]",Thằng | đjên,,partial_match,xlmr_token_classifier,132.0
vihos_dev_136,dev,"tào tháo - ""báo nói thế nào cứ suy ngược lại ắt chính xác"" :))))",,,,,,,,,,,[],[],,,,"[0, 1, 2, 4, 5, 6, 7]","[[0, 3], [4, 8]]",tào | tháo,,false_positive,xlmr_token_classifier,136.0
vihos_dev_141,dev,Thôi dmm khỏi làm đi. Để dân bọn tao đi ô tô khách cũng dc.,,,,,,,,,,,"[5, 6, 7, 29, 30, 31, 32, 33, 34, 35]","[[5, 8], [29, 36]]",dmm | bọn tao,,,"[5, 6, 7, 29, 30, 31, 33, 34, 35]","[[5, 8], [29, 32], [33, 36]]",dmm | bọn | tao,,partial_match,xlmr_token_classifier,141.0
vihos_dev_144,dev,Phan Linh chán đéo muốn nói luôn,,,,,,,,,,,"[10, 11, 12, 13, 14, 16, 17, 18, 19]","[[10, 15], [16, 20]]",chán | đéo,,,"[16, 17, 19]","[[16, 18], [19, 20]]",đe | o,,partial_match,xlmr_token_classifier,144.0
vihos_dev_145,dev,Phạm Dungx dũng cừi,,,,,,,,,,,[],[],,,,[17],"[[17, 18]]",ừ,,false_positive,xlmr_token_classifier,145.0
vihos_dev_146,dev,"Đu me mây cho vay tiên gop ma noi lam tư thiên, bơt sao lôn đi minh hiêu tui mây ăn chăn tiên tư thiên thi đung hơn",,,,,,,,,,,"[0, 1, 2, 3, 4, 6, 7, 8, 52, 53, 54, 55, 56, 57, 58, 73, 74, 75, 76, 77, 78, 79, 81, 82, 83, 84, 85, 86, 87]","[[0, 5], [6, 9], [52, 59], [73, 80], [81, 88]]",Đu me | mây | sao lôn | tui mây | ăn chăn,,,"[0, 1, 3, 4, 56, 57, 58, 73, 74, 75, 77, 78, 79, 81, 82, 84, 85, 86, 87]","[[0, 2], [3, 5], [56, 59], [73, 76], [77, 80], [81, 83], [84, 88]]",Đu | me | lôn | tui | mây | ăn | chăn,,partial_match,xlmr_token_classifier,146.0
vihos_dev_147,dev,thằng búa liềm nào mà không như thế này,,,,,,,,,,,"[0, 1, 2, 3, 4, 5, 6, 7, 8, 9, 10, 11, 12, 13]","[[0, 14]]",thằng búa liềm,,,"[0, 1, 2, 3, 4, 6, 7, 8, 10, 11, 12, 13]","[[0, 5], [6, 9], [10, 14]]",thằng | búa | liềm,,partial_match,xlmr_token_classifier,147.0
vihos_dev_148,dev,"Trước tôi cứ nghĩ rằng chỉ có quân vô lại,trộm cướp mới phải núp lùm chứ?Ai ngờ thế sự nhiễu nhương trộm cướp công khai còn......thì núp như chó.",,,,,,,,,,,"[30, 31, 32, 33, 34, 35, 36, 37, 38, 39, 40, 41, 42, 43, 44, 45, 46, 47, 48, 49, 50, 100, 101, 102, 103, 104, 105, 106, 107, 108, 109, 110, 111, 112, 113, 114, 115, 116, 117, 118, 119, 120, 121, 122, 123, 124, 125, 126, 127, 128, 129, 130, 131, 132, 133, 134, 135, 136, 137, 138, 139, 140, 141, 142, 143]","[[30, 51], [100, 144]]","quân vô lại,trộm cướp | trộm cướp công khai còn......thì núp như chó",,,"[42, 43, 44, 45, 47, 48, 49, 50, 87, 88, 89, 90, 91, 93, 94, 95, 96, 97, 98, 100, 101, 102, 103, 105, 106, 107, 108, 133, 134, 135, 137, 138, 139, 141, 142, 143]","[[42, 46], [47, 51], [87, 92], [93, 99], [100, 104], [105, 109], [133, 136], [137, 140], [141, 144]]",trộm | cướp | nhiễu | nhương | trộm | cướp | núp | như | chó,,partial_match,xlmr_token_classifier,148.0
vihos_dev_150,dev,"Vãi lồn, facebook từ 2009 tới 2013 mới bắt đầu chạy qc mà nói live bán 10 năm nay 😀 có xạo lồn quá không dạ",,,,,,,,,,,"[0, 1, 2, 3, 4, 5, 6, 87, 88, 89, 90, 91, 92, 93, 94, 95]","[[0, 7], [87, 96]]",Vãi lồn | xạo lồn,,,"[0, 1, 2, 4, 5, 6, 87, 88, 89, 90, 92, 93, 94, 95]","[[0, 3], [4, 7], [87, 91], [92, 96]]",Vãi | lồn | xạo | lồn,,partial_match,xlmr_token_classifier,150.0
vihos_dev_151,dev,"bọn Trung Cẩu mới vừa ra lệnh đốt sách bên tụi nó kìa, thấy quen chưa :))))",,,,,,,,,,,"[10, 11, 12, 43, 44, 45, 46, 47, 48]","[[10, 13], [43, 49]]",Cẩu | tụi nó,,,"[0, 1, 2, 4, 5, 6, 7, 8, 10, 11, 12, 30, 31, 32, 34, 35, 36, 37, 43, 44, 45, 47, 48]","[[0, 3], [4, 9], [10, 13], [30, 33], [34, 38], [43, 46], [47, 49]]",bọn | Trung | Cẩu | đốt | sách | tụi | nó,,partial_match,xlmr_token_classifier,151.0
vihos_dev_155,dev,Tại thằng ad làm đỉ quen rồi nên nó xem đó là việc làm cao cả í mà,,,,,,,,,,,"[4, 5, 6, 7, 8, 33, 34]","[[4, 9], [33, 35]]",thằng | nó,,,"[4, 5, 6, 7, 8, 17, 18, 33, 34]","[[4, 9], [17, 19], [33, 35]]",thằng | đỉ | nó,,partial_match,xlmr_token_classifier,155.0
vihos_dev_161,dev,Không có một thứ chủ nghĩa nào mà lại tàn phá đất nước và con người như chủ nghĩa này. Các bạn trẻ hãy luôn kiềm chế mình để sau mỗi cuộc hân hoan về bóng đá thì lại đem đau thương về gia đình của mình lâu dài.,,,,,,,,,,,"[13, 14, 15, 38, 39, 40, 41, 42, 43, 44, 170, 171, 172, 173, 174, 175, 176, 177, 178, 179]","[[13, 16], [38, 45], [170, 180]]",thứ | tàn phá | đau thương,,,"[13, 14, 15, 38, 39, 40, 42, 43, 44]","[[13, 16], [38, 41], [42, 45]]",thứ | tàn | phá,,partial_match,xlmr_token_classifier,161.0
vihos_dev_163,dev,Câm miệng,,,,,,,,,,,"[0, 1, 2, 3, 4, 5, 6, 7, 8]","[[0, 9]]",Câm miệng,,,"[0, 1, 2, 4, 5, 6, 7, 8]","[[0, 3], [4, 9]]",Câm | miệng,,partial_match,xlmr_token_classifier,163.0
vihos_dev_164,dev,Giống mấy ông trong trại thương điên ngôi nghịch kiến ấy .nhưng đây nghịch alone,,,,,,,,,,,"[20, 21, 22, 23, 24, 25, 26, 27, 28, 29, 30, 31, 32, 33, 34, 35]","[[20, 36]]",trại thương điên,,,"[25, 26, 27, 28, 29, 30, 32, 33, 34, 35, 37, 38, 39, 40, 42, 43, 44, 45, 46, 47, 49, 50, 51, 52, 68, 69, 70, 71, 72, 73, 75, 76, 77, 78, 79]","[[25, 31], [32, 36], [37, 41], [42, 48], [49, 53], [68, 74], [75, 80]]",thương | điên | ngôi | nghịch | kiến | nghịch | alone,,partial_match,xlmr_token_classifier,164.0
vihos_dev_166,dev,Chó để con linh cá lóc,,,,,,,,,,,"[0, 1, 2, 3, 4, 5, 7, 8, 9]","[[0, 6], [7, 10]]",Chó để | con,,,"[0, 1, 2]","[[0, 3]]",Chó,,partial_match,xlmr_token_classifier,166.0
vihos_dev_170,dev,ng kh có đạo đức,,,,,,,,,,,"[0, 1, 2, 3, 4, 5, 6, 7, 8, 9, 10, 11, 12, 13, 14, 15]","[[0, 16]]",ng kh có đạo đức,,,"[0, 1, 3, 4]","[[0, 2], [3, 5]]",ng | kh,,partial_match,xlmr_token_classifier,170.0
vihos_dev_171,dev,phục cái máu lồn,,,,,,,,,,,"[9, 10, 11, 12, 13, 14, 15]","[[9, 16]]",máu lồn,,,"[9, 10, 11, 13, 14, 15]","[[9, 12], [13, 16]]",máu | lồn,,partial_match,xlmr_token_classifier,171.0
vihos_dev_173,dev,Chúng mày đốt luôn đi cũng kệ con mẹ chúng mày,,,,,,,,,,,"[0, 1, 2, 3, 4, 5, 6, 7, 8, 10, 11, 12, 30, 31, 32, 33, 34, 35, 36, 37, 38, 39, 40, 41, 42, 43, 44, 45]","[[0, 9], [10, 13], [30, 46]]",Chúng mày | đốt | con mẹ chúng mày,,,"[0, 1, 2, 3, 4, 6, 7, 8, 10, 11, 12, 30, 31, 32, 34, 35, 37, 38, 39, 40, 41, 43, 44, 45]","[[0, 5], [6, 9], [10, 13], [30, 33], [34, 36], [37, 42], [43, 46]]",Chúng | mày | đốt | con | mẹ | chúng | mày,,partial_match,xlmr_token_classifier,173.0
vihos_dev_174,dev,Huyền Khánh Phùng chả vờ chả vịt :)),,,,,,,,,,,[],[],,,,"[18, 19, 20, 22, 23, 25, 26, 27, 29, 30, 31]","[[18, 21], [22, 24], [25, 28], [29, 32]]",chả | vờ | chả | vịt,,false_positive,xlmr_token_classifier,174.0
vihos_dev_176,dev,Tịch An đời thằng cầu thủ ở VN mà xuống phong độ là coi như ăn lz. Kkkk,,,,,,,,,,,"[12, 13, 14, 15, 16, 63, 64]","[[12, 17], [63, 65]]",thằng | lz,,,"[12, 13, 14, 15, 16, 34, 35, 36, 37, 38, 60, 61, 63, 64]","[[12, 17], [34, 39], [60, 62], [63, 65]]",thằng | xuống | ăn | lz,,partial_match,xlmr_token_classifier,176.0
vihos_dev_178,dev,"Sống như chó, nhà nhưng thích tuyên truyền.",,,,,,,,,,,"[9, 10, 11]","[[9, 12]]",chó,,,"[0, 1, 2, 3, 5, 6, 7, 9, 10, 11, 12, 14, 15, 16, 18, 19, 20, 21, 22, 24, 25, 26, 27, 28, 30, 31, 32, 33, 34, 36, 37, 38, 39, 40, 41]","[[0, 4], [5, 8], [9, 13], [14, 17], [18, 23], [24, 29], [30, 35], [36, 42]]","Sống | như | chó, | nhà | nhưng | thích | tuyên | truyền",,partial_match,xlmr_token_classifier,178.0
vihos_dev_179,dev,Đụ má mặt nhìn như đàn ông,,,,,,,,,,,"[0, 1, 2, 3, 4]","[[0, 5]]",Đụ má,,,"[0, 1, 3, 4, 6, 7, 8, 10, 11, 12, 13, 15, 16, 17, 19, 20, 21, 23, 24, 25]","[[0, 2], [3, 5], [6, 9], [10, 14], [15, 18], [19, 22], [23, 26]]",Đụ | má | mặt | nhìn | như | đàn | ông,,partial_match,xlmr_token_classifier,179.0
vihos_dev_185,dev,@Sơn Hoàng học hành đi má~ về nhà r cày view nha ;),,,,,,,,,,,[],[],,,,"[23, 24]","[[23, 25]]",má,,false_positive,xlmr_token_classifier,185.0
vihos_dev_188,dev,Ở gần nhà có ông bị khùng chuyên mang quần trong dài hơn quần ngoài như vậy đi ngoài đường. Tính ra gu ăn mặc của a Tiệp còn đi sau cả ông khùng xóm e,,,,,,,,,,,"[17, 18, 19, 20, 21, 22, 23, 24, 100, 101, 102, 103, 104, 105, 106, 107, 108, 109, 110, 111, 112, 113, 114, 115, 116, 117, 118, 119, 120, 121, 122, 123, 124, 125, 126, 127, 128, 129, 130, 131, 132, 133, 134, 135, 136, 137, 138, 139, 140, 141, 142, 143, 144, 145, 146, 147, 148, 149]","[[17, 25], [100, 150]]",bị khùng | gu ăn mặc của a Tiệp còn đi sau cả ông khùng xóm e,,,"[20, 21, 22, 23, 24, 38, 39, 40, 41, 43, 44, 45, 46, 47, 49, 50, 51, 53, 54, 55, 57, 58, 59, 60, 62, 63, 64, 65, 66, 100, 101, 128, 129, 130, 139, 140, 141, 142, 143]","[[20, 25], [38, 42], [43, 48], [49, 52], [53, 56], [57, 61], [62, 67], [100, 102], [128, 131], [139, 144]]",khùng | quần | trong | dài | hơn | quần | ngoài | gu | sau | khùng,,partial_match,xlmr_token_classifier,188.0
vihos_dev_196,dev,Lũ ác quỷ tàn ác với dân,,,,,,,,,,,"[0, 1, 2, 3, 4, 5, 6, 7, 8, 9, 10, 11, 12, 13, 14, 15]","[[0, 16]]",Lũ ác quỷ tàn ác,,,"[0, 1, 3, 4, 6, 7, 8, 10, 11, 12, 14, 15]","[[0, 2], [3, 5], [6, 9], [10, 13], [14, 16]]",Lũ | ác | quỷ | tàn | ác,,partial_match,xlmr_token_classifier,196.0
vihos_dev_197,dev,chơi là phải chơi ngàn tỷ :v đại gia dân đứng sau chống lưng mà lo gì kk,,,,,,,,,,,[],[],,,,"[41, 42, 43, 44, 46, 47, 48, 50, 51, 52, 53, 54, 56, 57, 58, 59]","[[41, 45], [46, 49], [50, 55], [56, 60]]",đứng | sau | chống | lưng,,false_positive,xlmr_token_classifier,197.0
vihos_dev_201,dev,Trần Bắc Hà cũng chết trong tù đó!,,,,,,,,,,,"[17, 18, 19, 20]","[[17, 21]]",chết,,,"[17, 18, 19, 20, 28, 29]","[[17, 21], [28, 30]]",chết | tù,,partial_match,xlmr_token_classifier,201.0
vihos_dev_202,dev,Ai muốn thoát kiếp,,,,,,,,,,,[],[],,,,"[8, 9, 10, 11, 12, 14, 15, 16, 17]","[[8, 13], [14, 18]]",thoát | kiếp,,false_positive,xlmr_token_classifier,202.0
vihos_dev_203,dev,Độ khuyên mn ủng hộ cho sếp hơn view của bọn chó BTS đi :3,,,,,,,,,,,"[41, 42, 43, 44, 45, 46, 47]","[[41, 48]]",bọn chó,,,"[41, 42, 43, 45, 46, 47]","[[41, 44], [45, 48]]",bọn | chó,,partial_match,xlmr_token_classifier,203.0
vihos_dev_208,dev,"Hẳn là thi công k chuẩn =)) cười vỡ cmn bụng, cái đcm chúng mày lắm nữa nhiều lí do vcl.",,,,,,,,,,,"[36, 37, 38, 50, 51, 52, 54, 55, 56, 57, 58, 59, 60, 61, 62, 84, 85, 86]","[[36, 39], [50, 53], [54, 63], [84, 87]]",cmn | đcm | chúng mày | vcl,,,"[36, 37, 38, 50, 51, 52, 54, 55, 56, 57, 58, 60, 61, 62, 84, 85, 86]","[[36, 39], [50, 53], [54, 59], [60, 63], [84, 87]]",cmn | đcm | chúng | mày | vcl,,partial_match,xlmr_token_classifier,208.0
vihos_dev_209,dev,Tuấn Mạnh :))) Nhật nổi tiếng biến thái mà,,,,,,,,,,,"[30, 31, 32, 33, 34, 35, 36, 37, 38]","[[30, 39]]",biến thái,,,"[30, 31, 32, 33, 35, 36, 37, 38]","[[30, 34], [35, 39]]",biến | thái,,partial_match,xlmr_token_classifier,209.0
vihos_dev_211,dev,"Hương Quỳnh ai mà dạy đc T đâu e, tự T mà ra đó",,,,,,,,,,,[],[],,,,"[25, 37]","[[25, 26], [37, 38]]",T | T,,false_positive,xlmr_token_classifier,211.0
vihos_dev_212,dev,Làm riết thấy chán. Lên cao thủ lẹ đi ông già,,,,,,,,,,,"[38, 39, 40, 41, 42, 43, 44]","[[38, 45]]",ông già,,,[],[],,,false_negative,xlmr_token_classifier,212.0
vihos_dev_213,dev,"Có rất nhiều kẻ vĩ cuồng, chúng dọn cho mình những cỗ quan tài đẹp nhất, những lăng mộ hàng ngàn hecta, lăng tẩm lộng lẫy. Chúng quên rằng, chúng chỉ nhất thời, người đời phỉ nhổ vào chúng, con cháu dòng họ chúng mang nhục. Tượng đài thực sự là những gì để lại muôn đời và do chính nhân dân dựng lên để kính nhớ.",,,,,,,,,,,"[13, 14, 26, 27, 28, 29, 30, 51, 52, 53, 54, 55, 56, 57, 58, 59, 60, 61, 79, 80, 81, 82, 83, 84, 85, 123, 124, 125, 126, 127, 140, 141, 142, 143, 144, 171, 172, 173, 174, 175, 176, 177, 183, 184, 185, 186, 187, 207, 208, 209, 210, 211, 218, 219, 220, 221]","[[13, 15], [26, 31], [51, 62], [79, 86], [123, 128], [140, 145], [171, 178], [183, 188], [207, 212], [218, 222]]",kẻ | chúng | cỗ quan tài | lăng mộ | Chúng | chúng | phỉ nhổ | chúng | chúng | nhục,,,"[13, 14, 16, 17, 19, 20, 21, 22, 23, 26, 27, 28, 29, 30, 123, 124, 125, 126, 127, 140, 141, 142, 143, 144, 171, 172, 173, 175, 176, 177, 183, 184, 185, 186, 187, 207, 208, 209, 210, 211, 213, 214, 215, 216, 218, 219, 220, 221]","[[13, 15], [16, 18], [19, 24], [26, 31], [123, 128], [140, 145], [171, 174], [175, 178], [183, 188], [207, 212], [213, 217], [218, 222]]",kẻ | vĩ | cuồng | chúng | Chúng | chúng | phỉ | nhổ | chúng | chúng | mang | nhục,,partial_match,xlmr_token_classifier,213.0
vihos_dev_218,dev,"Trước kia: Cái vụ nón bảo hiểm cũg bọn điên chúng bây đợi ra luật rồi đổ xô đi mua, làm cho khan hiếm hàng. Tíh mạg của mìh ko lo đợi khi ép buộc rồi đổ xô đi mua, tự mìh làm khổ mình. Đúg là ngu vải. Mai là lúc đó thằng ad chưa mọc răng thôi lúc nón bảo hiểm ấy nó sẻ sủa cho xem",,,,,,,,,,,"[35, 36, 37, 38, 39, 40, 41, 42, 44, 45, 46, 47, 48, 49, 50, 51, 52, 192, 193, 194, 195, 196, 197, 198, 215, 216, 217, 218, 219, 263, 264, 269, 270, 271]","[[35, 43], [44, 53], [192, 199], [215, 220], [263, 265], [269, 272]]",bọn điên | chúng bây | ngu vải | thằng | nó | sủa,,,"[35, 36, 37, 39, 40, 41, 42, 44, 45, 46, 47, 48, 50, 51, 52, 112, 192, 193, 194, 196, 197, 198, 215, 216, 217, 218, 219, 224, 225, 226, 227, 229, 230, 231, 233, 234, 235, 236, 263, 264, 269, 270, 271]","[[35, 38], [39, 43], [44, 49], [50, 53], [112, 113], [192, 195], [196, 199], [215, 220], [224, 228], [229, 232], [233, 237], [263, 265], [269, 272]]",bọn | điên | chúng | bây | m | ngu | vải | thằng | chưa | mọc | răng | nó | sủa,,partial_match,xlmr_token_classifier,218.0
vihos_dev_219,dev,Anh anh cái củ cc đấm vào mỏm cmm giờ,,,,,,,,,,,"[12, 13, 14, 15, 16, 18, 19, 20, 26, 27, 28, 30, 31, 32]","[[12, 17], [18, 21], [26, 29], [30, 33]]",củ cc | đấm | mỏm | cmm,,,"[12, 13, 15, 16, 20, 26, 27, 28, 30, 31, 32]","[[12, 14], [15, 17], [20, 21], [26, 29], [30, 33]]",củ | cc | m | mỏm | cmm,,partial_match,xlmr_token_classifier,219.0
vihos_dev_220,dev,Lủ ngu ko nhận ra. Thế nếu như thằg chó ad bảo COCC gì đấy thì báo chí sao dám phản ánh? Mày có chắc 100% rằng ông đó dạo và dân đúng ko?,,,,,,,,,,,"[0, 1, 2, 3, 4, 5, 31, 32, 33, 34, 35, 36, 37, 38, 49, 50, 89, 90, 91]","[[0, 6], [31, 39], [49, 51], [89, 92]]",Lủ ngu | thằg chó | CC | Mày,,,"[0, 1, 3, 4, 5, 31, 32, 33, 34, 36, 37, 38, 47, 48, 49, 50, 89, 90, 91]","[[0, 2], [3, 6], [31, 35], [36, 39], [47, 51], [89, 92]]",Lủ | ngu | thằg | chó | COCC | Mày,,partial_match,xlmr_token_classifier,220.0
vihos_dev_224,dev,KimThy Lê sao bít cu nta tí hon,,,,,,,,,,,"[18, 19]","[[18, 20]]",cu,,,[],[],,,false_negative,xlmr_token_classifier,224.0
vihos_dev_228,dev,Tiên tri gì nói xàm chết mẹ,,,,,,,,,,,"[16, 17, 18, 20, 21, 22, 23, 24, 25, 26]","[[16, 19], [20, 27]]",xàm | chết mẹ,,,"[16, 17, 18, 20, 21, 22, 23, 25, 26]","[[16, 19], [20, 24], [25, 27]]",xàm | chết | mẹ,,partial_match,xlmr_token_classifier,228.0
vihos_dev_230,dev,Bị khùng r 🤪😨 Nói tiền nhiều mà giựt tiền cô minh hiếu 🤣🤣,,,,,,,,,,,"[0, 1, 2, 3, 4, 5, 6, 7, 18, 19, 20, 21, 22, 23, 24, 25, 26, 27, 28, 29, 30, 31, 32, 33, 34, 35, 36, 37, 38, 39, 40]","[[0, 8], [18, 41]]",Bị khùng | tiền nhiều mà giựt tiền,,,"[3, 4, 5, 6, 7, 34, 35]","[[3, 8], [34, 36]]",khùng | ựt,,partial_match,xlmr_token_classifier,230.0
vihos_dev_236,dev,Có chữ nào đâu! Mua bằng thì đúng hơn,,,,,,,,,,,"[16, 17, 18, 19, 20, 21, 22, 23]","[[16, 24]]",Mua bằng,,,[],[],,,false_negative,xlmr_token_classifier,236.0
vihos_dev_239,dev,Con điên này ghê,,,,,,,,,,,"[0, 1, 2, 3, 4, 5, 6, 7, 8, 9, 10, 11, 12, 13, 14, 15]","[[0, 16]]",Con điên này ghê,,,"[0, 1, 2, 4, 5, 6, 7]","[[0, 3], [4, 8]]",Con | điên,,partial_match,xlmr_token_classifier,239.0
vihos_dev_241,dev,"Cái page này phản động đấy, ad súc vật biết cc j đâu",,,,,,,,,,,"[13, 14, 15, 16, 17, 18, 19, 20, 21, 31, 32, 33, 34, 35, 36, 37, 44, 45]","[[13, 22], [31, 38], [44, 46]]",phản động | súc vật | cc,,,"[13, 14, 15, 16, 18, 19, 20, 21, 31, 32, 33, 35, 36, 37, 44, 45]","[[13, 17], [18, 22], [31, 34], [35, 38], [44, 46]]",phản | động | súc | vật | cc,,partial_match,xlmr_token_classifier,241.0
vihos_dev_243,dev,Mặt nó lại ngáo 🤣,,,,,,,,,,,[],[],,,,"[4, 5, 11, 12, 13, 14]","[[4, 6], [11, 15]]",nó | ngáo,,false_positive,xlmr_token_classifier,243.0
vihos_dev_246,dev,"BiẾt thì làm gì hả lũ ngu. Ngoài biển đảo đọ súng, bị tàu khựa nó bắn là chn xảy ra như cơm bữa. Ngon thì vác súng ra mà giữ đảo :)) xem có dám ra không",,,,,,,,,,,"[19, 20, 21, 22, 23, 24, 54, 55, 56, 57, 58, 59, 60, 61, 63, 64, 66, 67, 68, 97, 98, 99, 100, 101, 102, 103, 104, 105, 106, 107, 108, 109, 110, 111, 112, 113, 140, 141, 142]","[[19, 25], [54, 62], [63, 65], [66, 69], [97, 114], [140, 143]]",lũ ngu | tàu khựa | nó | bắn | Ngon thì vác súng | dám,,,"[19, 20, 22, 23, 24, 43, 45, 46, 47, 48, 54, 55, 56, 58, 59, 60, 61, 63, 64, 66, 67, 68, 137, 138, 140, 141, 142, 144, 145]","[[19, 21], [22, 25], [43, 44], [45, 49], [54, 57], [58, 62], [63, 65], [66, 69], [137, 139], [140, 143], [144, 146]]",lũ | ngu | ọ | súng | tàu | khựa | nó | bắn | có | dám | ra,,partial_match,xlmr_token_classifier,246.0
vihos_dev_247,dev,"Nguyên nhân chỉnh sửa chữ bố láo gây nhầm lần hiểu nhầm,số thứ tự gây xáo trộn mất thời gian vào những việc vô ích, còn gọi ruồi bu,suy ra độc tài là những kẻ ăn cắp thời gian láo nếu nhất gốc vẫn là cái búa liềm ám dân tộc ,triệu hồi hitler sống dậy...😅",,,,,,,,,,,"[26, 27, 28, 29, 30, 31, 124, 125, 126, 127, 128, 129, 130, 139, 140, 141, 142, 143, 144, 145, 146, 147, 148, 149, 150, 151, 152, 153, 154, 155, 156, 157, 158, 159, 160, 161, 162, 163, 164, 165, 166, 167, 168, 169, 170, 171, 172, 173, 174, 175, 176, 177, 178, 179, 180, 181, 182, 213, 214, 225, 226, 227, 228, 229, 230, 231, 232, 233, 234, 235, 236, 237, 238, 239, 240, 241, 242, 243, 244, 245, 246, 247, 248, 249]","[[26, 32], [124, 131], [139, 183], [213, 215], [225, 250]]",bố láo | ruồi bu | độc tài là những kẻ ăn cắp thời gian láo nếu | ám | triệu hồi hitler sống dậy,,,"[26, 27, 29, 30, 31, 108, 109, 124, 125, 126, 127, 129, 130, 132, 133, 134, 136, 137, 139, 140, 141, 143, 144, 145, 156, 157, 159, 160, 162, 163, 164, 176, 177, 178, 204, 205, 206, 208, 209, 210, 211, 213, 214]","[[26, 28], [29, 32], [108, 110], [124, 128], [129, 131], [132, 135], [136, 138], [139, 142], [143, 146], [156, 158], [159, 161], [162, 165], [176, 179], [204, 207], [208, 212], [213, 215]]",bố | láo | vô | ruồi | bu | suy | ra | độc | tài | kẻ | ăn | cắp | láo | búa | liềm | ám,,partial_match,xlmr_token_classifier,247.0
vihos_dev_249,dev,Thằng này nó nghĩ nó là ai. Không cách ly thì cút qua nước khác mà sống.,,,,,,,,,,,"[0, 1, 2, 3, 4, 18, 19, 46, 47, 48]","[[0, 5], [18, 20], [46, 49]]",Thằng | nó | cút,,,"[0, 1, 2, 3, 4, 10, 11, 18, 19, 46, 47, 48]","[[0, 5], [10, 12], [18, 20], [46, 49]]",Thằng | nó | nó | cút,,partial_match,xlmr_token_classifier,249.0
vihos_dev_250,dev,Nguyễn Thành Nhân nói dân chí thấp thì cũng không phải. Đ hiểu kiểu gì =)))),,,,,,,,,,,[56],"[[56, 57]]",Đ,,,"[22, 23, 24, 26, 27, 28, 30, 31, 32, 33, 35, 36, 37, 39, 40, 41, 42, 50, 51, 52, 53, 56]","[[22, 25], [26, 29], [30, 34], [35, 38], [39, 43], [50, 54], [56, 57]]",dân | chí | thấp | thì | cũng | phải | Đ,,partial_match,xlmr_token_classifier,250.0
vihos_dev_252,dev,chẳng bảo sao việt nam gần đây ung thư càng tăng,,,,,,,,,,,"[0, 1, 2, 3, 4, 5, 6, 7, 8, 9, 10, 11, 12, 13, 14, 15, 16, 17, 18, 19, 20, 21, 22, 23, 24, 25, 26, 27, 28, 29, 30, 31, 32, 33, 34, 35, 36, 37, 38, 39, 40, 41, 42, 43, 44, 45, 46, 47]","[[0, 48]]",chẳng bảo sao việt nam gần đây ung thư càng tăng,,,[],[],,,false_negative,xlmr_token_classifier,252.0
vihos_dev_253,dev,Mầm mống tai họa của xã hội,,,,,,,,,,,"[9, 10, 11, 12, 13, 14, 15]","[[9, 16]]",tai họa,,,"[2, 4, 5, 6, 7, 9, 10, 11, 13, 14, 15]","[[2, 3], [4, 8], [9, 12], [13, 16]]",m | mống | tai | họa,,partial_match,xlmr_token_classifier,253.0
vihos_dev_254,dev,Đệt cmm 😃,,,,,,,,,,,"[0, 1, 2, 3, 4, 5, 6]","[[0, 7]]",Đệt cmm,,,"[0, 1, 2, 4, 5, 6]","[[0, 3], [4, 7]]",Đệt | cmm,,partial_match,xlmr_token_classifier,254.0
vihos_dev_257,dev,MÁY CON ĐIÊN NẦY SAO KHÔNG AI NHỐT LẠI ĐỂ LOẠN HẾT,,,,,,,,,,,"[4, 5, 6, 7, 8, 9, 10, 11, 30, 31, 32, 33, 42, 43, 44, 45, 46, 47, 48, 49]","[[4, 12], [30, 34], [42, 50]]",CON ĐIÊN | NHỐT | LOẠN HẾT,,,"[42, 43, 44, 45, 47, 48, 49]","[[42, 46], [47, 50]]",LOẠN | HẾT,,partial_match,xlmr_token_classifier,257.0
vihos_dev_258,dev,và đây là những đứa đéo có não :),,,,,,,,,,,"[16, 17, 18, 19, 20, 21, 22, 23, 24, 25, 26, 27, 28, 29]","[[16, 30]]",đứa đéo có não,,,"[16, 17, 18, 20, 21, 22, 24, 25, 27, 28, 29]","[[16, 19], [20, 23], [24, 26], [27, 30]]",đứa | đéo | có | não,,partial_match,xlmr_token_classifier,258.0
vihos_dev_261,dev,Một thanh niên rảnh lol cho hay. Dkm nhà mày nó có tiền nó có của nó muốn làm sao nó làm nó ko bỏ ra 500tr nó quyên góp nó kêu gọi quyên góp thì lấy lol đâu ra ng quyên góp thiết nghĩ mày kêu gọi quyên góp thì chắc đk đồng lol nào mà phán loại mày nổi tiếng như nó chắc j đã cho dân đk đồng lol nào . Nên đã ko có cho thì đừng đáp cứt hội đồng rảnh lol,,,,,,,,,,,"[20, 21, 22, 33, 34, 35, 41, 42, 43, 45, 46, 56, 57, 66, 67, 82, 83, 89, 90, 107, 108, 120, 121, 149, 150, 151, 184, 185, 186, 224, 225, 226, 240, 241, 242, 243, 244, 245, 246, 247, 263, 264, 292, 293, 294, 328, 329, 330, 331, 332, 333, 334, 350, 351, 352]","[[20, 23], [33, 36], [41, 44], [45, 47], [56, 58], [66, 68], [82, 84], [89, 91], [107, 109], [120, 122], [149, 152], [184, 187], [224, 227], [240, 248], [263, 265], [292, 295], [328, 335], [350, 353]]",lol | Dkm | mày | nó | nó | nó | nó | nó | nó | nó | lol | mày | lol | loại mày | nó | lol | đáp cứt | lol,,,"[20, 21, 22, 33, 34, 35, 41, 42, 43, 45, 46, 56, 57, 66, 67, 82, 83, 89, 90, 107, 108, 120, 121, 149, 150, 151, 184, 185, 186, 224, 225, 226, 240, 241, 242, 243, 245, 246, 247, 263, 264, 292, 293, 294, 332, 333, 334, 350, 351, 352]","[[20, 23], [33, 36], [41, 44], [45, 47], [56, 58], [66, 68], [82, 84], [89, 91], [107, 109], [120, 122], [149, 152], [184, 187], [224, 227], [240, 244], [245, 248], [263, 265], [292, 295], [332, 335], [350, 353]]",lol | Dkm | mày | nó | nó | nó | nó | nó | nó | nó | lol | mày | lol | loại | mày | nó | lol | cứt | lol,,partial_match,xlmr_token_classifier,261.0
vihos_dev_263,dev,Biết thế thì im cmm mồm đi. Lại còn đòi dân chủ hóa. Đm thg tàu nó mà bóp thì chỉ có chết. Biết điều nó còn tha cho. Bật nó hỏi xem có thg dân chủ nào ở cạnh mà cầu cứu k. Toàn mấy thg xàm,,,,,,,,,,,"[13, 14, 15, 16, 17, 18, 19, 20, 21, 22, 53, 54, 56, 57, 58, 64, 65, 70, 71, 72, 85, 86, 87, 88, 101, 102, 121, 122, 135, 136, 137, 181, 182, 183, 185, 186, 187]","[[13, 23], [53, 55], [56, 59], [64, 66], [70, 73], [85, 89], [101, 103], [121, 123], [135, 138], [181, 184], [185, 188]]",im cmm mồm | Đm | thg | nó | bóp | chết | nó | nó | thg | thg | xàm,,,"[13, 14, 16, 17, 18, 20, 21, 22, 53, 54, 64, 65, 70, 71, 72, 85, 86, 87, 88, 101, 102, 121, 122, 181, 182, 183, 185, 186, 187]","[[13, 15], [16, 19], [20, 23], [53, 55], [64, 66], [70, 73], [85, 89], [101, 103], [121, 123], [181, 184], [185, 188]]",im | cmm | mồm | Đm | nó | bóp | chết | nó | nó | thg | xàm,,partial_match,xlmr_token_classifier,263.0
vihos_dev_264,dev,bất đồng chính kiến là tụi thân trung cộng ghép tội VN phản động.... khốn nạn bọn chó+svn,,,,,,,,,,,"[23, 24, 25, 26, 27, 28, 29, 30, 31, 32, 33, 34, 35, 36, 37, 38, 39, 40, 41, 55, 56, 57, 58, 59, 60, 61, 62, 63, 69, 70, 71, 72, 73, 74, 75, 76, 78, 79, 80, 81, 82, 83, 84, 85, 86, 87, 88]","[[23, 42], [55, 64], [69, 77], [78, 89]]",tụi thân trung cộng | phản động | khốn nạn | bọn chó+svn,,,"[23, 24, 25, 27, 28, 29, 30, 32, 33, 34, 35, 36, 38, 39, 40, 41, 55, 56, 57, 58, 60, 61, 62, 63, 69, 70, 71, 72, 74, 75, 76, 78, 79, 80, 82, 83, 84, 85, 86, 87, 88]","[[23, 26], [27, 31], [32, 37], [38, 42], [55, 59], [60, 64], [69, 73], [74, 77], [78, 81], [82, 89]]",tụi | thân | trung | cộng | phản | động | khốn | nạn | bọn | chó+svn,,partial_match,xlmr_token_classifier,264.0
vihos_dev_266,dev,b52 ơi lứng quá B52 i,,,,,,,,,,,[],[],,,,"[7, 8, 9, 10]","[[7, 11]]",lứng,,false_positive,xlmr_token_classifier,266.0
vihos_dev_268,dev,"nhỏ nầy nói chuyện ngong cuồng ,mày có làm đc hôn",,,,,,,,,,,"[0, 1, 2, 19, 20, 21, 22, 23, 24, 25, 26, 27, 28, 29, 32, 33, 34]","[[0, 3], [19, 30], [32, 35]]",nhỏ | ngong cuồng | mày,,,"[0, 1, 2, 19, 20, 21, 22, 23, 25, 26, 27, 28, 29, 32, 33, 34]","[[0, 3], [19, 24], [25, 30], [32, 35]]",nhỏ | ngong | cuồng | mày,,partial_match,xlmr_token_classifier,268.0
vihos_dev_269,dev,Bú mạnh,,,,,,,,,,,"[0, 1]","[[0, 2]]",Bú,,,[],[],,,false_negative,xlmr_token_classifier,269.0
vihos_dev_270,dev,Phuk cho mụ Tiến về làm trưởng ban chăm sóc sức khỏe cho cán bộ. Ahihi,,,,,,,,,,,"[9, 10, 20, 21, 22, 23, 24, 25, 26, 27, 28, 29, 30, 31, 32, 33, 34, 35, 36, 37, 38, 39, 40, 41, 42, 43, 44, 45, 46, 47, 48, 49, 50, 51, 52, 53, 54, 55, 56, 57, 58, 59, 60, 61, 62]","[[9, 11], [20, 63]]",mụ | làm trưởng ban chăm sóc sức khỏe cho cán bộ,,,[],[],,,false_negative,xlmr_token_classifier,270.0
vihos_dev_271,dev,Vũ Thanh Huyền Vậy bạn đã làm đc cái con cặc gì lớn lao để thể hiện tình yêu nước của bạn chưa?,,,,,,,,,,,"[26, 27, 28, 29, 30, 31, 32, 33, 34, 35, 36, 37, 38, 39, 40, 41, 42, 43]","[[26, 44]]",làm đc cái con cặc,,,"[37, 38, 39, 41, 42, 43]","[[37, 40], [41, 44]]",con | cặc,,partial_match,xlmr_token_classifier,271.0
vihos_dev_275,dev,:>>>>>> taocutaodiia :)))) nghiệp quá cô 3 ư :>>,,,,,,,,,,,"[8, 9, 10, 13, 14, 15, 18, 19, 27, 28, 29, 30, 31, 32]","[[8, 11], [13, 16], [18, 20], [27, 33]]",tao | tao | ia | nghiệp,,,"[8, 9, 10]","[[8, 11]]",tao,,partial_match,xlmr_token_classifier,275.0
vihos_dev_276,dev,Toi ma biet cong tu kinh doanh cai gi thi tay chay san pham do .that xau ho,,,,,,,,,,,"[12, 13, 14, 15, 16, 17, 18, 19, 20, 21, 22, 23, 24, 25, 26, 27, 28, 29, 30, 31, 32, 33, 34, 35, 36, 37, 38, 39, 40, 41, 42, 43, 44, 45, 46, 47, 48, 49, 50, 51, 52, 53, 54, 55, 56, 57, 58, 59, 60, 61]","[[12, 62]]",cong tu kinh doanh cai gi thi tay chay san pham do,,,"[2, 55, 56, 57, 58, 60, 61, 69, 70, 71]","[[2, 3], [55, 59], [60, 62], [69, 72]]",i | pham | do | xau,,partial_match,xlmr_token_classifier,276.0
vihos_dev_279,dev,Ý thức như cđb 😀,,,,,,,,,,,"[0, 1, 2, 3, 4, 5, 6, 7, 8, 9, 10, 11, 12, 13]","[[0, 14]]",Ý thức như cđb,,,"[0, 2, 3, 4, 5, 7, 8, 9, 11, 12, 13]","[[0, 1], [2, 6], [7, 10], [11, 14]]",Ý | thức | như | cđb,,partial_match,xlmr_token_classifier,279.0
vihos_dev_280,dev,Vã lắm r,,,,,,,,,,,[],[],,,,"[0, 1]","[[0, 2]]",Vã,,false_positive,xlmr_token_classifier,280.0
vihos_dev_281,dev,Da.n ban khong trung. De bua nao qua Cali thu*? pho^?i ong Tr D coi trung khong. Co chem thi 1 nhat thi 8 Tr D cung di doi thoi.,,,,,,,,,,,"[0, 1, 2, 3, 4, 5, 6, 7, 33, 34, 35, 36, 37, 38, 39, 40, 41, 42, 43, 44, 45, 46, 47, 48, 49, 50, 51, 52, 53, 54, 55, 56, 57, 58, 59, 60, 61, 62, 63, 64, 65, 66, 67, 68, 69, 70, 71, 72, 73, 74, 75, 76, 77, 78, 81, 82, 83, 84, 85, 86, 87, 88, 89, 90, 91, 92, 93, 94, 95, 96, 97, 98, 99, 100, 101, 102, 103, 104, 105, 106, 107, 108, 109, 110, 111, 112, 113, 114, 115, 116, 117, 118, 119, 120, 121, 122, 123, 124, 125, 126]","[[0, 8], [33, 79], [81, 127]]",Da.n ban | qua Cali thu*? pho^?i ong Tr D coi trung khong | Co chem thi 1 nhat thi 8 Tr D cung di doi thoi,,,"[84, 85, 86, 87]","[[84, 88]]",chem,,partial_match,xlmr_token_classifier,281.0
vihos_dev_282,dev,Thề chứ 2 bố con nhà này ghép mặt nhau là hợp lí vlone,,,,,,,,,,,"[49, 50, 51, 52, 53]","[[49, 54]]",vlone,,,"[13, 14, 15, 25, 26, 27, 28, 30, 31, 32, 49, 50, 51, 52, 53]","[[13, 16], [25, 29], [30, 33], [49, 54]]",con | ghép | mặt | vlone,,partial_match,xlmr_token_classifier,282.0
vihos_dev_283,dev,Bọn nó bán nước hết rồi. Chế độ độc tài độc đảng thì không 1 cơ chế nào có thể ngăn bọn chúng bán nước cả .,,,,,,,,,,,"[0, 1, 2, 3, 4, 5, 7, 8, 9, 10, 11, 12, 13, 14, 32, 33, 34, 35, 36, 37, 38, 39, 40, 41, 42, 43, 44, 45, 46, 47, 84, 85, 86, 87, 88, 89, 90, 91, 92, 94, 95, 96, 97, 98, 99, 100, 101]","[[0, 6], [7, 15], [32, 48], [84, 93], [94, 102]]",Bọn nó | bán nước | độc tài độc đảng | bọn chúng | bán nước,,,"[0, 1, 2, 4, 5, 7, 8, 9, 11, 12, 13, 14, 84, 85, 86, 88, 89, 90, 91, 92, 94, 95, 96, 98, 99, 100, 101]","[[0, 3], [4, 6], [7, 10], [11, 15], [84, 87], [88, 93], [94, 97], [98, 102]]",Bọn | nó | bán | nước | bọn | chúng | bán | nước,,partial_match,xlmr_token_classifier,283.0
vihos_dev_284,dev,Hoàng Thiện đạo đức mình đéo khá hơn nhưng mình cũng biết like dạo hoặc buồn :v con hơn các bạn nếu đéo thích thì like dạo hoặc xem chùa ko cần vào thả haha ngta đăng để đọc và biết điều chứ đéo phải vào thả haha trước sự lo lắng của toàn dân,,,,,,,,,,,"[25, 26, 27, 84, 85, 86, 87, 88, 89, 90, 91, 92, 93, 94, 100, 101, 102, 191, 192, 193]","[[25, 28], [84, 95], [100, 103], [191, 194]]",đéo | hơn các bạn | đéo | đéo,,,"[25, 26, 27, 100, 101, 102, 191, 192, 193]","[[25, 28], [100, 103], [191, 194]]",đéo | đéo | đéo,,partial_match,xlmr_token_classifier,284.0
vihos_dev_285,dev,Co oi mieng linh nhu lon nguoi ta co thang vay do co,,,,,,,,,,,"[21, 22, 23, 24, 25, 26, 27, 28, 29, 30, 31, 32, 33, 34, 35, 36, 37, 38, 39, 40, 41]","[[21, 42]]",lon nguoi ta co thang,,,"[21, 22, 23]","[[21, 24]]",lon,,partial_match,xlmr_token_classifier,285.0
vihos_dev_286,dev,So dien thoai con ne 01265675201,,,,,,,,,,,[],[],,,,"[3, 4, 5, 6]","[[3, 7]]",dien,,false_positive,xlmr_token_classifier,286.0
vihos_dev_287,dev,"Cncs là quái thai của nhân loại, nó có sức mạnh không thế lực nào có thể tiêu diệt được, trừ chính nó ! Câu nói của một người nổi tiếng và đã được lịch sử xác định",,,,,,,,,,,"[0, 1, 2, 3, 4, 5, 6, 7, 8, 9, 10, 11, 12, 13, 14, 15, 16, 17, 18, 19, 20, 21, 22, 23, 24, 25, 26, 27, 28, 29, 30, 33, 34, 99, 100]","[[0, 31], [33, 35], [99, 101]]",Cncs là quái thai của nhân loại | nó | nó,,,"[0, 1, 2, 3, 8, 9, 10, 11, 13, 14, 15, 16, 18, 19, 20, 22, 23, 24, 25, 27, 28, 29, 30, 33, 34, 58, 59, 60, 62, 63, 64, 66, 67, 69, 70, 71, 73, 74, 75, 76, 78, 79, 80, 81, 83, 84, 85, 86, 89, 90, 91, 99, 100]","[[0, 4], [8, 12], [13, 17], [18, 21], [22, 26], [27, 31], [33, 35], [58, 61], [62, 65], [66, 68], [69, 72], [73, 77], [78, 82], [83, 87], [89, 92], [99, 101]]",Cncs | quái | thai | của | nhân | loại | nó | lực | nào | có | thể | tiêu | diệt | được | trừ | nó,,partial_match,xlmr_token_classifier,287.0
vihos_dev_289,dev,giọng ca hảm chết cdm ng nghê luôn mà share cái j,,,,,,,,,,,"[9, 10, 11, 12, 13, 14, 15, 16, 17, 18, 19, 20, 21, 22, 23, 24, 25, 26, 27, 28]","[[9, 29]]",hảm chết cdm ng nghê,,,"[9, 10, 11, 13, 14, 15, 16, 18, 19, 20]","[[9, 12], [13, 17], [18, 21]]",hảm | chết | cdm,,partial_match,xlmr_token_classifier,289.0
vihos_dev_290,dev,Bố thằng chó😡😡,,,,,,,,,,,"[0, 1, 2, 3, 4, 5, 6, 7, 8, 9, 10, 11, 12, 13]","[[0, 14]]",Bố thằng chó😡😡,,,"[0, 1, 3, 4, 5, 6, 7, 9, 10, 11, 12, 13]","[[0, 2], [3, 8], [9, 14]]",Bố | thằng | chó😡😡,,partial_match,xlmr_token_classifier,290.0
vihos_dev_292,dev,"Đụ mẹ, thầy làm clg vậy?",,,,,,,,,,,"[0, 1, 2, 3, 4, 16, 17, 18]","[[0, 5], [16, 19]]",Đụ mẹ | clg,,,"[0, 1, 3, 4, 16, 17, 18]","[[0, 2], [3, 5], [16, 19]]",Đụ | mẹ | clg,,partial_match,xlmr_token_classifier,292.0
vihos_dev_294,dev,"Ra rả phát biểu làm như cương quyết bảo vệ môi trường lắm, nhưng tau vẫn cho nhiệt điện vào nhé tụi bay làm éo gì đc =))) đúng là đừng nghe những gì chúng nói",,,,,,,,,,,"[0, 1, 2, 3, 4, 16, 17, 18, 19, 20, 21, 22, 23, 24, 25, 26, 27, 28, 29, 30, 31, 32, 33, 34, 35, 36, 37, 38, 39, 40, 41, 42, 43, 44, 45, 46, 47, 48, 49, 50, 51, 52, 53, 54, 55, 56, 65, 66, 67, 96, 97, 98, 99, 100, 101, 102, 103, 104, 105, 106, 107, 108, 109, 110, 111, 112, 149, 150, 151, 152, 153]","[[0, 5], [16, 57], [65, 68], [96, 113], [149, 154]]",Ra rả | làm như cương quyết bảo vệ môi trường lắm | tau | tụi bay làm éo gì | chúng,,,"[96, 97, 98, 108, 109, 149, 150, 151, 152, 153]","[[96, 99], [108, 110], [149, 154]]",tụi | éo | chúng,,partial_match,xlmr_token_classifier,294.0
vihos_dev_300,dev,Chuong trinh xam,,,,,,,,,,,"[13, 14, 15]","[[13, 16]]",xam,,,[],[],,,false_negative,xlmr_token_classifier,300.0
vihos_dev_301,dev,Mini Tae cai l,,,,,,,,,,,[13],"[[13, 14]]",l,,,"[9, 10, 11, 13]","[[9, 12], [13, 14]]",cai | l,,partial_match,xlmr_token_classifier,301.0
vihos_dev_302,dev,chắc quay clip 18+ được rồi,,,,,,,,,,,"[15, 16, 17]","[[15, 18]]",18+,,,[],[],,,false_negative,xlmr_token_classifier,302.0
vihos_dev_306,dev,"địt mẹ mấy thằng hay phân biệt Bắc Nam đâu rồi , các ""Nam Kì Boys"" đâu , sao ko vào đây phân biệt HN SG tiếp đi nào ?",,,,,,,,,,,"[0, 1, 2, 3, 4, 5, 11, 12, 13, 14, 15, 54, 55, 56, 57, 58, 59, 60, 61, 62, 63, 64]","[[0, 6], [11, 16], [54, 65]]",địt mẹ | thằng | Nam Kì Boys,,,"[0, 1, 2, 4, 5, 11, 12, 13, 14, 15, 21, 22, 23, 24, 26, 27, 28, 29, 54, 55, 56, 58, 59, 61, 62, 63, 64]","[[0, 3], [4, 6], [11, 16], [21, 25], [26, 30], [54, 57], [58, 60], [61, 65]]",địt | mẹ | thằng | phân | biệt | Nam | Kì | Boys,,partial_match,xlmr_token_classifier,306.0
vihos_dev_308,dev,Khong Biet ức chế vl :3,,,,,,,,,,,"[11, 12, 13, 14, 15, 16, 17, 18, 19]","[[11, 20]]",ức chế vl,,,"[18, 19]","[[18, 20]]",vl,,partial_match,xlmr_token_classifier,308.0
vihos_dev_310,dev,Ủa lạc đâu ra mấy con chó này thế =)) Tao bảo cno sống chậm thôi chứ tao bảo ông bà già chúng m sống chậm à mà vào sủa :))?,,,,,,,,,,,"[18, 19, 20, 21, 22, 23, 24, 46, 47, 48, 69, 70, 71, 77, 78, 79, 80, 81, 82, 83, 84, 85, 86, 87, 88, 89, 90, 91, 92, 93, 94, 115, 116, 117]","[[18, 25], [46, 49], [69, 72], [77, 95], [115, 118]]",con chó | cno | tao | ông bà già chúng m | sủa,,,"[3, 4, 5, 18, 19, 20, 22, 23, 24, 38, 39, 40, 46, 47, 48, 69, 70, 71, 81, 82, 88, 89, 90, 91, 92, 94, 115, 116, 117]","[[3, 6], [18, 21], [22, 25], [38, 41], [46, 49], [69, 72], [81, 83], [88, 93], [94, 95], [115, 118]]",lạc | con | chó | Tao | cno | tao | bà | chúng | m | sủa,,partial_match,xlmr_token_classifier,310.0
vihos_dev_311,dev,Kiep sau may con dy bong nay luoi phai thuc vo cua minh moi vua bung tao da la bong ma toi ngay chui nhau xem ma ghet ghe do bong khung lon nhan xet chinh xac,,,,,,,,,,,"[13, 14, 15, 16, 17, 18, 19, 20, 21, 22, 23, 39, 40, 41, 42, 43, 44, 45, 46, 47, 48, 49, 50, 51, 52, 53, 54, 79, 80, 81, 82, 96, 97, 98, 99, 113, 114, 115, 116, 118, 119, 120, 122, 123, 124, 125, 126, 127, 128, 129, 130, 131, 132, 133, 134, 135, 136, 137, 138]","[[13, 24], [39, 55], [79, 83], [96, 100], [113, 117], [118, 121], [122, 139]]",con dy bong | thuc vo cua minh | bong | chui | ghet | ghe | do bong khung lon,,,"[9, 10, 11, 13, 14, 15, 17, 18, 20, 69, 70, 71, 79, 80, 81, 82, 96, 97, 98, 99, 113, 114, 115, 116, 125, 126, 127, 128, 130, 131, 132, 133, 134, 136, 137, 138, 140, 141, 142, 143]","[[9, 12], [13, 16], [17, 19], [20, 21], [69, 72], [79, 83], [96, 100], [113, 117], [125, 129], [130, 135], [136, 139], [140, 144]]",may | con | dy | b | tao | bong | chui | ghet | bong | khung | lon | nhan,,partial_match,xlmr_token_classifier,311.0
vihos_dev_312,dev,Giàu quá mẹ ơi sao lon,,,,,,,,,,,"[15, 16, 17, 18, 19, 20, 21]","[[15, 22]]",sao lon,,,"[0, 1, 2, 3, 19, 20, 21]","[[0, 4], [19, 22]]",Giàu | lon,,partial_match,xlmr_token_classifier,312.0
vihos_dev_315,dev,"vãi cả ko giao dịch\ bằng ngoại tệ, nó đút lót căn hộ hay khu biệt thự, bố ai quản đc",,,,,,,,,,,"[36, 37, 39, 40, 41, 42, 43, 44, 45, 72, 73, 74, 75, 76]","[[36, 38], [39, 46], [72, 77]]",nó | đút lót | bố ai,,,"[0, 1, 2, 36, 37, 39, 40, 41, 72, 73]","[[0, 3], [36, 38], [39, 42], [72, 74]]",vãi | nó | đút | bố,,partial_match,xlmr_token_classifier,315.0
vihos_dev_316,dev,"Nếu bạn đi khám có BHYT- BHXH tại các BV quận cũng sẽ nhận được kết quả bệnh rất nặng và kèm theo bọc thuốc to về uống cho no, 6 tháng sau bạn sẽ bị suy thận, suy gan vì thuốc.",,,,,,,,,,,"[0, 1, 2, 3, 4, 5, 6, 7, 8, 9, 10, 11, 12, 13, 14, 15, 16, 17, 18, 19, 20, 21, 22, 23, 24, 25, 26, 27, 28, 29, 30, 31, 32, 33, 34, 35, 36, 37, 38, 39, 40, 41, 42, 43, 44, 45, 46, 47, 48, 49, 50, 51, 52, 53, 54, 55, 56, 57, 58, 59, 60, 61, 62, 63, 64, 65, 66, 67, 68, 69, 70, 71, 72, 73, 74, 75, 76, 77, 78, 79, 80, 81, 82, 83, 84, 85, 86, 87, 88, 89, 90, 91, 92, 93, 94, 95, 96, 97, 98, 99, 100, 101, 102, 103, 104, 105, 106, 107, 108, 109, 110, 111, 112, 113, 114, 115, 116, 117, 118, 119, 120, 121, 122, 123, 124, 125, 126, 127, 128, 129, 130, 131, 132, 133, 134, 135, 136, 137, 138, 139, 140, 141, 142, 143, 144, 145, 146, 147, 148, 149, 150, 151, 152, 153, 154, 155, 156, 157, 158, 159, 160, 161, 162, 163, 164, 165, 166, 167, 168, 169, 170, 171, 172, 173, 174]","[[0, 175]]","Nếu bạn đi khám có BHYT- BHXH tại các BV quận cũng sẽ nhận được kết quả bệnh rất nặng và kèm theo bọc thuốc to về uống cho no, 6 tháng sau bạn sẽ bị suy thận, suy gan vì thuốc",,,[],[],,,false_negative,xlmr_token_classifier,316.0
vihos_dev_320,dev,"chúng nó quên nhiều thứ, nhưng ăn cướp là việc chúng nó không bao giờ quên",,,,,,,,,,,"[0, 1, 2, 3, 4, 5, 6, 7, 31, 32, 33, 34, 35, 36, 37, 47, 48, 49, 50, 51, 52, 53, 54]","[[0, 8], [31, 38], [47, 55]]",chúng nó | ăn cướp | chúng nó,,,"[0, 1, 2, 3, 4, 6, 7, 31, 32, 34, 35, 36, 37, 47, 48, 49, 50, 51, 53, 54]","[[0, 5], [6, 8], [31, 33], [34, 38], [47, 52], [53, 55]]",chúng | nó | ăn | cướp | chúng | nó,,partial_match,xlmr_token_classifier,320.0
vihos_dev_321,dev,Toang x2,,,,,,,,,,,"[0, 1, 2, 3, 4]","[[0, 5]]",Toang,,,[],[],,,false_negative,xlmr_token_classifier,321.0
vihos_dev_322,dev,Một lũ quan liêu tiên sư bố chúng nó,,,,,,,,,,,"[4, 5, 17, 18, 19, 20, 21, 22, 23, 24, 25, 26, 27, 28, 29, 30, 31, 32, 33, 34, 35]","[[4, 6], [17, 36]]",lũ | tiên sư bố chúng nó,,,"[4, 5, 7, 8, 9, 10, 12, 13, 14, 15, 17, 18, 19, 20, 22, 23, 25, 26, 28, 29, 30, 31, 32, 34, 35]","[[4, 6], [7, 11], [12, 16], [17, 21], [22, 24], [25, 27], [28, 33], [34, 36]]",lũ | quan | liêu | tiên | sư | bố | chúng | nó,,partial_match,xlmr_token_classifier,322.0
vihos_dev_324,dev,Admin làm một bài post để thể hiện sự ngu si. Chắc sợ mọi người không biết,,,,,,,,,,,"[38, 39, 40, 41, 42, 43]","[[38, 44]]",ngu si,,,"[38, 39, 40, 42, 43]","[[38, 41], [42, 44]]",ngu | si,,partial_match,xlmr_token_classifier,324.0
vihos_dev_326,dev,Khắc tiệp thì lấy Việt tiệp khoá mõm lại,,,,,,,,,,,"[28, 29, 30, 31, 32, 33, 34, 35]","[[28, 36]]",khoá mõm,,,"[28, 29, 30, 31, 33, 34, 35]","[[28, 32], [33, 36]]",khoá | mõm,,partial_match,xlmr_token_classifier,326.0
vihos_dev_327,dev,Lê Hải Long ủa v họ nuôi bò dê lợn gà là động vật để ăn thì liên quan j đến việc cấm mình ăn bạn ? Bây g vật nuôi và vật nuôi để ăn bạn còn đéo phân biệt dc thì bạn có não làm j v bạn ? Tạo hoá ban cho bạn cái não để biết chọn lọc thức ăn bỏ vào miệng chứ ko phải cái j cũng ăn nha bạn :))))),,,,,,,,,,,"[140, 141, 142, 168, 169, 170, 210, 211, 212, 222, 223, 224, 225, 226, 227, 228, 229, 230, 231, 232, 233, 234, 235, 236, 237, 238, 239, 240, 241, 242, 243, 244, 245, 246, 247, 248, 249, 250, 251, 252, 253, 254, 255, 256, 257, 258, 259, 260, 261, 262, 263, 264, 265, 266, 267, 268, 269, 270, 271, 272, 273, 274, 275, 276]","[[140, 143], [168, 171], [210, 213], [222, 277]]",đéo | não | não | chọn lọc thức ăn bỏ vào miệng chứ ko phải cái j cũng ăn,,,"[140, 141, 142, 165, 166, 168, 169, 170, 172, 173, 174, 176, 186, 187, 188, 190, 191, 192, 194, 195, 196, 198, 199, 200, 202, 203, 204, 206, 207, 208, 210, 211, 212, 214, 215, 217, 218, 219, 220, 222, 223, 224, 225, 227, 228, 229, 231, 232, 233, 234, 236, 237, 239, 240, 242, 243, 244, 246, 247, 248, 249, 250, 252, 253, 254, 256, 257, 259, 260, 261, 262, 264, 265, 266, 268, 270, 271, 272, 273, 275, 276]","[[140, 143], [165, 167], [168, 171], [172, 175], [176, 177], [186, 189], [190, 193], [194, 197], [198, 201], [202, 205], [206, 209], [210, 213], [214, 216], [217, 221], [222, 226], [227, 230], [231, 235], [236, 238], [239, 241], [242, 245], [246, 251], [252, 255], [256, 258], [259, 263], [264, 267], [268, 269], [270, 274], [275, 277]]",đéo | có | não | làm | j | Tạo | hoá | ban | cho | bạn | cái | não | để | biết | chọn | lọc | thức | ăn | bỏ | vào | miệng | chứ | ko | phải | cái | j | cũng | ăn,,partial_match,xlmr_token_classifier,327.0
vihos_dev_328,dev,Phuong Trinh Nhi nước hoa giống như nước lã vậy đó e có mua hai chay Sài như lồn,,,,,,,,,,,"[17, 18, 19, 20, 21, 22, 23, 24, 25, 26, 27, 28, 29, 30, 31, 32, 33, 34, 35, 36, 37, 38, 39, 40, 41, 42, 77, 78, 79]","[[17, 43], [77, 80]]",nước hoa giống như nước lã | lồn,,,"[77, 78, 79]","[[77, 80]]",lồn,,partial_match,xlmr_token_classifier,328.0
vihos_dev_331,dev,Nguoi dan ba dai loan dau co hoi han gi.vua dut nghiep  phan to quoc.xong lai di khau chien tren mang xa hoi.tinh nao tat nay.dung rac cua xa hoi.nhin cai mo chui cua co ta nhu cai dit vit.qua ghe tom nguoi dan ba dai loan.dung nen lay quoc tich vn nua .,,,,,,,,,,,"[56, 57, 58, 59, 60, 61, 62, 63, 64, 65, 66, 67, 68, 69, 70, 71, 72, 73, 74, 75, 76, 77, 78, 79, 80, 81, 82, 83, 84, 85, 86, 87, 88, 89, 90, 109, 110, 111, 112, 113, 114, 115, 116, 117, 118, 119, 120, 131, 132, 133, 134, 135, 136, 137, 138, 139, 140, 141, 142, 143, 144, 155, 156, 157, 158, 159, 160, 161, 162, 163, 164, 165, 166, 167, 168, 169, 170, 171, 172, 173, 174, 175, 176, 177, 178, 179, 180, 181, 182, 183, 184, 185, 186, 187, 193, 194, 195, 196, 197, 198, 199, 223, 224, 225, 226, 227, 228, 229, 230, 231, 232, 233, 234, 235, 236, 237, 238, 239, 240, 241, 242, 243, 244, 245, 246, 247, 248, 249, 250, 251]","[[56, 91], [109, 121], [131, 145], [155, 188], [193, 200], [223, 252]]",phan to quoc.xong lai di khau chien | tinh nao tat | rac cua xa hoi | mo chui cua co ta nhu cai dit vit | ghe tom | dung nen lay quoc tich vn nua,,,"[44, 45, 46, 69, 70, 71, 72, 81, 82, 83, 84, 86, 87, 88, 89, 90, 97, 98, 99, 100, 126, 127, 128, 129, 155, 156, 158, 159, 160, 161, 163, 164, 181, 182, 183, 185, 186, 187, 197, 198, 199]","[[44, 47], [69, 73], [81, 85], [86, 91], [97, 101], [126, 130], [155, 157], [158, 162], [163, 165], [181, 184], [185, 188], [197, 200]]",dut | xong | khau | chien | mang | dung | mo | chui | cu | dit | vit | tom,,partial_match,xlmr_token_classifier,331.0
vihos_dev_335,dev,cuop ngay benh cuop dem ma.be lu no phai benh lan nhau la phai rui,,,,,,,,,,,"[0, 1, 2, 3, 15, 16, 17, 18, 27, 28, 29, 30, 31, 33, 34]","[[0, 4], [15, 19], [27, 32], [33, 35]]",cuop | cuop | be lu | no,,,"[2, 3, 15, 16, 17, 18, 20, 21, 22, 30, 31, 33, 34]","[[2, 4], [15, 19], [20, 23], [30, 32], [33, 35]]",op | cuop | dem | lu | no,,partial_match,xlmr_token_classifier,335.0
vihos_dev_336,dev,Tự do ngôn luận mà hở ai nói trái ý mấy má là mấy má nhảy đành đạch ... học người ta kìa luôn học hỏi tiếp thu ý kiến cho dù là ý kiến bất đồng như vậy mới phát triển được ... bọn mày ai nói khác xíu bu vào chửi này kia rồi dlv này nọ ... quá bôi cho bọn mày,,,,,,,,,,,"[40, 41, 50, 51, 53, 54, 55, 56, 57, 58, 59, 60, 61, 62, 63, 64, 65, 66, 176, 177, 178, 179, 180, 181, 182, 200, 201, 202, 203, 204, 205, 206, 207, 208, 209, 210, 243, 244, 245, 251, 252, 253, 254, 255, 256, 257]","[[40, 42], [50, 52], [53, 67], [176, 183], [200, 211], [243, 246], [251, 258]]",má | má | nhảy đành đạch | bọn mày | bu vào chửi | bôi | bọn mày,,,"[40, 41, 46, 47, 48, 50, 51, 63, 64, 65, 66, 176, 177, 178, 180, 181, 182, 200, 201, 203, 204, 205, 207, 208, 209, 210, 224, 251, 252, 253, 255, 256, 257]","[[40, 42], [46, 49], [50, 52], [63, 67], [176, 179], [180, 183], [200, 202], [203, 206], [207, 211], [224, 225], [251, 254], [255, 258]]",má | mấy | má | đạch | bọn | mày | bu | vào | chửi | d | bọn | mày,,partial_match,xlmr_token_classifier,336.0
vihos_dev_337,dev,Sô bít càng ngày càng xàm cái giống gì cũng lên sóng,,,,,,,,,,,"[22, 23, 24, 26, 27, 28, 29, 30, 31, 32, 33, 34, 35, 36, 37, 38, 39, 40, 41, 42, 43, 44, 45, 46, 47, 48, 49, 50, 51]","[[22, 25], [26, 52]]",xàm | cái giống gì cũng lên sóng,,,"[22, 23, 24, 26, 27, 28, 30, 31, 32, 33, 34]","[[22, 25], [26, 29], [30, 35]]",xàm | cái | giống,,partial_match,xlmr_token_classifier,337.0
vihos_dev_339,dev,"Ủa tứ quý có chặt đôi heo đc đâu, lộ tứ quý rồi nhaaa hahhahaha t cho m thúi Trần Thị Linh Ánh Bui Thi My Ngoc Thanh Hà Thanh Thảo Thùy Trang Lê Thị Oanh Hoàng Linhc",,,,,,,,,,,[],[],,,,"[13, 14, 15, 16, 18, 19, 20, 64, 70]","[[13, 17], [18, 21], [64, 65], [70, 71]]",chặt | đôi | t | m,,false_positive,xlmr_token_classifier,339.0
vihos_dev_340,dev,Pham Ngoc Ninh Cho mẹ m vào tù cho nhanh :),,,,,,,,,,,"[19, 20, 21, 22, 28, 29]","[[19, 23], [28, 30]]",mẹ m | tù,,,"[19, 20, 22, 28, 29]","[[19, 21], [22, 23], [28, 30]]",mẹ | m | tù,,partial_match,xlmr_token_classifier,340.0
vihos_dev_341,dev,Lũ sv nào đây ((;,,,,,,,,,,,"[0, 1, 2, 3, 4]","[[0, 5]]",Lũ sv,,,"[0, 1, 3, 4]","[[0, 2], [3, 5]]",Lũ | sv,,partial_match,xlmr_token_classifier,341.0
vihos_dev_342,dev,"Nghe mà thấy nhục nhã, ăn nói vô học",,,,,,,,,,,"[13, 14, 15, 16, 17, 18, 19, 20, 30, 31, 32, 33, 34, 35]","[[13, 21], [30, 36]]",nhục nhã | vô học,,,"[13, 14, 15, 16, 18, 19, 20, 30, 31, 33, 34, 35]","[[13, 17], [18, 21], [30, 32], [33, 36]]",nhục | nhã | vô | học,,partial_match,xlmr_token_classifier,342.0
vihos_dev_346,dev,Thân Hoài Thương lại thêm 1 đứa tai trâu :)),,,,,,,,,,,"[28, 29, 30, 31, 32, 33, 34, 35, 36, 37, 38, 39]","[[28, 40]]",đứa tai trâu,,,"[32, 33, 34, 36, 37, 38, 39]","[[32, 35], [36, 40]]",tai | trâu,,partial_match,xlmr_token_classifier,346.0
vihos_dev_348,dev,Giờ trung thu nó là mùa sinh sản rồii..đêm 14 là chúng nó bắt đầu phối giống,,,,,,,,,,,[],[],,,,"[14, 15, 55, 56]","[[14, 16], [55, 57]]",nó | nó,,false_positive,xlmr_token_classifier,348.0
vihos_dev_349,dev,"Toàn bọn đầu trộm , đuôi cướp !",,,,,,,,,,,"[5, 6, 7, 8, 9, 10, 11, 12, 13, 14, 15, 16, 20, 21, 22, 23, 24, 25, 26, 27, 28]","[[5, 17], [20, 29]]",bọn đầu trộm | đuôi cướp,,,"[5, 6, 7, 9, 10, 11, 13, 14, 15, 16, 25, 26, 27, 28]","[[5, 8], [9, 12], [13, 17], [25, 29]]",bọn | đầu | trộm | cướp,,partial_match,xlmr_token_classifier,349.0
vihos_dev_350,dev,"Lông ngông cuồng có chết cũng đâu có sao. Hay! Co Thương nghi quỹ vừa lùn  vừa trọc phỏng vấn là đúng rồi
XẠO KE",,,,,,,,,,,"[0, 1, 2, 3, 4, 5, 6, 7, 8, 9, 10, 11, 12, 13, 14, 15, 20, 21, 22, 23, 66, 67, 68, 69, 70, 71, 72, 73, 74, 75, 76, 77, 78, 79, 80, 81, 82, 106, 107, 108, 109, 110, 111]","[[0, 16], [20, 24], [66, 83], [106, 112]]",Lông ngông cuồng | chết | vừa lùn  vừa trọc | XẠO KE,,,"[0, 1, 2, 3, 5, 6, 7, 8, 9, 11, 12, 13, 14, 15, 20, 21, 22, 23, 25, 26, 27, 28, 70, 71, 72, 79, 80, 81, 82, 106, 107, 108, 110, 111]","[[0, 4], [5, 10], [11, 16], [20, 24], [25, 29], [70, 73], [79, 83], [106, 109], [110, 112]]",Lông | ngông | cuồng | chết | cũng | lùn | trọc | XẠO | KE,,partial_match,xlmr_token_classifier,350.0
vihos_dev_353,dev,"quan trọng là cãi tụi nó nên tụi nó cho lên đĩa, chứ làm sai thì ai nào ko sai? với lại biết ai chơi ko mà nói ông thanh nào đì, dám nói ông thanh đà nẵng lắm ah` =))",,,,,,,,,,,"[14, 15, 16, 18, 19, 20, 21, 22, 23, 29, 30, 31, 32, 33, 34, 36, 37, 38, 39, 40, 41, 42, 43, 44, 45, 46, 125, 126]","[[14, 17], [18, 24], [29, 35], [36, 47], [125, 127]]",cãi | tụi nó | tụi nó | cho lên đĩa | đì,,,"[18, 19, 20, 22, 23, 29, 30, 31, 33, 34]","[[18, 21], [22, 24], [29, 32], [33, 35]]",tụi | nó | tụi | nó,,partial_match,xlmr_token_classifier,353.0
vihos_dev_354,dev,Ồ. Vậy cái vụ vinashin toàn mấy ôg ngu nhỉ😁? Bạn giỏi thật,,,,,,,,,,,"[35, 36, 37, 45, 46, 47, 48, 49, 50, 51, 52, 53, 54, 55, 56, 57]","[[35, 38], [45, 58]]",ngu | Bạn giỏi thật,,,"[35, 36, 37]","[[35, 38]]",ngu,,partial_match,xlmr_token_classifier,354.0
vihos_dev_355,dev,Nhìn mặt cụ chắc vào đảng của rằm tháng 7 ^^,,,,,,,,,,,[],[],,,,"[17, 18, 19, 21, 22, 23, 24]","[[17, 20], [21, 25]]",vào | đảng,,false_positive,xlmr_token_classifier,355.0
vihos_dev_356,dev,Không có csgt nào tốt cả .,,,,,,,,,,,"[0, 1, 2, 3, 4, 5, 6, 7, 8, 9, 10, 11, 12, 13, 14, 15, 16, 17, 18, 19, 20]","[[0, 21]]",Không có csgt nào tốt,,,[],[],,,false_negative,xlmr_token_classifier,356.0
vihos_dev_357,dev,Thế ngày xưa ông nội thằng ad k mua dâm mẹ nó. Thì đâu đẻ ra thằng ad như ngày nay dc :))))),,,,,,,,,,,"[21, 22, 23, 24, 25, 32, 33, 34, 35, 36, 37, 38, 61, 62, 63, 64, 65]","[[21, 26], [32, 39], [61, 66]]",thằng | mua dâm | thằng,,,"[13, 14, 15, 17, 18, 19, 21, 22, 23, 24, 25, 36, 37, 38, 40, 41, 43, 44, 61, 62, 63, 64, 65]","[[13, 16], [17, 20], [21, 26], [36, 39], [40, 42], [43, 45], [61, 66]]",ông | nội | thằng | dâm | mẹ | nó | thằng,,partial_match,xlmr_token_classifier,357.0
vihos_dev_358,dev,"Moá, quái thai",,,,,,,,,,,"[0, 1, 2, 5, 6, 7, 8, 9, 10, 11, 12, 13]","[[0, 3], [5, 14]]",Moá | quái thai,,,"[0, 1, 2, 5, 6, 7, 8, 10, 11, 12, 13]","[[0, 3], [5, 9], [10, 14]]",Moá | quái | thai,,partial_match,xlmr_token_classifier,358.0
vihos_dev_361,dev,T đã kêu dán lỗ đít lại mà vẫn đéo hiểu :),,,,,,,,,,,"[0, 13, 14, 15, 16, 17, 18, 31, 32, 33]","[[0, 1], [13, 19], [31, 34]]",T | lỗ đít | đéo,,,"[0, 13, 14, 16, 17, 18, 31, 32, 33]","[[0, 1], [13, 15], [16, 19], [31, 34]]",T | lỗ | đít | đéo,,partial_match,xlmr_token_classifier,361.0
vihos_dev_363,dev,Bác nói thế nhưng cấp dưới bác họ có làm theo hay không thôi mà hay nại đục nước béo cò,,,,,,,,,,,"[72, 73, 74, 75, 76, 77, 78, 79, 80, 81, 82, 83, 84, 85, 86]","[[72, 87]]",đục nước béo cò,,,"[72, 73, 74, 76, 77, 78, 79, 81, 82, 83, 85, 86]","[[72, 75], [76, 80], [81, 84], [85, 87]]",đục | nước | béo | cò,,partial_match,xlmr_token_classifier,363.0
vihos_dev_365,dev,Chuôi con Linh love Chet Chet me no Di nguoi dep oi,,,,,,,,,,,"[0, 1, 2, 3, 4, 6, 7, 8, 20, 21, 22, 23, 24, 25, 26, 27, 28, 29, 30, 31, 32, 33, 34]","[[0, 5], [6, 9], [20, 35]]",Chuôi | con | Chet Chet me no,,,"[0, 1, 2, 3, 4, 6, 7, 8, 20, 21, 22, 23, 25, 26, 27, 28, 30, 31, 33, 34]","[[0, 5], [6, 9], [20, 24], [25, 29], [30, 32], [33, 35]]",Chuôi | con | Chet | Chet | me | no,,partial_match,xlmr_token_classifier,365.0
vihos_dev_366,dev,Ừ cho là vậy đi vậy kinh tế và an Sinh thì 50 năm nữa mới bằng thái lan nha một lũ ngáo banh bóng hay ho gì mà tự hào đúng chế độ đào tạo người hay thật,,,,,,,,,,,"[80, 81, 82, 83, 84, 85, 86]","[[80, 87]]",lũ ngáo,,,"[80, 81, 83, 84, 85, 86, 88, 89, 90, 91, 93, 94, 95, 96]","[[80, 82], [83, 87], [88, 92], [93, 97]]",lũ | ngáo | banh | bóng,,partial_match,xlmr_token_classifier,366.0
vihos_dev_369,dev,thằng ad chắc mới bú đá xong,,,,,,,,,,,"[0, 1, 2, 3, 4, 18, 19, 20, 21, 22]","[[0, 5], [18, 23]]",thằng | bú đá,,,"[0, 1, 2, 3, 4, 18, 19, 21, 22]","[[0, 5], [18, 20], [21, 23]]",thằng | bú | đá,,partial_match,xlmr_token_classifier,369.0
vihos_dev_370,dev,Tiền mà k xem trọng sau này không có cháu mà húp,,,,,,,,,,,[],[],,,,"[8, 10, 11, 12, 45, 46]","[[8, 9], [10, 13], [45, 47]]",k | xem | hú,,false_positive,xlmr_token_classifier,370.0
vihos_dev_371,dev,Cái lồn má toàn danh hài thế này :v,,,,,,,,,,,"[4, 5, 6, 7, 8, 9]","[[4, 10]]",lồn má,,,"[4, 5, 6, 8, 9]","[[4, 7], [8, 10]]",lồn | má,,partial_match,xlmr_token_classifier,371.0
vihos_dev_373,dev,Thì dân toàn mặc áo cờ Tổ quốc đi đòi đất đòi nhà mà?chắc nó muốn doạ dân HN muốn biểu tình đây,,,,,,,,,,,"[58, 59, 66, 67, 68, 82, 83, 84, 85, 86, 87, 88, 89, 90]","[[58, 60], [66, 69], [82, 91]]",nó | doạ | biểu tình,,,"[58, 59, 66, 67, 68]","[[58, 60], [66, 69]]",nó | doạ,,partial_match,xlmr_token_classifier,373.0
vihos_dev_374,dev,Phán câu nghe mắc địt vãi loz,,,,,,,,,,,"[14, 15, 16, 17, 18, 19, 20, 22, 23, 24, 25, 26, 27, 28]","[[14, 21], [22, 29]]",mắc địt | vãi loz,,,"[18, 19, 20, 22, 23, 24, 26, 27, 28]","[[18, 21], [22, 25], [26, 29]]",địt | vãi | loz,,partial_match,xlmr_token_classifier,374.0
vihos_dev_377,dev,"đjt mẹ dẹp dẹp hết , yêu đương lon gì h này đau đầu vlon",,,,,,,,,,,"[0, 1, 2, 3, 4, 5, 7, 8, 9, 10, 11, 12, 13, 31, 32, 33, 52, 53, 54, 55]","[[0, 6], [7, 14], [31, 34], [52, 56]]",đjt mẹ | dẹp dẹp | lon | vlon,,,"[0, 1, 2, 4, 5, 31, 32, 33, 52, 53, 54, 55]","[[0, 3], [4, 6], [31, 34], [52, 56]]",đjt | mẹ | lon | vlon,,partial_match,xlmr_token_classifier,377.0
vihos_dev_378,dev,Chả hiểu phong cách ở đâu nh mà lố lăng vch 🙂,,,,,,,,,,,"[32, 33, 34, 35, 36, 37, 38, 39, 40, 41, 42]","[[32, 43]]",lố lăng vch,,,"[32, 33, 35, 36, 37, 38, 40, 41, 42]","[[32, 34], [35, 39], [40, 43]]",lố | lăng | vch,,partial_match,xlmr_token_classifier,378.0
vihos_dev_383,dev,bị ngu à,,,,,,,,,,,"[0, 1, 2, 3, 4, 5]","[[0, 6]]",bị ngu,,,"[3, 4, 5]","[[3, 6]]",ngu,,partial_match,xlmr_token_classifier,383.0
vihos_dev_386,dev,Diện Trần óc choá thật.,,,,,,,,,,,"[10, 11, 12, 13, 14, 15, 16]","[[10, 17]]",óc choá,,,"[10, 11, 13, 14, 15, 16]","[[10, 12], [13, 17]]",óc | choá,,partial_match,xlmr_token_classifier,386.0
vihos_dev_387,dev,Trí thông minh không bằng đc người nhật! Nhưng mưu mô xảo trá thì có thừa,,,,,,,,,,,"[47, 48, 49, 50, 51, 52, 54, 55, 56, 57, 58, 59, 60]","[[47, 53], [54, 61]]",mưu mô | xảo trá,,,"[21, 22, 23, 24, 26, 27, 47, 48, 49, 51, 52, 54, 55, 56, 58, 59, 60]","[[21, 25], [26, 28], [47, 50], [51, 53], [54, 57], [58, 61]]",bằng | đc | mưu | mô | xảo | trá,,partial_match,xlmr_token_classifier,387.0
vihos_dev_393,dev,Ngheo mà yên bình là đc. Tao nói riết giờ thấy uổng công. Tao cứ ở nc ngoài ngồi cười khì khì coi tụi bây đống vài thứ thuế ba láp. Ăn đồ ăn hoá chất. Ra đường thi trộm cướp. Uhm yên bình đi tụi mày ạ. Thấy đất nc xây nhiều cao tầng là thấy phát triễn. Tụi ngu ạ tiền vay ODA ấy con ạ. Rồi đời con cháu chúng mày sẽ trả há há.,,,,,,,,,,,"[124, 125, 126, 127, 128, 129, 141, 142, 143, 144, 145, 146, 147, 148, 164, 165, 166, 167, 168, 169, 170, 171, 172, 191, 192, 193, 194, 195, 196, 197, 253, 254, 255, 256, 257, 258, 259, 303, 304, 305, 306, 307, 308, 309, 310, 311]","[[124, 130], [141, 149], [164, 173], [191, 198], [253, 260], [303, 312]]",ba láp | hoá chất | trộm cướp | tụi mày | Tụi ngu | chúng mày,,,"[25, 26, 27, 47, 58, 59, 60, 98, 99, 100, 102, 103, 104, 127, 128, 132, 133, 135, 136, 138, 139, 141, 142, 143, 145, 146, 147, 148, 164, 165, 166, 167, 169, 170, 171, 172, 191, 192, 193, 195, 196, 197, 253, 254, 255, 257, 258, 259, 303, 304, 305, 306, 307, 309, 310, 311]","[[25, 28], [47, 48], [58, 61], [98, 101], [102, 105], [127, 129], [132, 134], [135, 137], [138, 140], [141, 144], [145, 149], [164, 168], [169, 173], [191, 194], [195, 198], [253, 256], [257, 260], [303, 308], [309, 312]]",Tao | u | Tao | tụi | bây | lá | Ăn | đồ | ăn | hoá | chất | trộm | cướp | tụi | mày | Tụi | ngu | chúng | mày,,partial_match,xlmr_token_classifier,393.0
vihos_dev_395,dev,Ngon! Đeo tai nghe vào và sục cặc thôi!!,,,,,,,,,,,"[26, 27, 28, 29, 30, 31, 32]","[[26, 33]]",sục cặc,,,"[26, 27, 28, 30, 31, 32]","[[26, 29], [30, 33]]",sục | cặc,,partial_match,xlmr_token_classifier,395.0
vihos_dev_396,dev,Trần Hoàng Long đĩ mẹ m con? Trần Hensy của c nè,,,,,,,,,,,"[16, 17, 18, 19, 20, 21, 22, 23, 24, 25, 26]","[[16, 27]]",đĩ mẹ m con,,,"[16, 17, 19, 20, 22]","[[16, 18], [19, 21], [22, 23]]",đĩ | mẹ | m,,partial_match,xlmr_token_classifier,396.0
vihos_dev_397,dev,"Nói chuyện thiếu văn hóa , tục tiểu , không ra gì",,,,,,,,,,,"[0, 1, 2, 3, 4, 5, 6, 7, 8, 9, 10, 11, 12, 13, 14, 15, 16, 17, 18, 19, 20, 21, 22, 23, 27, 28, 29, 30, 31, 32, 33, 34]","[[0, 24], [27, 35]]",Nói chuyện thiếu văn hóa | tục tiểu,,,"[11, 12, 13, 14, 15, 17, 18, 19, 21, 22, 23, 27, 28, 29, 31, 32, 33, 34, 38, 39, 40, 41, 42, 44, 45, 47, 48]","[[11, 16], [17, 20], [21, 24], [27, 30], [31, 35], [38, 43], [44, 46], [47, 49]]",thiếu | văn | hóa | tục | tiểu | không | ra | gì,,partial_match,xlmr_token_classifier,397.0
vihos_dev_398,dev,"Nguyễn Việt Nam ,  Ủa cứt 🐕‍🦺 vàng 👈 mới biết đó nghen. 🖕",,,,,,,,,,,"[22, 23, 24, 25, 26, 27, 28, 56]","[[22, 29], [56, 57]]",cứt 🐕‍🦺 | 🖕,,,"[22, 23, 24, 26]","[[22, 25], [26, 27]]",cứt | 🐕,,partial_match,xlmr_token_classifier,398.0
vihos_dev_399,dev,Nguyễn Đức Khang chửi là bị ban mà bạn ơi,,,,,,,,,,,[],[],,,,"[17, 18, 19, 20]","[[17, 21]]",chửi,,false_positive,xlmr_token_classifier,399.0
vihos_dev_401,dev,Quỳnhh Hoa Bị ngu à T vẫn mang quốc tịch VN và vẫn nói ngôn ngữ VN chữa trị ở đây VN chưa cấm m lên tiếng làm g ? Ai chê VN nghèo nàn suy bụng ta ra bụng người à? Lo chuyện bao đồng,,,,,,,,,,,"[14, 15, 16, 20, 94, 124, 125, 126, 127, 128, 129, 130, 131, 132, 134, 135, 136, 137, 138, 139, 140, 141, 142, 143, 144, 145, 146, 147, 148, 149, 150, 151, 152, 153, 154, 155, 156, 157, 158, 173, 174, 175, 176, 177, 178, 179, 180]","[[14, 17], [20, 21], [94, 95], [124, 133], [134, 159], [173, 181]]",ngu | T | m | nghèo nàn | suy bụng ta ra bụng người | bao đồng,,,"[14, 15, 16, 20, 94, 124, 125, 126, 127, 128, 130, 131, 132, 134, 135, 136, 138, 139, 140, 141, 143, 144, 146, 147, 149, 150, 151, 152, 154, 155, 156, 157, 158]","[[14, 17], [20, 21], [94, 95], [124, 129], [130, 133], [134, 137], [138, 142], [143, 145], [146, 148], [149, 153], [154, 159]]",ngu | T | m | nghèo | nàn | suy | bụng | ta | ra | bụng | người,,partial_match,xlmr_token_classifier,401.0
vihos_dev_402,dev,"Em này ko thể tha thứ đc,chị là ng Trung nhưng cái tính e này đã như vậy rồi ko thể sữa nổi ...dân chợ búa rẩu rác từ trong trứng rồi nước luôn rồi !!",,,,,,,,,,,"[95, 96, 97, 98, 99, 100, 101, 102, 103, 104, 105, 106, 107, 108, 109, 110, 111, 112, 113]","[[95, 114]]",dân chợ búa rẩu rác,,,"[56, 99, 100, 101, 103, 104, 105, 107, 108, 109, 111, 112, 113, 115, 116, 118, 119, 120, 121, 122, 124, 125, 126, 127, 128, 130, 131, 132, 134, 135, 136, 137, 139, 140, 141, 142]","[[56, 57], [99, 102], [103, 106], [107, 110], [111, 114], [115, 117], [118, 123], [124, 129], [130, 133], [134, 138], [139, 143]]",e | chợ | búa | rẩu | rác | từ | trong | trứng | rồi | nước | luôn,,partial_match,xlmr_token_classifier,402.0
vihos_dev_403,dev,Mé có cc hết được nghĩ gì vậy má 😨😨,,,,,,,,,,,"[0, 1, 6, 7, 30, 31]","[[0, 2], [6, 8], [30, 32]]",Mé | cc | má,,,"[0, 1, 6, 7, 9, 10, 11, 13, 14, 15, 16, 18, 19, 20, 21, 30, 31]","[[0, 2], [6, 8], [9, 12], [13, 17], [18, 22], [30, 32]]",Mé | cc | hết | được | nghĩ | má,,partial_match,xlmr_token_classifier,403.0
vihos_dev_407,dev,Bệnh nhân 17 ( cái nôi của sự lây bệnh ) 😐,,,,,,,,,,,"[15, 16, 17, 18, 19, 20, 21, 22, 23, 24, 25, 26, 27, 28, 29, 30, 31, 32, 33, 34, 35, 36, 37]","[[15, 38]]",cái nôi của sự lây bệnh,,,[],[],,,false_negative,xlmr_token_classifier,407.0
vihos_dev_409,dev,"Cuốn dell nhặt đc mồm, toàn danh hài đất Việt :))",,,,,,,,,,,"[5, 6, 7, 8]","[[5, 9]]",dell,,,"[5, 6, 7, 8, 18, 19, 20]","[[5, 9], [18, 21]]",dell | mồm,,partial_match,xlmr_token_classifier,409.0
vihos_dev_415,dev,"TD điên, VHL láu cá câu view. Dù vậy mùa dịch ở nhà coi cũng đỡ buồn. Hi hi",,,,,,,,,,,"[3, 4, 5, 6, 13, 14, 15, 16, 17, 18]","[[3, 7], [13, 19]]",điên | láu cá,,,"[3, 4, 5, 6, 13, 14, 15]","[[3, 7], [13, 16]]",điên | láu,,partial_match,xlmr_token_classifier,415.0
vihos_dev_416,dev,"Cỗ bàn thế này vẫn chén dc ae nhể Gấu Bốn Mắt, Phạm Phương Nga, Độc Muỗi.bọn m chỉ có ko ăn cứt nát và lá xoan thôi",,,,,,,,,,,"[77, 89, 90, 91, 92, 93, 94, 95, 96, 97, 98, 99, 100, 101, 102, 103, 104, 105, 106, 107, 108, 109]","[[77, 78], [89, 110]]",m | ăn cứt nát và lá xoan,,,"[34, 35, 36, 38, 39, 40, 42, 43, 44, 64, 65, 66, 68, 69, 70, 71, 73, 74, 75, 77, 92, 93, 94, 96, 97, 98, 100, 101, 103, 104, 106, 107, 108, 109]","[[34, 37], [38, 41], [42, 45], [64, 67], [68, 72], [73, 76], [77, 78], [92, 95], [96, 99], [100, 102], [103, 105], [106, 110]]",Gấu | Bốn | Mắt | Độc | Muỗi | bọn | m | cứt | nát | và | lá | xoan,,partial_match,xlmr_token_classifier,416.0
vihos_dev_419,dev,CSVN đi đâu chả gây chuyện,,,,,,,,,,,"[12, 13, 14, 16, 17, 18, 19, 20, 21, 22, 23, 24, 25]","[[12, 15], [16, 26]]",chả | gây chuyện,,,[],[],,,false_negative,xlmr_token_classifier,419.0
vihos_dev_420,dev,"Đổ đổ cc, ad bộ mày muốn cưa chưn rồi bà bộ trưởng đến thăm mày rồi đổ thừa cho cái số à?! Đm, khôn thì im đi nha, tụi nó không có lương tâm đâu, sẽ hiếp nắng mày cho tới chết đó, ý tao là ám chỉ mấy thằng dư luận viên kìa.",,,,,,,,,,,"[6, 7, 16, 17, 18, 25, 26, 27, 28, 29, 30, 31, 32, 60, 61, 62, 91, 92, 104, 105, 115, 116, 117, 118, 119, 120, 122, 123, 124, 125, 126, 127, 128, 129, 130, 131, 132, 133, 134, 135, 136, 137, 138, 139, 149, 150, 151, 152, 159, 160, 161, 171, 172, 173, 174, 182, 183, 184, 196, 197, 198, 199, 200, 201, 202, 203, 204, 205, 206, 207, 208, 209, 210, 211, 212, 213, 214, 215, 216, 217]","[[6, 8], [16, 19], [25, 33], [60, 63], [91, 93], [104, 106], [115, 121], [122, 140], [149, 153], [159, 162], [171, 175], [182, 185], [196, 218]]",cc | mày | cưa chưn | mày | Đm | im | tụi nó | không có lương tâm | hiếp | mày | chết | tao | mấy thằng dư luận viên,,,"[6, 7, 16, 17, 18, 25, 26, 27, 29, 30, 31, 32, 60, 61, 62, 91, 92, 115, 116, 117, 119, 120, 122, 123, 124, 125, 126, 128, 129, 131, 132, 133, 134, 135, 137, 138, 139, 149, 150, 151, 152, 154, 155, 156, 157, 159, 160, 161, 163, 164, 165, 171, 172, 173, 174, 182, 183, 184, 200, 201, 202, 203, 204]","[[6, 8], [16, 19], [25, 28], [29, 33], [60, 63], [91, 93], [115, 118], [119, 121], [122, 127], [128, 130], [131, 136], [137, 140], [149, 153], [154, 158], [159, 162], [163, 166], [171, 175], [182, 185], [200, 205]]",cc | mày | cưa | chưn | mày | Đm | tụi | nó | không | có | lương | tâm | hiếp | nắng | mày | cho | chết | tao | thằng,,partial_match,xlmr_token_classifier,420.0
vihos_dev_422,dev,nhắn thêm chữ địt chị mày nữa chất vlon a êiiiii,,,,,,,,,,,"[14, 15, 16, 17, 18, 19, 20, 21, 22, 23, 24, 35, 36, 37, 38]","[[14, 25], [35, 39]]",địt chị mày | vlon,,,"[14, 15, 16, 22, 23, 24, 35, 36, 37, 38]","[[14, 17], [22, 25], [35, 39]]",địt | mày | vlon,,partial_match,xlmr_token_classifier,422.0
vihos_dev_424,dev,Con đĩ Linh nc ngu vãi! Ai xuống thăm nó chưa nhỉ,,,,,,,,,,,"[0, 1, 2, 3, 4, 5, 15, 16, 17, 38, 39]","[[0, 6], [15, 18], [38, 40]]",Con đĩ | ngu | nó,,,"[0, 1, 2, 4, 5, 15, 16, 17, 19, 20, 21, 38, 39]","[[0, 3], [4, 6], [15, 18], [19, 22], [38, 40]]",Con | đĩ | ngu | vãi | nó,,partial_match,xlmr_token_classifier,424.0
vihos_dev_425,dev,Thứ dô diên,,,,,,,,,,,"[0, 1, 2, 3, 4, 5, 6, 7, 8, 9, 10]","[[0, 11]]",Thứ dô diên,,,"[0, 1, 2, 4, 5, 7, 8, 9, 10]","[[0, 3], [4, 6], [7, 11]]",Thứ | dô | diên,,partial_match,xlmr_token_classifier,425.0
vihos_dev_427,dev,Ng bố của năm,,,,,,,,,,,[],[],,,,"[0, 1]","[[0, 2]]",Ng,,false_positive,xlmr_token_classifier,427.0
vihos_dev_429,dev,Trường Giang ụa . Bả biết bả nhiễm s bả đ chịu khai báo cách ly đi . Chị bả nhiễm nguy cơ lay cho bả là rất cao . Hành khánh trên chuyến bay đó cũg bị nhiễm theo . Lớn r chứ phải con nít con noi,,,,,,,,,,,"[40, 164, 165, 166, 167, 168, 169, 170, 171, 172, 173, 174, 175, 176, 177, 178, 179, 180, 181, 182, 183, 184, 185, 186, 187, 188, 189, 190, 191, 192, 193]","[[40, 41], [164, 194]]",đ | Lớn r chứ phải con nít con noi,,,"[40, 179, 180, 181, 183, 184, 185, 187, 188, 189, 191, 192, 193]","[[40, 41], [179, 182], [183, 186], [187, 190], [191, 194]]",đ | con | nít | con | noi,,partial_match,xlmr_token_classifier,429.0
vihos_dev_430,dev,khó mõm nó lại 😏,,,,,,,,,,,"[0, 1, 2, 3, 4, 5, 6, 7, 8, 9, 10, 11, 12]","[[0, 13]]",khó mõm nó,,,"[0, 1, 2, 5, 6, 8, 10, 11, 19]","[[0, 3], [5, 7], [8, 9], [10, 12], [19, 20]]",kho | mo | m | no | 😏,,partial_match,xlmr_token_classifier,430.0
vihos_dev_435,dev,Kệ mẹ ngta đi. Soi mói làm cái lồn gi,,,,,,,,,,,"[0, 1, 2, 3, 4, 5, 6, 7, 8, 9, 31, 32, 33]","[[0, 10], [31, 34]]",Kệ mẹ ngta | lồn,,,"[1, 3, 4, 17, 19, 20, 21, 31, 32, 33]","[[1, 2], [3, 5], [17, 18], [19, 22], [31, 34]]",ệ | mẹ | i | mói | lồn,,partial_match,xlmr_token_classifier,435.0
vihos_dev_436,dev,chuyện tâm linh địt lỗ đít từ ba gà,,,,,,,,,,,"[17, 18, 19, 20, 21, 22, 23, 24, 25, 26, 27, 28, 29, 38, 39, 40]","[[17, 30], [38, 41]]",địt lỗ đít | gà,,,"[17, 18, 20, 22, 23, 24, 26, 27, 28, 29]","[[17, 19], [20, 21], [22, 25], [26, 30]]",đi | t | lỗ | đít,,partial_match,xlmr_token_classifier,436.0
vihos_dev_437,dev,"Nhật Ký Yêu Nước nói vấn đề này rất chính xác vì làm cán bộ công chức trong bộ máy nhà nước mới có nhiều cách tham ô , nhũng nhiễu , hối lộ , chạy chọt và manh mún , thì mới có biệt phủ siêu xe.",,,,,,,,,,,"[110, 111, 112, 113, 114, 115, 119, 120, 121, 122, 123, 124, 125, 126, 127, 128, 129, 133, 134, 135, 136, 137, 138, 142, 143, 144, 145, 146, 147, 148, 149, 150, 155, 156, 157, 158, 159, 160, 161, 162]","[[110, 116], [119, 130], [133, 139], [142, 151], [155, 163]]",tham ô | nhũng nhiễu | hối lộ | chạy chọt | manh mún,,,"[110, 111, 112, 113, 115, 119, 120, 121, 122, 123, 125, 126, 127, 128, 129, 131, 133, 134, 135, 137, 138, 140, 142, 143, 144, 145, 147, 148, 149, 150, 152, 153, 155, 156, 157, 158, 160, 161, 162, 166, 167, 168, 170, 171, 172, 174, 175, 177, 178, 179, 180, 182, 183, 184, 186, 187, 188, 189, 191, 192]","[[110, 114], [115, 116], [119, 124], [125, 130], [131, 132], [133, 136], [137, 139], [140, 141], [142, 146], [147, 151], [152, 154], [155, 159], [160, 163], [166, 169], [170, 173], [174, 176], [177, 181], [182, 185], [186, 190], [191, 193]]","tham | ô | nhũng | nhiễu | , | hối | lộ | , | chạy | chọt | và | manh | mún | thì | mới | có | biệt | phủ | siêu | xe",,partial_match,xlmr_token_classifier,437.0
vihos_dev_439,dev,Đang khoe đú trend mà nhớ nhung gì dở đây má ><,,,,,,,,,,,[],[],,,,"[10, 11, 42, 43]","[[10, 12], [42, 44]]",đú | má,,false_positive,xlmr_token_classifier,439.0
vihos_dev_442,dev,Mình ko đồng tình với mụ này..nhưng mình lại kết cái câu b k c đẽ... vì mình thấy bọn b k đa phần sống rất chó..nên mình cũng rất ghét...xin lỗi những người ít ỏi b k có đạo đức nhé...,,,,,,,,,,,"[22, 23, 61, 62, 63, 64, 82, 83, 84, 98, 99, 100, 101, 102, 103, 104, 105, 106, 107, 108, 109, 130, 131, 132, 133]","[[22, 24], [61, 65], [82, 85], [98, 110], [130, 134]]",mụ | c đẽ | bọn | sống rất chó | ghét,,,"[22, 23, 59, 61, 63, 64, 82, 83, 84, 86, 107, 108, 109, 130, 131, 132, 133, 165, 167, 168, 170, 171, 172, 174, 175, 176]","[[22, 24], [59, 60], [61, 62], [63, 65], [82, 85], [86, 87], [107, 110], [130, 134], [165, 166], [167, 169], [170, 173], [174, 177]]",mụ | k | c | đẽ | bọn | b | chó | ghét | k | có | đạo | đức,,partial_match,xlmr_token_classifier,442.0
vihos_dev_443,dev,"Éc, ko cần tiêm hockmon mà cũng nữ tính vậy luôn.",,,,,,,,,,,[],[],,,,"[35, 36, 37, 38]","[[35, 39]]",tính,,false_positive,xlmr_token_classifier,443.0
vihos_dev_449,dev,Nếu nó chở về nhà thì tốt nhưng có đéo ai đi về đến nhà qua chốt là cũng phóng ầm ầm :-< còn mấy bố bảo đóng tiền thuế này nọ thế đm ng ta đi làm k đóng à mà đóng đc bn tiền thuế mà mở mồm ra thuế liên tục thế nghe ngứa háng vxl,,,,,,,,,,,"[4, 5, 35, 36, 37, 97, 98, 130, 131, 182, 183, 184, 185, 186, 187, 215, 216, 217, 218, 219, 220, 221, 222, 223, 224, 225, 226, 227]","[[4, 6], [35, 38], [97, 99], [130, 132], [182, 188], [215, 228]]",nó | đéo | bố | đm | mở mồm | ngứa háng vxl,,,"[4, 5, 35, 36, 37, 97, 98, 130, 131, 182, 183, 185, 186, 187, 215, 216, 217, 218, 220, 221, 222, 223, 225, 226, 227]","[[4, 6], [35, 38], [97, 99], [130, 132], [182, 184], [185, 188], [215, 219], [220, 224], [225, 228]]",nó | đéo | bố | đm | mở | mồm | ngứa | háng | vxl,,partial_match,xlmr_token_classifier,449.0
vihos_dev_451,dev,Tóc của đì trây chíp 🤣🤣,,,,,,,,,,,[],[],,,,"[8, 9]","[[8, 10]]",đì,,false_positive,xlmr_token_classifier,451.0
vihos_dev_453,dev,Nhìn mặt thấy mắc ỉ* à :))),,,,,,,,,,,"[14, 15, 16, 17, 18, 19]","[[14, 20]]",mắc ỉ*,,,"[14, 15, 16, 18, 19]","[[14, 17], [18, 20]]",mắc | ỉ*,,partial_match,xlmr_token_classifier,453.0
vihos_dev_454,dev,Vì 1 người tên nhung mà hại bit bao nhiu người,,,,,,,,,,,"[24, 25, 26]","[[24, 27]]",hại,,,[],[],,,false_negative,xlmr_token_classifier,454.0
vihos_dev_458,dev,"Mấy đứa ngồi hóng đi, anh sẽ tận thu tận gốc và chúng mày phải chịu cho điều đó, tất cả vì con cái và dòng họ của tao nghe chưa... thằng nào không chấp nhận tao cho Ung thư và tai nạn hết....",,,,,,,,,,,"[48, 49, 50, 51, 52, 53, 54, 55, 56, 114, 115, 116, 131, 132, 133, 134, 135, 157, 158, 159, 165, 166, 167, 168, 169, 170, 171, 176, 177, 178, 179, 180, 181, 182]","[[48, 57], [114, 117], [131, 136], [157, 160], [165, 172], [176, 183]]",chúng mày | tao | thằng | tao | Ung thư | tai nạn,,,"[0, 48, 49, 50, 51, 52, 54, 55, 56, 114, 115, 116, 131, 132, 133, 134, 135, 157, 158, 159, 165, 166, 167, 169, 170, 171, 173, 174, 176, 177, 178, 180, 181, 182]","[[0, 1], [48, 53], [54, 57], [114, 117], [131, 136], [157, 160], [165, 168], [169, 172], [173, 175], [176, 179], [180, 183]]",M | chúng | mày | tao | thằng | tao | Ung | thư | và | tai | nạn,,partial_match,xlmr_token_classifier,458.0
vihos_dev_462,dev,Chửi cái l linh cá lon,,,,,,,,,,,"[0, 1, 2, 3, 9, 19, 20, 21]","[[0, 4], [9, 10], [19, 22]]",Chửi | l | lon,,,"[0, 1, 2, 3, 9, 16, 17, 19, 20, 21]","[[0, 4], [9, 10], [16, 18], [19, 22]]",Chửi | l | cá | lon,,partial_match,xlmr_token_classifier,462.0
vihos_dev_465,dev,"Cái đmn chứ cá chết nửa tháng rồi mới xét nghiệm, bưng bít hết",,,,,,,,,,,"[4, 5, 6, 15, 16, 17, 18, 50, 51, 52, 53, 54, 55, 56, 57]","[[4, 7], [15, 19], [50, 58]]",đmn | chết | bưng bít,,,"[4, 5, 6, 15, 16, 17, 18]","[[4, 7], [15, 19]]",đmn | chết,,partial_match,xlmr_token_classifier,465.0
vihos_dev_468,dev,Ai trả biết a lắm tiền. Lắm tiền đi du lịch tha bệnh về. Chứ cứ ở quê như e chăn trâu cắt cỏ nuôi cá. Làm sao mà nhiễm bệnh đc. Bệnh Nhà Giàu là thứ bệnh mới,,,,,,,,,,,"[44, 45, 46, 128, 129, 130, 131, 132, 133, 134, 135, 136, 137, 138, 139, 140]","[[44, 47], [128, 141]]",tha | Bệnh Nhà Giàu,,,"[44, 45, 46, 64, 66, 67, 68, 70, 71, 72, 74, 76, 77, 78, 79, 81, 82, 83, 84, 86, 87, 88, 90, 91, 93, 94, 95, 96, 98, 99, 106, 107, 108, 110, 111, 113, 114, 115, 116, 117, 119, 120, 121, 122, 133, 134, 135, 137, 138, 139, 140]","[[44, 47], [64, 65], [66, 69], [70, 73], [74, 75], [76, 80], [81, 85], [86, 89], [90, 92], [93, 97], [98, 100], [106, 109], [110, 112], [113, 118], [119, 123], [133, 136], [137, 141]]",tha | ở | quê | như | e | chăn | trâu | cắt | cỏ | nuôi | cá | sao | mà | nhiễm | bệnh | Nhà | Giàu,,partial_match,xlmr_token_classifier,468.0
vihos_dev_470,dev,Bọn dầy tớ chấp chi.,,,,,,,,,,,"[0, 1, 2, 4, 5, 6, 7, 8, 9, 11, 12, 13, 14]","[[0, 3], [4, 10], [11, 15]]",Bọn | dầy tớ | chấp,,,"[0, 1, 2, 4, 5, 6, 8, 9]","[[0, 3], [4, 7], [8, 10]]",Bọn | dầy | tớ,,partial_match,xlmr_token_classifier,470.0
vihos_dev_471,dev,nhìn mặt con mụ này hãm ko chịu dc,,,,,,,,,,,"[9, 10, 11, 12, 13, 14, 20, 21, 22]","[[9, 15], [20, 23]]",con mụ | hãm,,,"[9, 10, 11, 13, 14, 20, 21, 22]","[[9, 12], [13, 15], [20, 23]]",con | mụ | hãm,,partial_match,xlmr_token_classifier,471.0
vihos_dev_473,dev,"1 con phố đang xinh đẹp, nề niếp bổng thằng chó ad nó ỉa trước cửa nhà nó. Người ta ko cho, nó bảo ỉa như thế để tạo mùi thơm cho khu phố. Nó thích sự khác bjệt là thế",,,,,,,,,,,"[43, 44, 45, 46, 47, 48, 49, 50, 51, 52, 53, 62, 63, 64, 83, 84, 85, 106, 107, 108, 115, 116, 117, 161, 162, 163]","[[43, 54], [62, 65], [83, 86], [106, 109], [115, 118], [161, 164]]",thằng chó | ỉa | nó | nó | ỉa | Nó,,,"[43, 44, 45, 46, 47, 48, 50, 51, 52, 58, 59, 62, 64, 83, 84, 106, 107, 115, 117, 161, 162]","[[43, 49], [50, 53], [58, 60], [62, 63], [64, 65], [83, 85], [106, 108], [115, 116], [117, 118], [161, 163]]",thằng | cho | no | i | a | no | no | i | a | No,,partial_match,xlmr_token_classifier,473.0
vihos_dev_474,dev,Vải lờ thầy😂😂😂,,,,,,,,,,,"[0, 1, 2, 3, 4, 5]","[[0, 6]]",Vải lờ,,,"[1, 2, 4]","[[1, 3], [4, 5]]",ải | l,,partial_match,xlmr_token_classifier,474.0
vihos_dev_475,dev,An dau buoi ...an cut,,,,,,,,,,,"[3, 4, 5, 6, 7, 8, 9, 10, 18, 19, 20]","[[3, 11], [18, 21]]",dau buoi | cut,,,[],[],,,false_negative,xlmr_token_classifier,475.0
vihos_dev_476,dev,Cũng tàm tạm,,,,,,,,,,,[],[],,,,"[5, 6, 7]","[[5, 8]]",tàm,,false_positive,xlmr_token_classifier,476.0
vihos_dev_477,dev,Phim dở vl,,,,,,,,,,,"[8, 9]","[[8, 10]]",vl,,,"[6, 8, 9]","[[6, 7], [8, 10]]",ở | vl,,partial_match,xlmr_token_classifier,477.0
vihos_dev_478,dev,Đúng hay sai nhưng mở mồm ra đòi nửa tỷ là sai cmnr :v đời k ai ăn không của ai đc cái gì đâu :v ngu + tham thì chết thôi :v,,,,,,,,,,,"[47, 48, 49, 50, 97, 98, 99, 100, 101, 102, 103, 104, 105, 106, 112, 113, 114, 115]","[[47, 51], [97, 107], [112, 116]]",cmnr | ngu + tham | chết,,,"[24, 47, 48, 49, 50, 64, 65, 67, 68, 69, 70, 71, 77, 78, 83, 84, 85, 87, 88, 97, 98, 99, 103, 104, 105, 106, 112, 113, 114, 115]","[[24, 25], [47, 51], [64, 66], [67, 72], [77, 79], [83, 86], [87, 89], [97, 100], [103, 107], [112, 116]]",m | cmnr | ăn | không | ai | cái | gì | ngu | tham | chết,,partial_match,xlmr_token_classifier,478.0
vihos_dev_481,dev,Hì hi hí hì hi hí hì bồ lằng nhằg,,,,,,,,,,,[],[],,,,"[21, 22, 24, 25, 26, 27, 29, 30, 31, 32]","[[21, 23], [24, 28], [29, 33]]",bồ | lằng | nhằg,,false_positive,xlmr_token_classifier,481.0
vihos_dev_483,dev,Thằng mặt heo,,,,,,,,,,,"[0, 1, 2, 3, 4, 5, 6, 7, 8, 9, 10, 11, 12, 13, 14]","[[0, 15]]",Thằng mặt heo,,,"[0, 1, 2, 3, 4, 5, 7, 8, 9, 10, 12, 13, 14]","[[0, 6], [7, 11], [12, 15]]",Thằng | mặt | heo,,partial_match,xlmr_token_classifier,483.0
vihos_dev_490,dev,"Chuyện bình thường như cân đường hộp sữa ở thiên đường này.Các vị nghĩ chúng nó ăn như thế đã là ác độc lắm rồi à.Chưa đâu,nó ăn những cái mà quý vị còn chưa thấy kìa.Không từ bất cứ một thủ đoạn nào,ăn không từ một cái gì.Ăn trên xương máu,trên đầu tr",,,,,,,,,,,"[71, 72, 73, 74, 75, 76, 77, 78, 97, 98, 99, 100, 101, 102, 123, 124, 187, 188, 189, 190, 191, 192, 193, 194, 223, 224, 225, 226, 227, 228, 229, 230, 231, 232, 233, 234, 235, 236, 237, 238, 239, 240, 241, 242, 243, 244, 245, 246, 247, 248]","[[71, 79], [97, 103], [123, 125], [187, 195], [223, 249]]","chúng nó | ác độc | nó | thủ đoạn | Ăn trên xương máu,trên đầu",,,"[27, 28, 29, 30, 31, 33, 34, 35, 71, 72, 73, 74, 75, 77, 78, 97, 98, 100, 101, 102, 123, 124, 167, 168, 169, 170, 171, 173, 174, 176, 177, 178, 180, 181, 183, 184, 185, 187, 188, 189, 191, 192, 193, 194, 201, 203, 204, 205, 206, 207, 209, 210, 212, 213, 214, 216, 217, 218, 220, 221, 223, 224, 226, 227, 228, 229, 231, 232, 233, 234, 235, 237, 238, 239, 241, 242, 243, 244, 246, 247, 248, 250, 251]","[[27, 32], [33, 36], [71, 76], [77, 79], [97, 99], [100, 103], [123, 125], [167, 172], [173, 175], [176, 179], [180, 182], [183, 186], [187, 190], [191, 195], [201, 202], [203, 208], [209, 211], [212, 215], [216, 219], [220, 222], [223, 225], [226, 230], [231, 236], [237, 240], [241, 245], [246, 249], [250, 252]]",đường | hộp | chúng | nó | ác | độc | nó | Không | từ | bất | cứ | một | thủ | đoạn | n | không | từ | một | cái | gì | Ăn | trên | xương | máu | trên | đầu | tr,,partial_match,xlmr_token_classifier,490.0
vihos_dev_491,dev,"có liên quan chứ thằng ngu, đóng thuế môi trường cao mà khí hậu vẫn ô nhiễm , do chính quyền quản lý xử phạt yếu kém nên bọn xã thải mới lộng hành, tiền thuế thì nó ăn hết, k phục vụ bảo vệ môi trg",,,,,,,,,,,"[17, 18, 19, 20, 21, 22, 23, 24, 25, 121, 122, 123, 162, 163]","[[17, 26], [121, 124], [162, 164]]",thằng ngu | bọn | nó,,,"[17, 18, 19, 20, 21, 23, 24, 25, 121, 122, 123, 128, 129, 130, 131, 162, 163]","[[17, 22], [23, 26], [121, 124], [128, 132], [162, 164]]",thằng | ngu | bọn | thải | nó,,partial_match,xlmr_token_classifier,491.0
vihos_dev_492,dev,"Thằng giòi bọ thận nguyễn.
Mày xạo để lừa đảo mọi người
Mày nên vào cầu tiêu công cộng chỗ mày đang làm tạp vụ , mày ăn hết cứt ở trong hầm cầu đi
Đúng là cái loại giòi bọ sống chật đất",,,,,,,,,,,"[0, 1, 2, 3, 4, 5, 6, 7, 8, 9, 10, 11, 12, 27, 28, 29, 31, 32, 33, 38, 39, 40, 41, 42, 43, 44, 56, 57, 58, 68, 69, 70, 71, 72, 73, 74, 75, 76, 77, 78, 79, 80, 81, 82, 83, 84, 85, 86, 87, 88, 89, 90, 91, 92, 93, 94, 95, 96, 97, 98, 99, 100, 101, 102, 103, 104, 105, 106, 107, 108, 109, 113, 114, 115, 124, 125, 126, 127, 128, 129, 130, 131, 132, 133, 134, 135, 136, 137, 138, 139, 140, 141, 142, 159, 160, 161, 162, 163, 164, 165, 166, 167, 168, 169, 170, 171, 172, 173, 174, 175, 176, 177, 178, 179, 180, 181, 182, 183, 184]","[[0, 13], [27, 30], [31, 34], [38, 45], [56, 59], [68, 110], [113, 116], [124, 143], [159, 185]]",Thằng giòi bọ | Mày | xạo | lừa đảo | Mày | cầu tiêu công cộng chỗ mày đang làm tạp vụ | mày | cứt ở trong hầm cầu | loại giòi bọ sống chật đất,,,"[0, 1, 2, 3, 4, 6, 7, 8, 9, 11, 12, 27, 28, 29, 31, 32, 33, 38, 39, 40, 42, 43, 44, 56, 57, 58, 91, 92, 93, 113, 114, 115, 124, 125, 126, 159, 160, 161, 162, 164, 165, 166, 167, 169, 170, 172, 173, 174, 175, 177, 178, 179, 180, 182, 183, 184]","[[0, 5], [6, 10], [11, 13], [27, 30], [31, 34], [38, 41], [42, 45], [56, 59], [91, 94], [113, 116], [124, 127], [159, 163], [164, 168], [169, 171], [172, 176], [177, 181], [182, 185]]",Thằng | giòi | bọ | Mày | xạo | lừa | đảo | Mày | mày | mày | cứt | loại | giòi | bọ | sống | chật | đất,,partial_match,xlmr_token_classifier,492.0
vihos_dev_493,dev,"Cán bộ tham nhũng bị bắt tại trận cho hay: ""Ai thề nấy chịu, tui ko có thề nhé!""",,,,,,,,,,,"[7, 8, 9, 10, 11, 12, 13, 14, 15, 16]","[[7, 17]]",tham nhũng,,,"[7, 8, 9, 10, 12, 13, 14, 15, 16]","[[7, 11], [12, 17]]",tham | nhũng,,partial_match,xlmr_token_classifier,493.0
vihos_dev_494,dev,Nhục nhã quá hiếu minh ơi mày la cái loai dơ bẩn . Qúa bây giờ may sang măt may ra . Gu gu gu gu nhục nhã nhục nhã kkkk,,,,,,,,,,,"[0, 1, 2, 3, 4, 5, 6, 7, 26, 27, 28, 33, 34, 35, 36, 37, 38, 39, 40, 41, 42, 43, 44, 45, 46, 47, 63, 64, 65, 67, 68, 69, 70, 71, 72, 73, 74, 76, 77, 78, 85, 86, 88, 89, 91, 92, 94, 95, 97, 98, 99, 100, 101, 102, 103, 104, 106, 107, 108, 109, 110, 111, 112, 113]","[[0, 8], [26, 29], [33, 48], [63, 66], [67, 75], [76, 79], [85, 87], [88, 90], [91, 93], [94, 96], [97, 105], [106, 114]]",Nhục nhã | mày | cái loai dơ bẩn | may | sang măt | may | Gu | gu | gu | gu | nhục nhã | nhục nhã,,,"[0, 1, 2, 3, 5, 6, 7, 26, 27, 28, 37, 38, 39, 40, 42, 43, 45, 46, 47, 63, 64, 65, 97, 98, 99, 100, 102, 103, 104, 106, 107, 108, 109, 111, 112, 113]","[[0, 4], [5, 8], [26, 29], [37, 41], [42, 44], [45, 48], [63, 66], [97, 101], [102, 105], [106, 110], [111, 114]]",Nhục | nhã | mày | loai | dơ | bẩn | may | nhục | nhã | nhục | nhã,,partial_match,xlmr_token_classifier,494.0
vihos_dev_496,dev,"Biết thì thưa thớt, k biết ngậm cặc mà nghe. Cái mồm mày sủa gì tới quan lại tới thằng dân. Thế cái gia đình mày là phản động k thuộc nhà nước việt nam hay sao. Mày phán từ quan tới dân tao thấy gia đình nhà mày chắc chức sắc cũng to. Phán cái đéo gì c",,,,,,,,,,,"[27, 28, 29, 30, 31, 32, 33, 34, 49, 50, 51, 52, 53, 54, 55, 56, 57, 58, 59, 81, 82, 83, 84, 85, 109, 110, 111, 116, 117, 118, 119, 120, 121, 122, 123, 124, 161, 162, 163, 186, 187, 188, 208, 209, 210, 217, 218, 219, 220, 221, 222, 223, 224, 225, 226, 227, 228, 229, 230, 231, 232, 244, 245, 246]","[[27, 35], [49, 60], [81, 86], [109, 112], [116, 125], [161, 164], [186, 189], [208, 211], [217, 233], [244, 247]]",ngậm cặc | mồm mày sủa | thằng | mày | phản động | Mày | tao | mày | chức sắc cũng to | đéo,,,"[0, 1, 2, 3, 5, 6, 7, 9, 10, 11, 12, 14, 15, 16, 17, 20, 22, 23, 24, 25, 27, 28, 29, 30, 32, 33, 34, 49, 50, 51, 53, 54, 55, 57, 58, 59, 81, 82, 83, 84, 85, 109, 110, 111, 116, 117, 118, 119, 121, 122, 123, 124, 161, 162, 163, 186, 187, 188, 208, 209, 210, 244, 245, 246]","[[0, 4], [5, 8], [9, 13], [14, 18], [20, 21], [22, 26], [27, 31], [32, 35], [49, 52], [53, 56], [57, 60], [81, 86], [109, 112], [116, 120], [121, 125], [161, 164], [186, 189], [208, 211], [244, 247]]",Biết | thì | thưa | thớt | k | biết | ngậm | cặc | mồm | mày | sủa | thằng | mày | phản | động | Mày | tao | mày | đéo,,partial_match,xlmr_token_classifier,496.0
vihos_dev_497,dev,Quang Chivas bố tổ sư thằng bại não,,,,,,,,,,,"[13, 14, 15, 16, 17, 18, 19, 20, 22, 23, 24, 25, 26, 27, 28, 29, 30, 31, 32, 33, 34]","[[13, 21], [22, 35]]",bố tổ sư | thằng bại não,,,"[13, 14, 16, 17, 19, 20, 22, 23, 24, 25, 26, 28, 29, 30, 32, 33, 34]","[[13, 15], [16, 18], [19, 21], [22, 27], [28, 31], [32, 35]]",bố | tổ | sư | thằng | bại | não,,partial_match,xlmr_token_classifier,497.0
vihos_dev_499,dev,"Đạo đức giả là hành trang,của các quan.không thể thiếu trong lộ trình quan lộ.",,,,,,,,,,,"[0, 1, 2, 3, 4, 5, 6, 7, 8, 9, 10, 11, 12, 13, 14, 15, 16, 17, 18, 19, 20, 21, 22, 23, 24, 25, 26, 27, 28, 29, 30, 31, 32, 33, 34, 35, 36, 37, 38, 39, 40, 41, 42, 43, 44, 45, 46, 47, 48, 49, 50, 51, 52, 53, 54, 55, 56, 57, 58, 59, 60, 61, 62, 63, 64, 65, 66, 67, 68, 69, 70, 71, 72, 73, 74, 75, 76]","[[0, 77]]","Đạo đức giả là hành trang,của các quan.không thể thiếu trong lộ trình quan lộ",,,"[0, 1, 2, 4, 5, 6, 8, 9, 10]","[[0, 3], [4, 7], [8, 11]]",Đạo | đức | giả,,partial_match,xlmr_token_classifier,499.0
vihos_dev_500,dev,đkm dơ vc,,,,,,,,,,,"[0, 1, 2, 3, 4, 5, 6, 7, 8]","[[0, 9]]",đkm dơ vc,,,"[0, 1, 2, 4, 5, 7, 8]","[[0, 3], [4, 6], [7, 9]]",đkm | dơ | vc,,partial_match,xlmr_token_classifier,500.0
vihos_dev_501,dev,Đu ma ba,,,,,,,,,,,"[0, 1, 2, 3, 4]","[[0, 5]]",Đu ma,,,"[0, 1, 3, 4]","[[0, 2], [3, 5]]",Đu | ma,,partial_match,xlmr_token_classifier,501.0
vihos_dev_502,dev,"Họ coi trọng cái sĩ của họ , thực ra nó là sĩ diện , còn thực tế họ là lu ăn cháo đá bát , thuong cảm cho họ , có não cũng nhu không",,,,,,,,,,,"[71, 72, 73, 74, 75, 76, 77, 78, 79, 80, 81, 82, 83, 84, 85, 86, 87, 111, 112, 113, 114, 115, 116, 117, 118, 119, 120, 121, 122, 123, 124, 125, 126, 127, 128, 129, 130, 131]","[[71, 88], [111, 132]]",lu ăn cháo đá bát | có não cũng nhu không,,,"[71, 72, 74, 75, 77, 78, 79, 80, 82, 83, 85, 86, 87, 91, 92, 93, 94, 95, 96, 98, 99, 100, 102, 103, 104, 106, 107, 111, 112, 114, 115, 116, 118, 119, 120, 121, 123, 124, 125, 127, 128, 129, 130, 131]","[[71, 73], [74, 76], [77, 81], [82, 84], [85, 88], [91, 97], [98, 101], [102, 105], [106, 108], [111, 113], [114, 117], [118, 122], [123, 126], [127, 132]]",lu | ăn | cháo | đá | bát | thuong | cảm | cho | họ | có | não | cũng | nhu | không,,partial_match,xlmr_token_classifier,502.0
vihos_dev_503,dev,Tú cho anh Ba con blue,,,,,,,,,,,[],[],,,,"[14, 15, 16, 18, 19, 20, 21]","[[14, 17], [18, 22]]",con | blue,,false_positive,xlmr_token_classifier,503.0
vihos_dev_506,dev,og tran dan ok bi  nhiem coronna.ma bi nhiẻm beh khat la beh gi? og bi beh B 20 dan đen than kih ko on nen noi nhieu . vui,,,,,,,,,,,"[80, 81, 82, 83, 84, 85, 86, 88, 89, 90, 91, 92, 93, 94, 95]","[[80, 87], [88, 96]]",dan đen | than kih,,,[],[],,,false_negative,xlmr_token_classifier,506.0
vihos_dev_510,dev,Phan Nhuệ Anh ;)) gì vậy má,,,,,,,,,,,[],[],,,,"[25, 26]","[[25, 27]]",má,,false_positive,xlmr_token_classifier,510.0
vihos_dev_511,dev,Đó là lý do tsao lạ đít fai về nhà đi mới thoái mai :)))),,,,,,,,,,,[],[],,,,"[20, 21, 22]","[[20, 23]]",đít,,false_positive,xlmr_token_classifier,511.0
vihos_dev_513,dev,mấy th` ml,,,,,,,,,,,"[4, 5, 6, 7, 8, 9]","[[4, 10]]",th` ml,,,"[4, 5, 6, 8, 9]","[[4, 7], [8, 10]]",th` | ml,,partial_match,xlmr_token_classifier,513.0
vihos_dev_514,dev,Sau khi ông này khỏi bệnh nên cho đi khám não,,,,,,,,,,,"[30, 31, 32, 33, 34, 35, 36, 37, 38, 39, 40, 41, 42, 43, 44]","[[30, 45]]",cho đi khám não,,,"[42, 43, 44]","[[42, 45]]",não,,partial_match,xlmr_token_classifier,514.0
vihos_dev_515,dev,Phim dở vl ạ hihi. Nữ chính đơ hơn nữ phụ,,,,,,,,,,,"[5, 6, 7, 8, 9, 28, 29]","[[5, 10], [28, 30]]",dở vl | đơ,,,"[5, 6, 8, 9, 28, 29, 31, 32, 33, 35, 36, 38, 39, 40]","[[5, 7], [8, 10], [28, 30], [31, 34], [35, 37], [38, 41]]",dở | vl | đơ | hơn | nữ | phụ,,partial_match,xlmr_token_classifier,515.0
vihos_dev_516,dev,"Tôi thấy phản động ở khắp nơi mà nhiều nhất là mấy thằng bán nước, hút máu dân đen. Cứ sủa ra là luật , bọn chó",,,,,,,,,,,"[9, 10, 11, 12, 13, 14, 15, 16, 17, 51, 52, 53, 54, 55, 56, 57, 58, 59, 60, 61, 62, 63, 64, 67, 68, 69, 70, 71, 72, 73, 74, 75, 76, 77, 78, 79, 80, 87, 88, 89, 104, 105, 106, 107, 108, 109, 110]","[[9, 18], [51, 65], [67, 81], [87, 90], [104, 111]]",phản động | thằng bán nước | hút máu dân đe | sủa | bọn chó,,,"[9, 10, 11, 12, 14, 15, 16, 17, 51, 52, 53, 54, 55, 57, 58, 59, 61, 62, 63, 64, 67, 68, 69, 71, 72, 73, 75, 76, 77, 79, 80, 81, 87, 88, 89, 104, 105, 106, 108, 109, 110]","[[9, 13], [14, 18], [51, 56], [57, 60], [61, 65], [67, 70], [71, 74], [75, 78], [79, 82], [87, 90], [104, 107], [108, 111]]",phản | động | thằng | bán | nước | hút | máu | dân | đen | sủa | bọn | chó,,partial_match,xlmr_token_classifier,516.0
vihos_dev_517,dev,Loại mât đậy,,,,,,,,,,,"[0, 1, 2, 3, 4, 5, 6, 7, 8, 9, 10, 11]","[[0, 12]]",Loại mât đậy,,,"[0, 1, 2, 3, 5, 6, 7, 9, 10, 11]","[[0, 4], [5, 8], [9, 12]]",Loại | mât | đậy,,partial_match,xlmr_token_classifier,517.0
vihos_dev_521,dev,Ông Nguyễn Công Khanh đang tự hạ thấp thể chế chính trị csVN,,,,,,,,,,,"[27, 28, 29, 30, 31, 32, 33, 34, 35, 36]","[[27, 37]]",tự hạ thấp,,,"[30, 31, 33, 34, 35, 36]","[[30, 32], [33, 37]]",hạ | thấp,,partial_match,xlmr_token_classifier,521.0
vihos_dev_523,dev,nhà mày khôn vãi lòn,,,,,,,,,,,"[4, 5, 6, 13, 14, 15, 16, 17, 18, 19]","[[4, 7], [13, 20]]",mày | vãi lòn,,,"[4, 5, 6, 13, 14, 15, 17, 18, 19]","[[4, 7], [13, 16], [17, 20]]",mày | vãi | lòn,,partial_match,xlmr_token_classifier,523.0
vihos_dev_524,dev,Chi 3 có lồng đâu mà chùi,,,,,,,,,,,"[9, 10, 11, 12]","[[9, 13]]",lồng,,,[],[],,,false_negative,xlmr_token_classifier,524.0
vihos_dev_525,dev,Đưa lên kiểu này có khi ngày mai nó cho người ra đập bỏ luôn là hiểu nhé 😭,,,,,,,,,,,"[33, 34, 49, 50, 51, 52, 53, 54, 55, 56, 57, 58, 59]","[[33, 35], [49, 60]]",nó | đập bỏ luôn,,,"[33, 34, 49, 50, 51, 53, 54]","[[33, 35], [49, 52], [53, 55]]",nó | đập | bỏ,,partial_match,xlmr_token_classifier,525.0
vihos_dev_528,dev,mấy thằng lờ bị nhồi não suốt ngày chỉ đi canh bợ đít cho đám CS đéo quan tâm tìm hiểu tin tức dc mẹ gì vẫn vào cmt như đúng rồi,,,,,,,,,,,"[0, 1, 2, 3, 4, 5, 6, 7, 8, 9, 10, 11, 16, 17, 18, 19, 20, 21, 22, 23, 47, 48, 49, 50, 51, 52, 58, 59, 60, 61, 62, 63, 65, 66, 67, 98, 99]","[[0, 12], [16, 24], [47, 53], [58, 64], [65, 68], [98, 100]]",mấy thằng lờ | nhồi não | bợ đít | đám CS | đéo | mẹ,,,"[4, 5, 6, 7, 8, 10, 11, 16, 17, 18, 19, 21, 22, 23, 42, 43, 44, 47, 48, 50, 51, 52, 58, 59, 60, 62, 63, 65, 66, 67, 98, 99]","[[4, 9], [10, 12], [16, 20], [21, 24], [42, 45], [47, 49], [50, 53], [58, 61], [62, 64], [65, 68], [98, 100]]",thằng | lờ | nhồi | não | can | bợ | đít | đám | CS | đéo | mẹ,,partial_match,xlmr_token_classifier,528.0
vihos_dev_530,dev,"Xàm, ăn không rảnh rỗi l, dịch ko giúp đc ai thì thôi còn chửi nhau đăng lên, chụp gạo đồ,  trẻ trâu",,,,,,,,,,,"[0, 1, 2, 23, 58, 59, 60, 61, 92, 93, 94, 95, 96, 97, 98, 99]","[[0, 3], [23, 24], [58, 62], [92, 100]]",Xàm | l | chửi | trẻ trâu,,,"[0, 1, 2, 58, 59, 60, 61, 78, 79, 80, 81, 87, 88, 92, 93, 94, 96, 97, 98, 99]","[[0, 3], [58, 62], [78, 82], [87, 89], [92, 95], [96, 100]]",Xàm | chửi | chụp | đồ | trẻ | trâu,,partial_match,xlmr_token_classifier,530.0
vihos_dev_531,dev,Cho nó cướp đê. Mai mốt có gái TQ để chịch. Ngu vl vừa thôi.,,,,,,,,,,,"[4, 5, 7, 8, 9, 10, 27, 28, 29, 37, 38, 39, 40, 41, 44, 45, 46, 47, 48, 49]","[[4, 6], [7, 11], [27, 30], [37, 42], [44, 50]]",nó | cướp | gái | chịch | Ngu vl,,,"[4, 5, 7, 8, 9, 10, 12, 13, 27, 28, 29, 37, 38, 39, 40, 41, 44, 45, 46, 48, 49]","[[4, 6], [7, 11], [12, 14], [27, 30], [37, 42], [44, 47], [48, 50]]",nó | cướp | đê | gái | chịch | Ngu | vl,,partial_match,xlmr_token_classifier,531.0
vihos_dev_532,dev,Riêng lần này tao cười vào mặt cả lò nhà Diva haha,,,,,,,,,,,"[14, 15, 16, 34, 35]","[[14, 17], [34, 36]]",tao | lò,,,"[14, 15, 16]","[[14, 17]]",tao,,partial_match,xlmr_token_classifier,532.0
vihos_dev_535,dev,"Bửa nào kêu bọn đầu gấu giết hết gia đình Ad. Lúc đó nó sẽ post: Giết người thì nó bắt, trộm nó bỏ tù, lương thiện nó tha. Mồ tổ cha mày rảnh hơi, hết chuyện làm hả mậy. Gặp tao là tao giết lun chứ bỏ tù chi",,,,,,,,,,,"[12, 13, 14, 15, 16, 17, 18, 19, 20, 21, 22, 24, 25, 26, 27, 53, 54, 65, 66, 67, 68, 80, 81, 88, 89, 90, 91, 93, 94, 95, 96, 97, 98, 99, 100, 115, 116, 123, 124, 125, 126, 127, 128, 129, 130, 131, 132, 133, 134, 135, 136, 137, 138, 139, 140, 141, 142, 143, 144, 147, 148, 149, 150, 151, 152, 153, 154, 155, 156, 157, 158, 159, 160, 165, 166, 167, 174, 175, 176, 181, 182, 183, 185, 186, 187, 188, 198, 199, 200, 201, 202]","[[12, 23], [24, 28], [53, 55], [65, 69], [80, 82], [88, 92], [93, 101], [115, 117], [123, 145], [147, 161], [165, 168], [174, 177], [181, 184], [185, 189], [198, 203]]",bọn đầu gấu | giết | nó | Giết | nó | trộm | nó bỏ tù | nó | Mồ tổ cha mày rảnh hơi | hết chuyện làm | mậy | tao | tao | giết | bỏ tù,,,"[12, 13, 14, 16, 17, 18, 20, 21, 22, 24, 25, 26, 27, 53, 54, 65, 66, 67, 68, 80, 81, 93, 94, 115, 116, 123, 124, 126, 127, 129, 130, 131, 133, 134, 135, 138, 151, 152, 153, 154, 155, 156, 165, 166, 167, 174, 175, 176, 181, 182, 183, 185, 186, 187, 188, 201, 202]","[[12, 15], [16, 19], [20, 23], [24, 28], [53, 55], [65, 69], [80, 82], [93, 95], [115, 117], [123, 125], [126, 128], [129, 132], [133, 136], [138, 139], [151, 157], [165, 168], [174, 177], [181, 184], [185, 189], [201, 203]]",bọn | đầu | gấu | giết | nó | Giết | nó | nó | nó | Mồ | tổ | cha | mày | ả | chuyện | mậy | tao | tao | giết | tù,,partial_match,xlmr_token_classifier,535.0
vihos_dev_537,dev,Chị 3 cho e 200 triệu đi làm chymmm đi huhuh,,,,,,,,,,,[],[],,,,"[29, 30, 31, 32, 33, 34]","[[29, 35]]",chymmm,,false_positive,xlmr_token_classifier,537.0
vihos_dev_538,dev,"phải thế mới me được mấy thằng lồn vi phạm luật giao thông chứ , bắt hết con mẹ tụi nó đi mấy anh ơi .",,,,,,,,,,,"[25, 26, 27, 28, 29, 30, 31, 32, 33, 73, 74, 75, 76, 77, 78, 79, 80, 81, 82, 83, 84, 85]","[[25, 34], [73, 86]]",thằng lồn | con mẹ tụi nó,,,"[13, 14, 25, 26, 27, 28, 29, 31, 32, 33, 73, 74, 75, 77, 78, 80, 81, 82, 84, 85]","[[13, 15], [25, 30], [31, 34], [73, 76], [77, 79], [80, 83], [84, 86]]",me | thằng | lồn | con | mẹ | tụi | nó,,partial_match,xlmr_token_classifier,538.0
vihos_dev_539,dev,Giàu vậy sao đi lường gạt tiền người ta rồi hổng trả vậy chị ba? Miểng nó văng tùm lum luôn kìa,,,,,,,,,,,"[16, 17, 18, 19, 20, 21, 22, 23, 24, 25, 26, 27, 28, 29, 30, 31, 32, 33, 34, 35, 36, 37, 38, 39, 40, 41, 42, 43, 44, 45, 46, 47, 48, 49, 50, 51, 52, 53, 67, 68, 69, 70, 71, 72, 73, 74, 75, 76, 77, 78, 79, 80, 81, 82, 83, 84, 85, 86, 87, 88]","[[16, 54], [67, 89]]",lường gạt tiền người ta rồi hổng trả | Miểng nó văng tùm lum,,,"[0, 1, 2, 3, 24, 25, 74, 75, 80]","[[0, 4], [24, 26], [74, 76], [80, 81]]",Giàu | ạt | nó | g,,partial_match,xlmr_token_classifier,539.0
vihos_dev_543,dev,Lên báo thì giật tít vậy chứ ngoài đời ông ko phải dậy khôn bọn CA đâu. Nó chẳng chờ cho giang hồ chém nhau xong có ng báo nó mới tới ý. Ong tưởng nó vào can thiệp chắc.,,,,,,,,,,,"[12, 13, 14, 15, 16, 17, 18, 19, 51, 52, 53, 54, 55, 56, 57, 58, 60, 61, 62, 72, 73, 98, 99, 100, 101, 123, 124, 147, 148]","[[12, 20], [51, 59], [60, 63], [72, 74], [98, 102], [123, 125], [147, 149]]",giật tít | dậy khôn | bọn | Nó | chém | nó | nó,,,"[60, 61, 62, 72, 73, 98, 99, 100, 101, 123, 124, 147, 148]","[[60, 63], [72, 74], [98, 102], [123, 125], [147, 149]]",bọn | Nó | chém | nó | nó,,partial_match,xlmr_token_classifier,543.0
vihos_dev_544,dev,Địt mẹ mày thằng ngu lồn,,,,,,,,,,,"[0, 1, 2, 3, 4, 5, 6, 7, 8, 9, 10, 11, 12, 13, 14, 15, 16, 17, 18, 19, 20, 21, 22, 23]","[[0, 24]]",Địt mẹ mày thằng ngu lồn,,,"[0, 1, 2, 4, 5, 7, 8, 9, 11, 12, 13, 14, 15, 17, 18, 19, 21, 22, 23]","[[0, 3], [4, 6], [7, 10], [11, 16], [17, 20], [21, 24]]",Địt | mẹ | mày | thằng | ngu | lồn,,partial_match,xlmr_token_classifier,544.0
vihos_dev_546,dev,Nói í thức như đầu buooi thì lại tự ái.,,,,,,,,,,,"[0, 1, 2, 3, 4, 5, 6, 7, 8, 9, 10, 11, 12, 13, 14, 15, 16, 17, 18, 19, 20, 21, 22, 23, 24, 25, 26, 27, 28, 29, 30, 31, 32, 33, 34, 35, 36, 37]","[[0, 38]]",Nói í thức như đầu buooi thì lại tự ái,,,"[4, 6, 7, 8, 9, 11, 12, 13, 15, 16, 17, 19, 20, 21, 22, 23, 33, 34, 36, 37]","[[4, 5], [6, 10], [11, 14], [15, 18], [19, 24], [33, 35], [36, 38]]",í | thức | như | đầu | buooi | tự | ái,,partial_match,xlmr_token_classifier,546.0
vihos_dev_547,dev,Cô ơi cô lấy cái bai trộn hồ dích hột le nó đi cô,,,,,,,,,,,"[34, 35, 36, 37, 38, 39, 40, 41, 42]","[[34, 43]]",hột le nó,,,[],[],,,false_negative,xlmr_token_classifier,547.0
vihos_dev_548,dev,Em thử tranh luận chính trị với đám cầu thủ đỏ đó... sẽ thấy tụi nó chửi em ko khác gì bọn bò đỏ nhé,,,,,,,,,,,"[32, 33, 34, 35, 36, 37, 38, 39, 40, 41, 42, 43, 44, 45, 61, 62, 63, 64, 65, 66, 68, 69, 70, 71, 87, 88, 89, 90, 91, 92, 93, 94, 95]","[[32, 46], [61, 67], [68, 72], [87, 96]]",đám cầu thủ đỏ | tụi nó | chửi | bọn bò đỏ,,,"[32, 33, 34, 36, 37, 38, 40, 41, 42, 44, 45, 61, 62, 63, 65, 66, 68, 69, 70, 71, 87, 88, 89, 91, 92, 94, 95]","[[32, 35], [36, 39], [40, 43], [44, 46], [61, 64], [65, 67], [68, 72], [87, 90], [91, 93], [94, 96]]",đám | cầu | thủ | đỏ | tụi | nó | chửi | bọn | bò | đỏ,,partial_match,xlmr_token_classifier,548.0
vihos_dev_549,dev,Xin lỗi nhưng mà bạn nói chuyện thiếu i ốt vcl ra bạn Đỗ Huy ạ.,,,,,,,,,,,"[32, 33, 34, 35, 36, 37, 38, 39, 40, 41, 42, 43, 44, 45, 46, 47, 48]","[[32, 49]]",thiếu i ốt vcl ra,,,"[40, 41, 43, 44, 45]","[[40, 42], [43, 46]]",ốt | vcl,,partial_match,xlmr_token_classifier,549.0
vihos_dev_552,dev,Diệu Linh cái thứ nulooo,,,,,,,,,,,"[18, 19, 20, 21, 22, 23]","[[18, 24]]",nulooo,,,[],[],,,false_negative,xlmr_token_classifier,552.0
vihos_dev_554,dev,Phải xử lý hình sự mới sáng mắt ra đc !,,,,,,,,,,,[],[],,,,"[16, 17]","[[16, 18]]",sự,,false_positive,xlmr_token_classifier,554.0
vihos_dev_556,dev,"Dịch bệnh không đáng sợ bằng ý thức, đạo đức của một số người 😟",,,,,,,,,,,[],[],,,,"[10, 11, 12, 13, 14, 16, 17, 18, 19, 21, 22, 24, 25, 26, 27, 29, 31, 32, 33, 34]","[[10, 15], [16, 20], [21, 23], [24, 28], [29, 30], [31, 35]]",không | đáng | sợ | bằng | ý | thức,,false_positive,xlmr_token_classifier,556.0
vihos_dev_559,dev,Tran Dan khung lam tro con nich,,,,,,,,,,,"[9, 10, 11, 12, 13, 15, 16, 17, 18, 19, 20, 21, 22, 23, 24, 25, 26, 27, 28, 29, 30]","[[9, 14], [15, 31]]",khung | lam tro con nich,,,[],[],,,false_negative,xlmr_token_classifier,559.0
vihos_dev_560,dev,Luv,,,,,,,,,,,[],[],,,,"[0, 1, 2]","[[0, 3]]",Luv,,false_positive,xlmr_token_classifier,560.0
vihos_dev_561,dev,Sử đẹp thật đẹp cho nó biết lễ độ và phép tắt,,,,,,,,,,,"[0, 1, 2, 3, 4, 5, 20, 21]","[[0, 6], [20, 22]]",Sử đẹp | nó,,,[],[],,,false_negative,xlmr_token_classifier,561.0
vihos_dev_562,dev,Móc lên ngửi đấy mà. Dơ vcl 🤣🤣,,,,,,,,,,,"[0, 1, 2, 8, 9, 10, 11, 21, 22, 23, 24, 25, 26]","[[0, 3], [8, 12], [21, 27]]",Móc | ngửi | Dơ vcl,,,"[21, 22, 24, 25, 26]","[[21, 23], [24, 27]]",Dơ | vcl,,partial_match,xlmr_token_classifier,562.0
vihos_dev_565,dev,Chỉ có là các chị bên mẽo có cái lồn. Chị 3 đéo có. Chị thua người ta cái đó đấy tên Nhạc Bất Quần.,,,,,,,,,,,"[29, 30, 31, 32, 33, 34, 35, 44, 45, 46, 81, 82, 83, 84, 85, 86, 87, 88, 89, 90, 91, 92, 93, 94, 95, 96, 97]","[[29, 36], [44, 47], [81, 98]]",cái lồn | đéo | tên Nhạc Bất Quần,,,"[22, 23, 24, 33, 34, 35, 44, 45, 46, 90, 91, 92, 94, 95, 96, 97]","[[22, 25], [33, 36], [44, 47], [90, 93], [94, 98]]",mẽo | lồn | đéo | Bất | Quần,,partial_match,xlmr_token_classifier,565.0
vihos_dev_568,dev,Hết chuyện nói thì dùng hành động để hâm nóng tình cảm nên ngu thế,,,,,,,,,,,"[59, 60, 61]","[[59, 62]]",ngu,,,"[4, 5, 6, 7, 8, 9, 19, 20, 21, 22, 24, 25, 26, 27, 29, 30, 31, 32, 34, 35, 37, 38, 39, 41, 42, 43, 44, 46, 47, 48, 49, 51, 52, 53, 59, 60, 61]","[[4, 10], [19, 23], [24, 28], [29, 33], [34, 36], [37, 40], [41, 45], [46, 50], [51, 54], [59, 62]]",chuyện | dùng | hành | động | để | hâm | nóng | tình | cảm | ngu,,partial_match,xlmr_token_classifier,568.0
vihos_dev_569,dev,"Bọn Trung cẩu vào những ngày tết cũng kẹt cứng con người. Thế mà nó chỉ đứng thứ 2sau Mỹ. Sao ad so sánh ngu nhỉ. Các thành phố lớn đều là dân nhập cư, tết họ cùng ùa ra mà về quê, ko kẹt xe, cháy vé tàu thì đâu gọi là tết.",,,,,,,,,,,"[0, 1, 2, 10, 11, 12, 65, 66, 105, 106, 107]","[[0, 3], [10, 13], [65, 67], [105, 108]]",Bọn | cẩu | nó | ngu,,,"[0, 1, 2, 10, 11, 12, 38, 39, 40, 65, 66, 105, 106, 107]","[[0, 3], [10, 13], [38, 41], [65, 67], [105, 108]]",Bọn | cẩu | kẹt | nó | ngu,,partial_match,xlmr_token_classifier,569.0
vihos_dev_570,dev,K chơi mấy trò này chó lấy j nuôi bụng bầu?,,,,,,,,,,,"[19, 20, 21]","[[19, 22]]",chó,,,"[19, 20, 21, 23, 24, 25, 27, 34, 35, 36, 37, 39, 40, 41]","[[19, 22], [23, 26], [27, 28], [34, 38], [39, 42]]",chó | lấy | j | bụng | bầu,,partial_match,xlmr_token_classifier,570.0
vihos_dev_571,dev,Lỗ đít nè chơi đi,,,,,,,,,,,"[0, 1, 2, 3, 4, 5]","[[0, 6]]",Lỗ đít,,,"[0, 1, 3, 4, 5]","[[0, 2], [3, 6]]",Lỗ | đít,,partial_match,xlmr_token_classifier,571.0
vihos_dev_573,dev,bắn bỏ,,,,,,,,,,,"[0, 1, 2, 3, 4, 5]","[[0, 6]]",bắn bỏ,,,"[0, 1, 2, 4, 5]","[[0, 3], [4, 6]]",bắn | bỏ,,partial_match,xlmr_token_classifier,573.0
vihos_dev_574,dev,con nay nhu con dien,,,,,,,,,,,"[0, 1, 2, 12, 13, 14, 15, 16, 17, 18, 19]","[[0, 3], [12, 20]]",con | con dien,,,"[0, 1, 2, 12, 13, 14, 16, 17, 18, 19]","[[0, 3], [12, 15], [16, 20]]",con | con | dien,,partial_match,xlmr_token_classifier,574.0
vihos_dev_577,dev,Cứ phải chửi cho mới chịu im :))),,,,,,,,,,,"[8, 9, 10, 11, 26, 27]","[[8, 12], [26, 28]]",chửi | im,,,"[8, 9, 10, 11]","[[8, 12]]",chửi,,partial_match,xlmr_token_classifier,577.0
vihos_dev_578,dev,gác cu ...... là tiếng địa phương của người đi bẫy chim cu,,,,,,,,,,,[],[],,,,"[0, 1, 2, 4, 5, 47, 48, 49, 51, 52, 53, 54, 56, 57]","[[0, 3], [4, 6], [47, 50], [51, 55], [56, 58]]",gác | cu | bẫy | chim | cu,,false_positive,xlmr_token_classifier,578.0
vihos_dev_580,dev,Noi giong biet dot nat k dao duc,,,,,,,,,,,"[15, 16, 17, 18, 19, 20, 21, 23, 24, 25, 26, 27, 28, 29, 30, 31]","[[15, 22], [23, 32]]",dot nat | k dao duc,,,"[25, 26, 27]","[[25, 28]]",dao,,partial_match,xlmr_token_classifier,580.0
vihos_dev_582,dev,Lệ đĩ mà. Em nó nghĩ tiền của PA chắc từ trời rơi xuống.,,,,,,,,,,,"[3, 4, 10, 11, 12, 13, 14]","[[3, 5], [10, 15]]",đĩ | Em nó,,,"[0, 1, 3, 4, 13, 14]","[[0, 2], [3, 5], [13, 15]]",Lệ | đĩ | nó,,partial_match,xlmr_token_classifier,582.0
vihos_dev_583,dev,Bổ chết moẹ abe bây giờ,,,,,,,,,,,"[0, 1, 2, 3, 4, 5, 6, 7, 8, 9, 10]","[[0, 11]]",Bổ chết moẹ,,,"[3, 4, 5, 6, 8, 9, 10]","[[3, 7], [8, 11]]",chết | moẹ,,partial_match,xlmr_token_classifier,583.0
vihos_dev_586,dev,Bộ mà ko dc phép của chính phủ. Của Bộ chính trị thì bố của bộ cug đéo dám quyết !,,,,,,,,,,,"[67, 68, 69]","[[67, 70]]",đéo,,,"[53, 54, 56, 57, 58, 60, 61, 63, 64, 65, 67, 68, 69]","[[53, 55], [56, 59], [60, 62], [63, 66], [67, 70]]",bố | của | bộ | cug | đéo,,partial_match,xlmr_token_classifier,586.0
vihos_dev_588,dev,Địt nhau,,,,,,,,,,,"[0, 1, 2]","[[0, 3]]",Địt,,,"[0, 1, 2, 4, 5, 6, 7]","[[0, 3], [4, 8]]",Địt | nhau,,partial_match,xlmr_token_classifier,588.0
vihos_dev_591,dev,Đĩ mẹ nhà nó 🙂,,,,,,,,,,,"[0, 1, 2, 3, 4, 5, 6, 7, 8, 9, 10, 11]","[[0, 12]]",Đĩ mẹ nhà nó,,,"[0, 1, 3, 4, 6, 7, 8, 10, 11]","[[0, 2], [3, 5], [6, 9], [10, 12]]",Đĩ | mẹ | nhà | nó,,partial_match,xlmr_token_classifier,591.0
vihos_dev_592,dev,Lữ bố cao bằng chất quá🙄,,,,,,,,,,,[],[],,,,"[0, 1, 3, 4]","[[0, 2], [3, 5]]",Lữ | bố,,false_positive,xlmr_token_classifier,592.0
vihos_dev_597,dev,CÁI ĐÓ LÀ THIẾU NHA BẠN :) CÒN CÁI LOẠI ĐI BẮT BẺ NHƯ BẠN MÀ CŨNG BẮT BẺ NGU NHƯ BÒ ? CHÍNH TÃ LÀ CHÍNH GÌ ?,,,,,,,,,,,"[31, 32, 33, 34, 35, 36, 37, 38, 73, 74, 75, 76, 77, 78, 79, 80, 81, 82]","[[31, 39], [73, 83]]",CÁI LOẠI | NGU NHƯ BÒ,,,"[43, 44, 45, 47, 48, 66, 67, 68, 71, 73, 74, 75, 77, 78, 79, 81, 82]","[[43, 46], [47, 49], [66, 69], [71, 72], [73, 76], [77, 80], [81, 83]]",BẮT | BẺ | BẮT | Ẻ | NGU | NHƯ | BÒ,,partial_match,xlmr_token_classifier,597.0
vihos_dev_598,dev,Chí Nhân đuỹ moẹ :)))))),,,,,,,,,,,"[9, 10, 11, 12, 13, 14, 15]","[[9, 16]]",đuỹ moẹ,,,"[9, 10, 11, 13, 14, 15]","[[9, 12], [13, 16]]",đuỹ | moẹ,,partial_match,xlmr_token_classifier,598.0
vihos_dev_607,dev,"Dm tao còn nhớ lần t đi thi học sinh giỏi lớp 9 môn vật lý mẹ t nấu chè độ cho t ăn , sáng đi thi vui vẻ vào thấy đề dễ làm nhưng mỗi tội mẹ tao nấu độ đen chúng m ạ , nên t làm bài được hết nhưng câu ngu nhất vẫn là 7×7 = 14 đm nhục vl",,,,,,,,,,,"[0, 1, 3, 4, 5, 19, 62, 79, 141, 142, 143, 156, 157, 158, 159, 160, 161, 162, 172, 201, 202, 203, 226, 227, 229, 230, 231, 232, 233, 234, 235]","[[0, 2], [3, 6], [19, 20], [62, 63], [79, 80], [141, 144], [156, 163], [172, 173], [201, 204], [226, 228], [229, 236]]",Dm | tao | t | t | t | tao | chúng m | t | ngu | đm | nhục vl,,,"[0, 1, 3, 4, 5, 19, 59, 60, 62, 79, 138, 139, 141, 142, 143, 152, 153, 154, 156, 157, 158, 159, 160, 162, 172, 201, 202, 203, 226, 227, 229, 230, 231, 232, 234, 235]","[[0, 2], [3, 6], [19, 20], [59, 61], [62, 63], [79, 80], [138, 140], [141, 144], [152, 155], [156, 161], [162, 163], [172, 173], [201, 204], [226, 228], [229, 233], [234, 236]]",Dm | tao | t | mẹ | t | t | mẹ | tao | đen | chúng | m | t | ngu | đm | nhục | vl,,partial_match,xlmr_token_classifier,607.0
vihos_dev_610,dev,Đàn bà mắt bạn bị sau dạ,,,,,,,,,,,[],[],,,,"[0, 1, 2, 4, 5, 7, 8, 9, 11, 12, 13, 15, 16, 18, 19, 20, 22, 23]","[[0, 3], [4, 6], [7, 10], [11, 14], [15, 17], [18, 21], [22, 24]]",Đàn | bà | mắt | bạn | bị | sau | dạ,,false_positive,xlmr_token_classifier,610.0
vihos_dev_611,dev,Thanh Thảo quần què nầy 😪,,,,,,,,,,,[],[],,,,"[11, 12, 13, 14, 16, 17, 18]","[[11, 15], [16, 19]]",quần | què,,false_positive,xlmr_token_classifier,611.0
vihos_dev_612,dev,"Cái này đúng mà, Việt Nam! M có câu 1 ng làm quan cả họ được nhờ mà! Nhưng cái com mẹ quan bjo muốn nó khôn phải lấy bác hồ ra vả vào mặt nó mới khôn lên dc ko cả bố lẫn con đều ngu như nhau cả thôi",,,,,,,,,,,"[27, 79, 80, 81, 82, 83, 84, 100, 101, 127, 128, 138, 139, 141, 142, 143, 144, 145, 146, 147, 148, 149, 150, 151, 152, 178, 179, 180]","[[27, 28], [79, 85], [100, 102], [127, 129], [138, 140], [141, 153], [178, 181]]",M | com mẹ | nó | vả | nó | mới khôn lên | ngu,,,"[27, 79, 80, 81, 83, 84, 100, 101, 127, 128, 134, 135, 136, 138, 139, 178, 179, 180, 182, 183, 184]","[[27, 28], [79, 82], [83, 85], [100, 102], [127, 129], [134, 137], [138, 140], [178, 181], [182, 185]]",M | com | mẹ | nó | vả | mặt | nó | ngu | như,,partial_match,xlmr_token_classifier,612.0
vihos_dev_613,dev,Dối gian lường gạt 😂😂,,,,,,,,,,,"[0, 1, 2, 3, 4, 5, 6, 7, 8, 9, 10, 11, 12, 13, 14, 15, 16, 17]","[[0, 18]]",Dối gian lường gạt,,,[],[],,,false_negative,xlmr_token_classifier,613.0
vihos_dev_614,dev,Má này chưa thấy quan tài chưa đổ lệ nè vậy mà còn chưa xấu mặt sao mà còn lên mạng chửi ta hoài thứ gì đâu á,,,,,,,,,,,"[0, 1, 7, 8, 9, 10, 11, 12, 13, 14, 15, 16, 17, 18, 19, 20, 21, 22, 23, 24, 25, 26, 27, 28, 29, 30, 31, 32, 33, 34, 35, 56, 57, 58, 59, 60, 61, 62, 84, 85, 86, 87, 97, 98, 99, 100, 101, 102, 103, 104, 105, 106]","[[0, 2], [7, 36], [56, 63], [84, 88], [97, 107]]",Má | chưa thấy quan tài chưa đổ lệ | xấu mặt | chửi | thứ gì đâu,,,"[0, 1, 7, 8, 9, 10, 12, 13, 14, 15, 17, 18, 19, 20, 22, 23, 24, 26, 27, 28, 29, 31, 32, 34, 35, 37, 38, 51, 52, 53, 54, 56, 57, 58, 60, 61, 62, 84, 85, 86, 87]","[[0, 2], [7, 11], [12, 16], [17, 21], [22, 25], [26, 30], [31, 33], [34, 36], [37, 39], [51, 55], [56, 59], [60, 63], [84, 88]]",Má | chưa | thấy | quan | tài | chưa | đổ | lệ | nè | chưa | xấu | mặt | chửi,,partial_match,xlmr_token_classifier,614.0
vihos_dev_615,dev,"Rõ là nhà vệ sinh có nước có vòi xịt đầy đủ mà nhiều thành phần cứ suy nghĩ là đồ công cộng nên méo cần phải kỹ,lạ lùng zị đó.",,,,,,,,,,,"[53, 54, 55, 56, 57, 58, 59, 60, 61, 62, 96, 97, 98]","[[53, 63], [96, 99]]",thành phần | méo,,,"[96, 97, 98]","[[96, 99]]",méo,,partial_match,xlmr_token_classifier,615.0
vihos_dev_618,dev,"Lời nghe và hiểu đc 2 câu, chắc t phải học lại trình NGHE - HIỂU lớp 1 😨😨😨",,,,,,,,,,,[],[],,,,"[32, 55, 56, 58, 60, 61, 62, 63]","[[32, 33], [55, 57], [58, 59], [60, 64]]",t | HE | - | HIỂU,,false_positive,xlmr_token_classifier,618.0
vihos_dev_620,dev,Có khi nào đây cũng là cơ hôi làm giàu cho mấy ông mấy bà tay to,,,,,,,,,,,"[58, 59, 60, 61, 62, 63]","[[58, 64]]",tay to,,,"[51, 52, 53, 55, 56, 58, 59, 60, 62, 63]","[[51, 54], [55, 57], [58, 61], [62, 64]]",mấy | bà | tay | to,,partial_match,xlmr_token_classifier,620.0
vihos_dev_624,dev,"Lời khuyên chân thành : gặp mấy con đàn bà chạy xe trên đường thì né tụi nó càng xa càng tốt , lũ dở hơi đó chỉ giỏi làm khổ người khác thôi !!",,,,,,,,,,,"[32, 33, 34, 35, 36, 37, 38, 39, 40, 41, 69, 70, 71, 72, 73, 74, 95, 96, 97, 98, 99, 100, 101, 102, 103]","[[32, 42], [69, 75], [95, 104]]",con đàn bà | tụi nó | lũ dở hơi,,,"[32, 33, 34, 36, 37, 38, 40, 41, 69, 70, 71, 73, 74, 95, 96, 98, 99, 101, 102, 103, 121, 122, 123]","[[32, 35], [36, 39], [40, 42], [69, 72], [73, 75], [95, 97], [98, 100], [101, 104], [121, 124]]",con | đàn | bà | tụi | nó | lũ | dở | hơi | khổ,,partial_match,xlmr_token_classifier,624.0
vihos_dev_628,dev,Ko xây lấy gì ăn :)),,,,,,,,,,,[],[],,,,"[0, 1, 7, 8, 9, 11, 12]","[[0, 2], [7, 10], [11, 13]]",Ko | lấy | gì,,false_positive,xlmr_token_classifier,628.0
vihos_dev_630,dev,Ý thức đéo bằng con ruồi,,,,,,,,,,,"[0, 1, 2, 3, 4, 5, 6, 7, 8, 9, 10, 11, 12, 13, 14, 15, 16, 17, 18, 19, 20, 21, 22, 23]","[[0, 24]]",Ý thức đéo bằng con ruồi,,,"[0, 2, 3, 4, 5, 7, 8, 9, 11, 12, 13, 14, 16, 17, 18, 20, 21, 22, 23]","[[0, 1], [2, 6], [7, 10], [11, 15], [16, 19], [20, 24]]",Ý | thức | đéo | bằng | con | ruồi,,partial_match,xlmr_token_classifier,630.0
vihos_dev_631,dev,Cảm thấy chửi lđao là 1 thú vui xả stress do bọn nó quá ngu và nguy hiểm :))),,,,,,,,,,,"[9, 10, 11, 12, 14, 15, 16, 17, 45, 46, 47, 48, 49, 50, 56, 57, 58, 63, 64, 65, 66, 67, 68, 69, 70, 71]","[[9, 13], [14, 18], [45, 51], [56, 59], [63, 72]]",chửi | lđao | bọn nó | ngu | nguy hiểm,,,"[9, 10, 11, 12, 14, 15, 16, 45, 46, 47, 49, 50, 56, 57, 58, 63, 64, 65, 66, 68, 69, 70, 71]","[[9, 13], [14, 17], [45, 48], [49, 51], [56, 59], [63, 67], [68, 72]]",chửi | lđa | bọn | nó | ngu | nguy | hiểm,,partial_match,xlmr_token_classifier,631.0
vihos_dev_634,dev,Bê đê chúa :)),,,,,,,,,,,"[0, 1, 2, 3, 4, 6, 7, 8, 9]","[[0, 5], [6, 10]]",Bê đê | chúa,,,"[3, 4]","[[3, 5]]",đê,,partial_match,xlmr_token_classifier,634.0
vihos_dev_636,dev,"Giờ ngân sách thu được ở địa phương nào thi chỉ chi tiêu cho địa phương đó. Saigon là nơi nghèo đói, vì bị bọn Mỹ ""Ngụy"" kềm kẹp, bóc lột lâu năm, được CS vào giải phóng, cứu đói, cứ để cho nó thu bao nhiêu xài bấy nhiêu. Không đủ chi thì kệ Saigon, cho nó chết !",,,,,,,,,,,"[90, 91, 92, 93, 94, 95, 96, 97, 98, 107, 108, 109, 114, 115, 116, 117, 118, 119, 121, 122, 123, 124, 125, 126, 127, 130, 131, 132, 133, 134, 135, 136, 190, 191, 254, 255, 257, 258, 259, 260]","[[90, 99], [107, 110], [114, 120], [121, 128], [130, 137], [190, 192], [254, 256], [257, 261]]","nghèo đói | bọn | ""Ngụy"" | kềm kẹp | bóc lột | nó | nó | chết",,,"[90, 91, 92, 93, 94, 96, 97, 98, 107, 108, 109, 114, 115, 116, 117, 118, 119, 121, 122, 123, 125, 126, 127, 130, 131, 132, 134, 135, 136, 190, 191, 254, 255, 257, 258, 259, 260]","[[90, 95], [96, 99], [107, 110], [114, 120], [121, 124], [125, 128], [130, 133], [134, 137], [190, 192], [254, 256], [257, 261]]","nghèo | đói | bọn | ""Ngụy"" | kềm | kẹp | bóc | lột | nó | nó | chết",,partial_match,xlmr_token_classifier,636.0
vihos_dev_638,dev,Táo mà k có cô đẩu thì trả có gì xem,,,,,,,,,,,[],[],,,,"[15, 16, 17, 27, 28]","[[15, 18], [27, 29]]",đẩu | có,,false_positive,xlmr_token_classifier,638.0
vihos_dev_639,dev,Ôi cát mẹt của bả,,,,,,,,,,,"[7, 8, 9, 15, 16]","[[7, 10], [15, 17]]",mẹt | bả,,,"[3, 4, 5, 7, 8, 9]","[[3, 6], [7, 10]]",cát | mẹt,,partial_match,xlmr_token_classifier,639.0
vihos_dev_641,dev,Giựt tiền của minh hiếu mà bài đặc xaoloz ở đây,,,,,,,,,,,"[35, 36, 37, 38, 39, 40]","[[35, 41]]",xaoloz,,,"[0, 1, 2, 3, 35, 36, 37, 38, 39, 40]","[[0, 4], [35, 41]]",Giựt | xaoloz,,partial_match,xlmr_token_classifier,641.0
vihos_dev_645,dev,Mía sâu có đốt nhà dột có nơi ai làm gì nói đàn hoàn mày chửi hết quơ đũa hết vậy mới xin lỗi lại cả cộng đồng bây giờ chửi tiếp bó tay.,,,,,,,,,,,"[53, 54, 55, 57, 58, 59, 60, 119, 120, 121, 122, 129, 130, 131, 132, 133, 134]","[[53, 56], [57, 61], [119, 123], [129, 135]]",mày | chửi | chửi | bó tay,,,"[11, 12, 13, 15, 16, 17, 44, 45, 46, 53, 54, 55, 57, 58, 59, 60, 66, 67, 68, 70, 71, 72, 119, 120, 121, 122]","[[11, 14], [15, 18], [44, 47], [53, 56], [57, 61], [66, 69], [70, 73], [119, 123]]",đốt | nhà | đàn | mày | chửi | quơ | đũa | chửi,,partial_match,xlmr_token_classifier,645.0
vihos_dev_647,dev,Ít nhất thì ngta có bệnh ngta báo chứ k như con Nhung có bệnh mà đi vòng vòng,,,,,,,,,,,"[44, 45, 46]","[[44, 47]]",con,,,"[17, 18, 20, 21, 22, 23, 25, 26, 30, 31, 32, 44, 45, 46, 73, 74, 75, 76]","[[17, 19], [20, 24], [25, 27], [30, 33], [44, 47], [73, 77]]",có | bệnh | ng | báo | con | vòng,,partial_match,xlmr_token_classifier,647.0
vihos_dev_648,dev,Động não:))🙂,,,,,,,,,,,[],[],,,,"[0, 1, 2, 3, 5, 6, 7]","[[0, 4], [5, 8]]",Động | não,,false_positive,xlmr_token_classifier,648.0
vihos_dev_650,dev,Có quốc thể đâu mà nhục.,,,,,,,,,,,"[0, 1, 2, 3, 4, 5, 6, 7, 8, 9, 10, 11, 12, 13, 14, 15, 16, 17, 18, 19, 20, 21, 22, 23, 24, 25, 26, 27]","[[0, 28]]",Có quốc thể đâu mà nhục,,,"[23, 24, 25, 26, 27]","[[23, 28]]",nhục,,partial_match,xlmr_token_classifier,650.0
vihos_dev_654,dev,Sung ban cat 1km thi sao ma trung .dao chem cach 10 m thi lam sao ma đut nha tien chi phet lac,,,,,,,,,,,"[0, 1, 2, 3, 4, 5, 6, 7, 35, 36, 37, 38, 39, 40, 41, 42, 86, 87, 88, 89, 90, 91, 92, 93]","[[0, 8], [35, 43], [86, 94]]",Sung ban | dao chem | phet lac,,,"[39, 40, 41, 42, 69, 70, 71, 87, 88, 89, 91, 92, 93]","[[39, 43], [69, 72], [87, 90], [91, 94]]",chem | đut | het | lac,,partial_match,xlmr_token_classifier,654.0
vihos_dev_656,dev,Cô Minh Hiếu dethw quá à 🥰,,,,,,,,,,,[],[],,,,[17],"[[17, 18]]",w,,false_positive,xlmr_token_classifier,656.0
vihos_dev_657,dev,Tôn Nữ Khiêm Cung bạn thật sáng suốt. Đó là nghề của nó. Nói vậy chứ khi nó cmt nó cũng nhục lắm. Bán lương tâm vài đồng cũng khổ,,,,,,,,,,,"[53, 54, 73, 74, 80, 81, 88, 89, 90, 91, 98, 99, 100, 101, 102, 103, 104, 105, 106, 107, 108, 109, 110]","[[53, 55], [73, 75], [80, 82], [88, 92], [98, 111]]",nó | nó | nó | nhục | Bán lương tâm,,,"[53, 54, 73, 74, 80, 81, 88, 89, 90, 91, 98, 99, 100, 102, 103, 104, 105, 106, 108, 109, 110]","[[53, 55], [73, 75], [80, 82], [88, 92], [98, 101], [102, 107], [108, 111]]",nó | nó | nó | nhục | Bán | lương | tâm,,partial_match,xlmr_token_classifier,657.0
vihos_dev_658,dev,Cái Đảng thối nát,,,,,,,,,,,"[0, 1, 2, 9, 10, 11, 12, 13, 14, 15, 16]","[[0, 3], [9, 17]]",Cái | thối nát,,,"[9, 10, 11, 12, 14, 15, 16]","[[9, 13], [14, 17]]",thối | nát,,partial_match,xlmr_token_classifier,658.0
vihos_dev_659,dev,"Đm, thằng giám đốc này đúng ngu hơn heo. Nó nói mình thì cũng kệ mẹ nó rồi âm thầm đì. Đây lại tố cáo thì khác éo j nhận mình là thằng mặt heo cho cả thiên hạ biết :))))",,,,,,,,,,,"[0, 1, 4, 5, 6, 7, 8, 28, 29, 30, 31, 32, 33, 34, 35, 36, 37, 38, 41, 42, 62, 63, 64, 65, 66, 67, 68, 69, 83, 84, 111, 112, 129, 130, 131, 132, 133, 134, 135, 136, 137, 138, 139, 140, 141]","[[0, 2], [4, 9], [28, 39], [41, 43], [62, 70], [83, 85], [111, 113], [129, 142]]",Đm | thằng | ngu hơn heo | Nó | kệ mẹ nó | đì | éo | thằng mặt heo,,,"[0, 1, 4, 5, 6, 7, 8, 28, 29, 30, 32, 33, 34, 36, 37, 38, 41, 42, 65, 66, 68, 69, 83, 84, 111, 112, 129, 130, 131, 132, 133, 135, 136, 137, 139, 140, 141]","[[0, 2], [4, 9], [28, 31], [32, 35], [36, 39], [41, 43], [65, 67], [68, 70], [83, 85], [111, 113], [129, 134], [135, 138], [139, 142]]",Đm | thằng | ngu | hơn | heo | Nó | mẹ | nó | đì | éo | thằng | mặt | heo,,partial_match,xlmr_token_classifier,659.0
vihos_dev_668,dev,Dòng họ cao sang mà có ng bị vậy hok tiền để trị bệnh tội ghê.,,,,,,,,,,,"[0, 1, 2, 3, 4, 5, 6, 7, 8, 9, 10, 11, 12, 13, 14, 15, 16, 17, 18, 19, 20, 21, 22, 23, 24, 25, 26, 27, 28, 29, 30, 31, 32, 33, 34, 35, 36, 37, 38, 39, 40, 41, 42, 43, 44, 45, 46, 47, 48, 49, 50, 51, 52, 53, 54, 55, 56, 57, 58, 59, 60]","[[0, 61]]",Dòng họ cao sang mà có ng bị vậy hok tiền để trị bệnh tội ghê,,,[],[],,,false_negative,xlmr_token_classifier,668.0
vihos_dev_669,dev,"Tú ông ngu suẩn nhìn mặt và thái độ sặc mùi ""âm hộ""",,,,,,,,,,,"[7, 8, 9, 10, 11, 12, 13, 14, 45, 46, 47, 48, 49]","[[7, 15], [45, 50]]",ngu suẩn | âm hộ,,,"[7, 8, 9, 11, 12, 13, 14, 36, 37, 38, 40, 41, 42, 44, 45, 46, 48, 49, 50]","[[7, 10], [11, 15], [36, 39], [40, 43], [44, 47], [48, 51]]","ngu | suẩn | sặc | mùi | ""âm | hộ""",,partial_match,xlmr_token_classifier,669.0
vihos_dev_670,dev,Thiếu bóng dáng cô Đẩu.,,,,,,,,,,,[],[],,,,[20],"[[20, 21]]",ẩ,,false_positive,xlmr_token_classifier,670.0
vihos_dev_674,dev,"Bán hàng đàng hoàng phải ko, bán hàng lương thiện đúng không, dám cho đối chứng ko, công an cồng đầu chứ ở đó mà xạo xạo, qua mặt thiên hạ hả bưởi",,,,,,,,,,,"[92, 93, 94, 95, 96, 97, 98, 99, 113, 114, 115, 116, 117, 118, 119, 122, 123, 124, 125, 126, 127, 128, 129, 130, 131, 132, 133, 134, 135, 136, 137]","[[92, 100], [113, 120], [122, 138]]",cồng đầu | xạo xạo | qua mặt thiên hạ,,,"[92, 93, 94, 95, 97, 98, 99, 113, 114, 115, 117, 118, 119, 122, 123, 124, 126, 127, 128, 142, 143, 144, 145]","[[92, 96], [97, 100], [113, 116], [117, 120], [122, 125], [126, 129], [142, 146]]",cồng | đầu | xạo | xạo | qua | mặt | bưởi,,partial_match,xlmr_token_classifier,674.0
vihos_dev_676,dev,"Nguyễn Đình Hảo được bài hồng nhan trên 100tr view còn bài bp với sg chẳng lẽ k cần beat , jack nó kết hợp với hoaprox đéo nghe đc gì",,,,,,,,,,,"[96, 97, 119, 120, 121]","[[96, 98], [119, 122]]",nó | đéo,,,"[119, 120, 121]","[[119, 122]]",đéo,,partial_match,xlmr_token_classifier,676.0
vihos_dev_677,dev,vl thế mà vn mình cứ tự nhục... thôi giờ mình thấy bọn nó còn biến thái hơn mình,,,,,,,,,,,"[0, 1, 24, 25, 26, 27, 51, 52, 53, 54, 55, 56, 62, 63, 64, 65, 66, 67, 68, 69, 70]","[[0, 2], [24, 28], [51, 57], [62, 71]]",vl | nhục | bọn nó | biến thái,,,"[0, 1, 21, 22, 24, 25, 26, 27, 51, 52, 53, 55, 56, 62, 63, 64, 65, 67, 68, 69, 70]","[[0, 2], [21, 23], [24, 28], [51, 54], [55, 57], [62, 66], [67, 71]]",vl | tự | nhục | bọn | nó | biến | thái,,partial_match,xlmr_token_classifier,677.0
vihos_dev_681,dev,Đéo thể cãi được vì anh tôi giống . . . À . Gờ đờ ra gon giống anh tôi vl :))),,,,,,,,,,,"[0, 1, 2, 71, 72]","[[0, 3], [71, 73]]",Đéo | vl,,,"[0, 1, 2, 47, 48, 71, 72]","[[0, 3], [47, 49], [71, 73]]",Đéo | đờ | vl,,partial_match,xlmr_token_classifier,681.0
vihos_dev_683,dev,"vậy chứ đại gia nó cũng quất láng, lảm nhãm làm ji cũng đéo có tiền mua đâu",,,,,,,,,,,"[16, 17, 24, 25, 26, 27, 35, 36, 37, 38, 39, 40, 41, 42, 56, 57, 58]","[[16, 18], [24, 28], [35, 43], [56, 59]]",nó | quất | lảm nhãm | đéo,,,"[16, 17, 24, 25, 26, 27, 29, 30, 31, 32, 35, 36, 37, 39, 40, 41, 42, 56, 57, 58]","[[16, 18], [24, 28], [29, 33], [35, 38], [39, 43], [56, 59]]",nó | quất | láng | lảm | nhãm | đéo,,partial_match,xlmr_token_classifier,683.0
vihos_dev_685,dev,Giao ma sao già vay,,,,,,,,,,,[],[],,,,"[12, 13, 14]","[[12, 15]]",già,,false_positive,xlmr_token_classifier,685.0
vihos_dev_686,dev,Thì bjo nó vẫn chiếm đó thôi giải thích để tỏ ra mình ngu hả,,,,,,,,,,,"[8, 9, 15, 16, 17, 18, 19, 54, 55, 56]","[[8, 10], [15, 20], [54, 57]]",nó | chiếm | ngu,,,"[8, 9, 54, 55, 56]","[[8, 10], [54, 57]]",nó | ngu,,partial_match,xlmr_token_classifier,686.0
vihos_dev_689,dev,đọc bài báo xong buồn ĩa đéo chịu đc,,,,,,,,,,,"[22, 23, 25, 26, 27]","[[22, 24], [25, 28]]",ĩa | đéo,,,"[25, 26, 27]","[[25, 28]]",đéo,,partial_match,xlmr_token_classifier,689.0
vihos_dev_690,dev,Thế là bạn nằm yên cho nó hiếp dâm à.:v,,,,,,,,,,,"[23, 24, 26, 27, 28, 29, 30, 31, 32, 33]","[[23, 25], [26, 34]]",nó | hiếp dâm,,,"[23, 24, 26, 27, 28, 29, 31, 32, 33]","[[23, 25], [26, 30], [31, 34]]",nó | hiếp | dâm,,partial_match,xlmr_token_classifier,690.0
vihos_dev_692,dev,Đây là fir :v đéo phả không phận :v ngu thì cũng vừa vừa phai phải thôi chứ :v,,,,,,,,,,,"[14, 15, 16, 36, 37, 38]","[[14, 17], [36, 39]]",đéo | ngu,,,"[14, 15, 16, 18, 19, 20, 36, 37, 38, 57, 58, 59, 60]","[[14, 17], [18, 21], [36, 39], [57, 61]]",đéo | phả | ngu | phai,,partial_match,xlmr_token_classifier,692.0
vihos_dev_693,dev,Bọn dân trí thấp toàn chăm chăm chửi mẹ Nhung mà ko biết những người lí trí nhìn ra bọn du khách nước ngoài trên máy bay đó cũng mang mầm bệnh:))) ngu xuẩn thật:)),,,,,,,,,,,"[0, 1, 2, 3, 4, 5, 6, 7, 8, 9, 10, 11, 12, 13, 14, 15, 32, 33, 34, 35, 37, 38, 84, 85, 86, 147, 148, 149, 150, 151, 152, 153, 154]","[[0, 16], [32, 36], [37, 39], [84, 87], [147, 155]]",Bọn dân trí thấp | chửi | mẹ | bọn | ngu xuẩn,,,"[0, 1, 2, 4, 5, 6, 8, 9, 10, 12, 13, 14, 15, 32, 33, 34, 35, 37, 38, 84, 85, 86, 147, 148, 149, 151, 152, 153, 154]","[[0, 3], [4, 7], [8, 11], [12, 16], [32, 36], [37, 39], [84, 87], [147, 150], [151, 155]]",Bọn | dân | trí | thấp | chửi | mẹ | bọn | ngu | xuẩn,,partial_match,xlmr_token_classifier,693.0
vihos_dev_695,dev,"Chong tham nhung, chang le ng nha chống nguoi nha ???",,,,,,,,,,,"[6, 7, 8, 9, 10, 11, 12, 13, 14, 15]","[[6, 16]]",tham nhung,,,[],[],,,false_negative,xlmr_token_classifier,695.0
vihos_dev_696,dev,Cô ba vàng giả cái () cát không.😂,,,,,,,,,,,"[15, 16, 17, 18, 19, 20, 21, 22, 23, 24, 25, 26, 27, 28, 29, 30]","[[15, 31]]",cái () cát không,,,[],[],,,false_negative,xlmr_token_classifier,696.0
vihos_dev_700,dev,Già mà nói chuyện mất dạy.sau này thế nào củng bị thục lưởi hêt nói chuyện.tiền mà nói như vải chùi l,,,,,,,,,,,"[18, 19, 20, 21, 22, 23, 24, 47, 48, 49, 50, 51, 52, 53, 54, 55, 56, 57, 58, 59, 60, 61, 62, 63, 64, 65, 66, 67, 68, 69, 70, 71, 72, 73, 91, 92, 93, 94, 95, 96, 97, 98, 99, 100]","[[18, 25], [47, 74], [91, 101]]",mất dạy | bị thục lưởi hêt nói chuyện | vải chùi l,,,"[0, 1, 2, 18, 19, 20, 22, 23, 24, 38, 39, 40, 47, 48, 50, 51, 52, 53, 55, 56, 57, 58, 60, 61, 62, 64, 65, 66, 68, 69, 70, 71, 72, 73, 76, 77, 78, 80, 81, 83, 84, 85, 87, 88, 89, 91, 92, 93, 95, 96, 97, 98, 100]","[[0, 3], [18, 21], [22, 25], [38, 41], [47, 49], [50, 54], [55, 59], [60, 63], [64, 67], [68, 74], [76, 79], [80, 82], [83, 86], [87, 90], [91, 94], [95, 99], [100, 101]]",Già | mất | dạy | nào | bị | thục | lưởi | hêt | nói | chuyện | iền | mà | nói | như | vải | chùi | l,,partial_match,xlmr_token_classifier,700.0
vihos_dev_704,dev,Ma mày đau ma mày đau bóp cu ba may sung con cười muốn chết luôn co kim oi,,,,,,,,,,,"[0, 1, 2, 3, 4, 5, 11, 12, 13, 14, 15, 16, 22, 23, 24, 25, 26, 27, 28, 29, 30, 31, 32, 33, 34, 55, 56, 57, 58]","[[0, 6], [11, 17], [22, 35], [55, 59]]",Ma mày | ma mày | bóp cu ba may | chết,,,"[0, 1, 3, 4, 5, 11, 12, 14, 15, 16, 24, 32, 33, 34]","[[0, 2], [3, 6], [11, 13], [14, 17], [24, 25], [32, 35]]",Ma | mày | ma | mày | p | may,,partial_match,xlmr_token_classifier,704.0
vihos_dev_705,dev,:v Mấy thằng này bệnh thật vậy mà cũng nói được !,,,,,,,,,,,"[7, 8, 9, 10, 11, 17, 18, 19, 20]","[[7, 12], [17, 21]]",thằng | bệnh,,,"[5, 7, 8, 9, 10, 11, 43, 44, 45, 46]","[[5, 6], [7, 12], [43, 47]]",y | thằng | được,,partial_match,xlmr_token_classifier,705.0
vihos_dev_707,dev,Chửi chó không mọc được ngà trong khi mình mọc cu :v,,,,,,,,,,,"[0, 1, 2, 3, 28, 29, 30, 31, 32, 33, 34, 35, 36, 37, 38, 39, 40, 41, 42, 43, 44, 45, 46, 47, 48]","[[0, 4], [28, 49]]",Chửi | trong khi mình mọc cu,,,"[0, 1, 2, 3, 5, 6, 7, 9, 10, 11, 12, 13, 15, 16, 17, 19, 20, 21, 22, 24, 25, 26, 47, 48]","[[0, 4], [5, 8], [9, 14], [15, 18], [19, 23], [24, 27], [47, 49]]",Chửi | chó | không | mọc | được | ngà | cu,,partial_match,xlmr_token_classifier,707.0
vihos_dev_709,dev,"Lấy thẻ đảng làm kon mẹ zì trời ? Miếng giấy lộn mà cũng gạt đc người, còn cảnh cáo nữa chứ",,,,,,,,,,,"[17, 18, 19, 20, 21, 22, 34, 35, 36, 37, 38, 39, 40, 41, 42, 43, 44, 45, 46, 47, 48, 49, 50, 51, 52, 53, 54, 55, 56, 57, 58, 59, 60, 61, 62, 63, 64, 65, 66, 67, 68]","[[17, 23], [34, 69]]",kon mẹ | Miếng giấy lộn mà cũng gạt đc người,,,"[17, 18, 19, 21, 22, 35, 36, 37, 38, 47, 52, 53, 54, 55, 57, 58, 59, 75, 76, 77, 78, 80, 81, 82]","[[17, 20], [21, 23], [35, 39], [47, 48], [52, 56], [57, 60], [75, 79], [80, 83]]",kon | mẹ | iếng | n | cũng | gạt | cảnh | cáo,,partial_match,xlmr_token_classifier,709.0
vihos_dev_710,dev,"Tau vn con bi chia sung,thi tau ngu dan lam dc cc gi.",,,,,,,,,,,"[19, 20, 21, 22, 32, 33, 34, 47, 48]","[[19, 23], [32, 35], [47, 49]]",sung | ngu | cc,,,"[7, 8, 9, 11, 12, 14, 15, 16, 17, 19, 20, 21, 22, 32, 33, 34, 47, 48]","[[7, 10], [11, 13], [14, 18], [19, 23], [32, 35], [47, 49]]",con | bi | chia | sung | ngu | cc,,partial_match,xlmr_token_classifier,710.0
vihos_dev_711,dev,"Tui ko cần biết Fomolsa làm cái quần què gì, tui ko cần biết thằng nào làm cái gì ? Trước mắt là phải khắc phục hậu quả, số cá chết nhiễm độc giải quyết làm sao ? Ngư dân vùng ""biển chết"" làm cái nồi gì sống ? Người dân sống trong vùng này sinh hoạt, ă",,,,,,,,,,,"[32, 33, 34, 35, 36, 37, 38, 39, 61, 62, 63, 64, 65, 127, 128, 129, 130, 132, 133, 134, 135, 136, 137, 138, 139, 140, 182, 183, 184, 185, 192, 193, 194, 195, 196, 197, 198]","[[32, 40], [61, 66], [127, 131], [132, 141], [182, 186], [192, 199]]",quần què | thằng | chết | nhiễm độc | chết | cái nồi,,,"[32, 33, 34, 35, 37, 38, 39, 61, 62, 63, 64, 65, 127, 128, 129, 130, 177, 178, 179, 180, 182, 183, 184, 185, 188, 189, 190, 192, 193, 194, 196, 197, 198, 200, 201, 203, 204, 205, 206]","[[32, 36], [37, 40], [61, 66], [127, 131], [177, 181], [182, 186], [188, 191], [192, 195], [196, 199], [200, 202], [203, 207]]",quần | què | thằng | chết | biển | chết | làm | cái | nồi | gì | sống,,partial_match,xlmr_token_classifier,711.0
vihos_dev_712,dev,Bán Nam bán Nữ,,,,,,,,,,,"[0, 1, 2, 3, 4, 5, 6, 7, 8, 9, 10, 11, 12, 13]","[[0, 14]]",Bán Nam bán Nữ,,,"[0, 1, 2, 4, 5, 6, 8, 9, 10, 12, 13]","[[0, 3], [4, 7], [8, 11], [12, 14]]",Bán | Nam | bán | Nữ,,partial_match,xlmr_token_classifier,712.0
vihos_dev_713,dev,Đung tới bac kỳ la em sẽ tiep tuc co cuoc song ko binh yen ne nhe để xem nhieu tap,,,,,,,,,,,"[9, 10, 11, 12, 13, 14, 37, 38, 39, 40, 41, 42, 43, 44, 45, 46, 47, 48, 49, 50, 51, 52, 53, 54, 55, 56, 57]","[[9, 15], [37, 58]]",bac kỳ | cuoc song ko binh yen,,,[],[],,,false_negative,xlmr_token_classifier,713.0
vihos_dev_715,dev,"Các bạn bò đỏ đã thấy tởm chưa, là một công dân thết nghĩ một chế độ tốt , là lo được an sinh xã hội, y tế, giáo dục tốt. Con cái các bạn xinh ra được miễn phí đến khi vào đại học, các bạn bị tai nạn vào viện không phải ứng tiền trước. Thì đó là một chế độ tốt, không một thế lực thù địch nào làm nguy hại đến Tổ Quốc chúng ta",,,,,,,,,,,"[8, 9, 10, 11, 12, 22, 23, 24]","[[8, 13], [22, 25]]",bò đỏ | tởm,,,"[8, 9, 11, 12, 22, 23, 24]","[[8, 10], [11, 13], [22, 25]]",bò | đỏ | tởm,,partial_match,xlmr_token_classifier,715.0
vihos_dev_719,dev,Chị Ba xạo l**,,,,,,,,,,,"[7, 8, 9, 10, 11, 12, 13]","[[7, 14]]",xạo l**,,,"[7, 8, 9, 11, 12, 13]","[[7, 10], [11, 14]]",xạo | l**,,partial_match,xlmr_token_classifier,719.0
vihos_dev_720,dev,Mẹ cái thằng não chó.... dân ta nghèo mới mới làm vậy! Địt mẹ mày biết cái lồn gì mà phán? Pape ngày càng xàm lồn,,,,,,,,,,,"[0, 1, 7, 8, 9, 10, 11, 13, 14, 15, 17, 18, 19, 55, 56, 57, 58, 59, 60, 61, 62, 63, 64, 75, 76, 77, 85, 86, 87, 88, 106, 107, 108, 109, 110, 111, 112]","[[0, 2], [7, 12], [13, 16], [17, 20], [55, 65], [75, 78], [85, 89], [106, 113]]",Mẹ | thằng | não | chó | Địt mẹ mày | lồn | phán | xàm lồn,,,"[0, 1, 3, 4, 5, 7, 8, 9, 10, 11, 13, 14, 15, 17, 18, 19, 55, 56, 57, 59, 60, 62, 63, 64, 75, 76, 77, 106, 107, 108, 110, 111, 112]","[[0, 2], [3, 6], [7, 12], [13, 16], [17, 20], [55, 58], [59, 61], [62, 65], [75, 78], [106, 109], [110, 113]]",Mẹ | cái | thằng | não | chó | Địt | mẹ | mày | lồn | xàm | lồn,,partial_match,xlmr_token_classifier,720.0
vihos_dev_722,dev,Nghe ông này nói dơ lỗ tai 😎,,,,,,,,,,,"[17, 18]","[[17, 19]]",dơ,,,"[17, 18, 20, 21, 23, 24, 25]","[[17, 19], [20, 22], [23, 26]]",dơ | lỗ | tai,,partial_match,xlmr_token_classifier,722.0
vihos_dev_723,dev,Chia tay t bắt bỏ tù hết chia tay cc,,,,,,,,,,,"[9, 15, 16, 17, 18, 19, 34, 35]","[[9, 10], [15, 20], [34, 36]]",t | bỏ tù | cc,,,"[9, 15, 16, 18, 19, 34, 35]","[[9, 10], [15, 17], [18, 20], [34, 36]]",t | bỏ | tù | cc,,partial_match,xlmr_token_classifier,723.0
vihos_dev_727,dev,Té ra nó là thừng mặt heo à.:)),,,,,,,,,,,"[6, 7, 12, 13, 14, 15, 16, 17, 18, 19, 20, 21, 22, 23, 24]","[[6, 8], [12, 25]]",nó | thừng mặt heo,,,"[6, 7, 12, 13, 14, 15, 16, 18, 19, 20, 22, 23, 24]","[[6, 8], [12, 17], [18, 21], [22, 25]]",nó | thừng | mặt | heo,,partial_match,xlmr_token_classifier,727.0
vihos_dev_730,dev,Súc sinh,,,,,,,,,,,"[0, 1, 2, 3, 4, 5, 6, 7]","[[0, 8]]",Súc sinh,,,"[0, 1, 2, 4, 5, 6, 7]","[[0, 3], [4, 8]]",Súc | sinh,,partial_match,xlmr_token_classifier,730.0
vihos_dev_731,dev,Vì thầy xạo lol nè,,,,,,,,,,,"[8, 9, 10, 11, 12, 13, 14]","[[8, 15]]",xạo lol,,,"[8, 9, 10, 12, 13, 14]","[[8, 11], [12, 15]]",xạo | lol,,partial_match,xlmr_token_classifier,731.0
vihos_dev_736,dev,Đầu bui,,,,,,,,,,,"[0, 1, 2, 3, 4, 5, 6]","[[0, 7]]",Đầu bui,,,"[0, 1, 2, 4, 5, 6]","[[0, 3], [4, 7]]",Đầu | bui,,partial_match,xlmr_token_classifier,736.0
vihos_dev_739,dev,"mới có anh công an "" vuốt tóc "" chị bán hàng rong mà bê bết máu luôn ấy chứ!",,,,,,,,,,,"[21, 22, 23, 24, 25, 26, 27, 28, 53, 54, 55, 56, 57, 58, 59, 60, 61, 62]","[[21, 29], [53, 63]]",vuốt tóc | bê bết máu,,,"[21, 22, 23, 24, 26, 27, 28, 30, 53, 54, 56, 57, 58, 60, 61, 62]","[[21, 25], [26, 29], [30, 31], [53, 55], [56, 59], [60, 63]]","vuốt | tóc | "" | bê | bết | máu",,partial_match,xlmr_token_classifier,739.0
vihos_dev_740,dev,Con này mà về việt nam chắc người việt nam đá cailoncatkhong lun quá,,,,,,,,,,,"[0, 1, 2, 54, 55, 56, 57, 58, 59]","[[0, 3], [54, 60]]",Con | cailon,,,"[0, 1, 2, 50, 51, 54, 55, 56, 57, 58, 59, 60, 61, 62]","[[0, 3], [50, 52], [54, 63]]",Con | đa | cailoncat,,partial_match,xlmr_token_classifier,740.0
vihos_dev_744,dev,Địt mẹ tụi trung quốc,,,,,,,,,,,"[0, 1, 2, 3, 4, 5, 6, 7, 8, 9]","[[0, 10]]",Địt mẹ tụi,,,"[0, 1, 2, 4, 5, 7, 8, 9]","[[0, 3], [4, 6], [7, 10]]",Địt | mẹ | tụi,,partial_match,xlmr_token_classifier,744.0
vihos_dev_745,dev,Địt mẹ thằng Vẹo,,,,,,,,,,,"[0, 1, 2, 3, 4, 5, 6, 7, 9, 10, 11, 12, 13, 14]","[[0, 8], [9, 15]]",Địt mẹ | thằng,,,"[0, 1, 3, 5, 6, 9, 10, 11, 12, 13, 14, 16, 17, 19]","[[0, 2], [3, 4], [5, 7], [9, 15], [16, 18], [19, 20]]",Đi | t | me | thằng | Ve | o,,partial_match,xlmr_token_classifier,745.0
vihos_dev_748,dev,Không chạy thầy đòn vô cái chân cho :)),,,,,,,,,,,[],[],,,,"[17, 20, 21, 23, 24, 25, 27, 28, 29, 30]","[[17, 18], [20, 22], [23, 26], [27, 31]]",ò | vô | cái | chân,,false_positive,xlmr_token_classifier,748.0
vihos_dev_750,dev,"Đizz mẹ nó giết dân từ từ hết chuyện này đến chuyện khác lũ chó quân ăn cướp chứ đéo phải là quân iu nước , bây h nó còn rước giặc tàu rồi mở đương cho tàu qua giết dân ta cho nhanh , đưa formosa zề giết dân ta bàn chứng cụ thể ai ai cũng thấy",,,,,,,,,,,"[0, 1, 2, 3, 4, 5, 6, 8, 9, 11, 12, 13, 14, 57, 58, 59, 60, 61, 62, 64, 65, 66, 67, 68, 69, 70, 71, 72, 73, 74, 75, 81, 82, 83, 114, 115, 126, 127, 128, 129, 130, 131, 132, 133, 160, 161, 162, 163, 199, 200, 201, 202]","[[0, 7], [8, 10], [11, 15], [57, 63], [64, 76], [81, 84], [114, 116], [126, 134], [160, 164], [199, 203]]",Đizz mẹ | nó | giết | lũ chó | quân ăn cướp | đéo | nó | giặc tàu | giết | giết,,,"[0, 1, 2, 3, 5, 6, 8, 9, 11, 12, 13, 14, 57, 58, 60, 61, 62, 69, 70, 72, 73, 74, 75, 81, 82, 83, 114, 115, 160, 161, 162, 163, 199, 200, 201, 202]","[[0, 4], [5, 7], [8, 10], [11, 15], [57, 59], [60, 63], [69, 71], [72, 76], [81, 84], [114, 116], [160, 164], [199, 203]]",Đizz | mẹ | nó | giết | lũ | chó | ăn | cướp | đéo | nó | giết | giết,,partial_match,xlmr_token_classifier,750.0
vihos_dev_753,dev,Bong gia xam lol qua,,,,,,,,,,,"[0, 1, 2, 3, 4, 5, 6, 7, 9, 10, 11, 12, 13, 14, 15]","[[0, 8], [9, 16]]",Bong gia | xam lol,,,"[9, 10, 11, 13, 14, 15]","[[9, 12], [13, 16]]",xam | lol,,partial_match,xlmr_token_classifier,753.0
vihos_dev_755,dev,cái loai pe de thiet thoi nam,,,,,,,,,,,"[0, 1, 2, 3, 4, 5, 6, 7, 8, 9, 10, 11, 12, 13]","[[0, 14]]",cái loai pe de,,,"[4, 5, 6, 7]","[[4, 8]]",loai,,partial_match,xlmr_token_classifier,755.0
vihos_dev_756,dev,"Thánh này thông minh lắm, đừng có giỡn nhe,,...lương lẹo lắm à..kk",,,,,,,,,,,[],[],,,,"[47, 48, 49, 50, 51, 53, 54, 55]","[[47, 52], [53, 56]]",lương | lẹo,,false_positive,xlmr_token_classifier,756.0
vihos_dev_757,dev,Ở vn ngày nay có một rừng luật nhưng bọn vc chuyên sài luật rừng !,,,,,,,,,,,"[37, 38, 39, 40, 41, 42, 55, 56, 57, 58, 59, 60, 61, 62, 63]","[[37, 43], [55, 64]]",bọn vc | luật rừng,,,"[37, 38, 39, 41, 42]","[[37, 40], [41, 43]]",bọn | vc,,partial_match,xlmr_token_classifier,757.0
vihos_dev_758,dev,Khug xau xi deo vang gja len cau lai ha con di khug mjeg lok,,,,,,,,,,,"[0, 1, 2, 3, 5, 6, 7, 8, 9, 10, 12, 13, 14, 29, 30, 31, 32, 33, 34, 35, 40, 41, 42, 43, 44, 45, 46, 47, 48, 49, 50]","[[0, 4], [5, 11], [12, 15], [29, 36], [40, 51]]",Khug | xau xi | deo | cau lai | con di khug,,,"[0, 1, 2, 3, 7, 12, 13, 14, 40, 41, 42, 47, 48, 49, 50, 52, 53, 54, 55, 57, 58, 59]","[[0, 4], [7, 8], [12, 15], [40, 43], [47, 51], [52, 56], [57, 60]]",Khug | u | deo | con | khug | mjeg | lok,,partial_match,xlmr_token_classifier,758.0
vihos_dev_761,dev,"Kiêu con bò đỏ này ra cùng đồng bọn bò đỏ con rp cái app Airvisual là HN hết ô nhiễm ngay mà , lo gì 😆",,,,,,,,,,,"[5, 6, 7, 8, 9, 10, 11, 12, 13, 27, 28, 29, 30, 31, 32, 33, 34, 35, 36, 37, 38, 39, 40, 41, 42, 43, 44]","[[5, 14], [27, 45]]",con bò đỏ | đồng bọn bò đỏ con,,,"[5, 6, 7, 9, 10, 12, 13, 36, 37, 39, 40, 42, 43, 44]","[[5, 8], [9, 11], [12, 14], [36, 38], [39, 41], [42, 45]]",con | bò | đỏ | bò | đỏ | con,,partial_match,xlmr_token_classifier,761.0
vihos_dev_762,dev,Bọn kia đi đập chết mẹ dân rồi nhé,,,,,,,,,,,"[0, 1, 2, 11, 12, 13, 14, 15, 16, 17, 18, 19, 20, 21, 22, 23, 24, 25]","[[0, 3], [11, 26]]",Bọn | đập chết mẹ dân,,,"[0, 1, 2, 11, 12, 13, 15, 16, 17, 18, 20, 21]","[[0, 3], [11, 14], [15, 19], [20, 22]]",Bọn | đập | chết | mẹ,,partial_match,xlmr_token_classifier,762.0
vihos_dev_764,dev,"Nhân loại giờ đây giảm bớt ác mộng rồi, chỉ còn góc châu Á còn ác mộng thôi.",,,,,,,,,,,"[52, 53, 54, 55, 56, 57, 58, 59, 60, 61, 62, 63, 64, 65, 66, 67, 68, 69]","[[52, 70]]",châu Á còn ác mộng,,,"[0, 1, 2, 3, 5, 6, 7, 8, 27, 28, 30, 31, 32, 33, 63, 64, 66, 67, 68, 69]","[[0, 4], [5, 9], [27, 29], [30, 34], [63, 65], [66, 70]]",Nhân | loại | ác | mộng | ác | mộng,,partial_match,xlmr_token_classifier,764.0
vihos_dev_768,dev,Mình muốn nói một câu thôi : địt mẹ bọn sống ảo,,,,,,,,,,,"[29, 30, 31, 32, 33, 34, 36, 37, 38]","[[29, 35], [36, 39]]",địt mẹ | bọn,,,"[29, 30, 31, 33, 34, 36, 37, 38, 40, 41, 42, 43, 45, 46]","[[29, 32], [33, 35], [36, 39], [40, 44], [45, 47]]",địt | mẹ | bọn | sống | ảo,,partial_match,xlmr_token_classifier,768.0
vihos_dev_771,dev,cái tay cái tay,,,,,,,,,,,[],[],,,,"[8, 9, 10]","[[8, 11]]",cái,,false_positive,xlmr_token_classifier,771.0
vihos_dev_772,dev,Hồ Nguyễn Quốc Phú thôi thôi chú câm mẹ cái mồm hộ tôi,,,,,,,,,,,"[33, 34, 35, 36, 37, 38, 44, 45, 46]","[[33, 39], [44, 47]]",câm mẹ | mồm,,,"[33, 34, 35, 37, 38, 44, 45, 46]","[[33, 36], [37, 39], [44, 47]]",câm | mẹ | mồm,,partial_match,xlmr_token_classifier,772.0
vihos_dev_773,dev,Sena ám bỏ mẹ,,,,,,,,,,,"[5, 6, 7, 8, 9, 10, 11, 12]","[[5, 13]]",ám bỏ mẹ,,,"[8, 9, 11, 12]","[[8, 10], [11, 13]]",bỏ | mẹ,,partial_match,xlmr_token_classifier,773.0
vihos_dev_774,dev,Mẹ tụi ko có não mới kếu là phản động. Ko hiểu chuyen j ma cu nói tới cs la tụi nó nhảy tưng tưng lên ý như là ăn hết của ông bà ông vãi tụi nó mẹ ngu dốt mà tưởng thông minh,,,,,,,,,,,"[0, 1, 3, 4, 5, 6, 7, 8, 9, 10, 11, 12, 13, 14, 15, 28, 29, 30, 31, 32, 33, 34, 35, 36, 70, 71, 76, 77, 78, 79, 80, 81, 137, 138, 139, 140, 141, 142, 144, 145, 147, 148, 149, 150, 151, 152, 153, 154, 155, 156, 157, 158, 159, 160, 161, 162, 163, 164, 165, 166, 167, 168, 169, 170, 171, 172, 173]","[[0, 2], [3, 16], [28, 37], [70, 72], [76, 82], [137, 143], [144, 146], [147, 174]]",Mẹ | tụi ko có não | phản động | cs | tụi nó | tụi nó | mẹ | ngu dốt mà tưởng thông minh,,,"[0, 1, 3, 4, 5, 7, 8, 10, 11, 13, 14, 15, 17, 18, 19, 28, 29, 30, 31, 33, 34, 35, 36, 56, 57, 59, 60, 76, 77, 78, 80, 81, 133, 134, 135, 137, 138, 139, 141, 142, 144, 145, 147, 148, 149, 151, 152, 153, 155, 156, 158, 159, 160, 161, 162, 164, 165, 166, 167, 168, 170, 171, 172, 173]","[[0, 2], [3, 6], [7, 9], [10, 12], [13, 16], [17, 20], [28, 32], [33, 37], [56, 58], [59, 61], [76, 79], [80, 82], [133, 136], [137, 140], [141, 143], [144, 146], [147, 150], [151, 154], [155, 157], [158, 163], [164, 169], [170, 174]]",Mẹ | tụi | ko | có | não | mới | phản | động | ma | cu | tụi | nó | vãi | tụi | nó | mẹ | ngu | dốt | mà | tưởng | thông | minh,,partial_match,xlmr_token_classifier,774.0
vihos_dev_777,dev,Huy Lê T thấy có chữ Đụ =]] Mắt t hoa hay gì ?,,,,,,,,,,,"[7, 21, 22, 32]","[[7, 8], [21, 23], [32, 33]]",T | Đụ | t,,,"[21, 22, 30, 32, 34, 35, 36]","[[21, 23], [30, 31], [32, 33], [34, 37]]",Đụ | t | t | hoa,,partial_match,xlmr_token_classifier,777.0
vihos_dev_779,dev,Vũ Khắc Hoàng vcl râu,,,,,,,,,,,"[14, 15, 16]","[[14, 17]]",vcl,,,"[14, 15, 16, 20]","[[14, 17], [20, 21]]",vcl | u,,partial_match,xlmr_token_classifier,779.0
vihos_dev_781,dev,"@Ngoc Quynh Nhu Nguyen Nó góp ý thì có ngon vào thẳng Facebook Linda mà góp, đm góp trên đây cho cha mẹ nó đọc hả gì. Thứ ngu mà đéo biết nhận xét",,,,,,,,,,,"[23, 24, 39, 40, 41, 42, 43, 44, 45, 46, 47, 48, 49, 50, 51, 52, 53, 54, 55, 56, 57, 58, 59, 60, 61, 62, 63, 64, 65, 66, 67, 68, 69, 70, 71, 72, 73, 74, 77, 78, 104, 105, 118, 119, 120, 121, 122, 123, 124, 129, 130, 131]","[[23, 25], [39, 75], [77, 79], [104, 106], [118, 125], [129, 132]]",Nó | ngon vào thẳng Facebook Linda mà góp | đm | nó | Thứ ngu | đéo,,,"[23, 24, 77, 78, 104, 105, 118, 119, 120, 122, 123, 124, 129, 130, 131]","[[23, 25], [77, 79], [104, 106], [118, 121], [122, 125], [129, 132]]",Nó | đm | nó | Thứ | ngu | đéo,,partial_match,xlmr_token_classifier,781.0
vihos_dev_782,dev,"duma hỗm em trúng dc 20k k dám chơi nhiều thầy ơi, so anh ba giáo án xạo lz",,,,,,,,,,,"[0, 1, 2, 3, 69, 70, 71, 72, 73, 74]","[[0, 4], [69, 75]]",duma | xạo lz,,,"[0, 1, 2, 3, 7, 69, 70, 71, 73, 74]","[[0, 4], [7, 8], [69, 72], [73, 75]]",duma | m | xạo | lz,,partial_match,xlmr_token_classifier,782.0
vihos_dev_783,dev,Chó vàng đéo cắn để rồi thành cầu 2 chiều à :v đm cái gì đúng cái gì sai phải biết chớ .,,,,,,,,,,,"[0, 1, 2, 3, 4, 5, 6, 7, 9, 10, 11, 13, 14, 15, 47, 48, 50, 51, 52, 53, 54, 55, 56, 57, 58, 59, 60, 61, 62, 63, 64, 65, 66, 67, 68, 69, 70, 71, 72, 73, 74, 75, 76, 77, 78, 79, 80, 81, 82, 83, 84, 85]","[[0, 8], [9, 12], [13, 16], [47, 49], [50, 86]]",Chó vàng | đéo | cắn | đm | cái gì đúng cái gì sai phải biết chớ,,,"[0, 1, 2, 4, 5, 6, 7, 9, 10, 11, 13, 14, 15, 17, 18, 20, 21, 22, 24, 25, 26, 27, 28, 30, 31, 32, 34, 36, 37, 38, 39, 40, 47, 48]","[[0, 3], [4, 8], [9, 12], [13, 16], [17, 19], [20, 23], [24, 29], [30, 33], [34, 35], [36, 41], [47, 49]]",Chó | vàng | đéo | cắn | để | rồi | thành | cầu | 2 | chiều | đm,,partial_match,xlmr_token_classifier,783.0
vihos_dev_784,dev,Trẻ trâu đó =))),,,,,,,,,,,[],[],,,,"[0, 1, 2, 4, 5, 6, 7]","[[0, 3], [4, 8]]",Trẻ | trâu,,false_positive,xlmr_token_classifier,784.0
vihos_dev_785,dev,Đéo mang đặc sản của thầy ra cho chúng nó nếm,,,,,,,,,,,"[0, 1, 2, 33, 34, 35, 36, 37, 38, 39, 40]","[[0, 3], [33, 41]]",Đéo | chúng nó,,,"[0, 1, 2, 33, 34, 35, 36, 37, 39, 40]","[[0, 3], [33, 38], [39, 41]]",Đéo | chúng | nó,,partial_match,xlmr_token_classifier,785.0
vihos_dev_788,dev,Cái này gọi là si đa mà xong pha đi hiến máu :)),,,,,,,,,,,"[15, 16, 17, 18, 19]","[[15, 20]]",si đa,,,[],[],,,false_negative,xlmr_token_classifier,788.0
vihos_dev_790,dev,Style khoe cu của mấy anh biến thái à 🙃,,,,,,,,,,,"[11, 12, 26, 27, 28, 29, 30, 31, 32, 33, 34]","[[11, 13], [26, 35]]",cu | biến thái,,,"[11, 12, 26, 27, 28, 29, 31, 32, 33, 34]","[[11, 13], [26, 30], [31, 35]]",cu | biến | thái,,partial_match,xlmr_token_classifier,790.0
vihos_dev_792,dev,Cái đờ cờ mờ nhà a,,,,,,,,,,,"[4, 5, 6, 7, 8, 9, 10, 11]","[[4, 12]]",đờ cờ mờ,,,"[4, 5, 7, 8, 10, 11]","[[4, 6], [7, 9], [10, 12]]",đờ | cờ | mờ,,partial_match,xlmr_token_classifier,792.0
vihos_dev_794,dev,Phát Thịnh thầy tui như thằng xì ke.,,,,,,,,,,,"[24, 25, 26, 27, 28, 29, 30, 31, 32, 33, 34]","[[24, 35]]",thằng xì ke,,,"[24, 25, 26, 27, 28, 30, 31, 33, 34]","[[24, 29], [30, 32], [33, 35]]",thằng | xì | ke,,partial_match,xlmr_token_classifier,794.0
vihos_dev_795,dev,Tuổi trẻ chưa trải sự đời...😂...phong cách quần què j v...😛,,,,,,,,,,,"[0, 1, 2, 3, 4, 5, 6, 7, 8, 9, 10, 11, 12, 13, 14, 15, 16, 17, 18, 19, 20, 21, 22, 23, 24, 43, 44, 45, 46, 47, 48, 49, 50]","[[0, 25], [43, 51]]",Tuổi trẻ chưa trải sự đời | quần què,,,"[43, 44, 45, 46, 48, 49, 50]","[[43, 47], [48, 51]]",quần | què,,partial_match,xlmr_token_classifier,795.0
vihos_dev_796,dev,"Nể vợ chồng anh chị giáo dục Tùng Sói tốt quá . Ở tuổi đó biết tự ăn , rồi mạnh dạn hỏi , biết chọc đùa , biết nhận biết nhiều thứ ❤ Nếu có giải những bố mẹ của năm nên tặng cho anh chị một cái siêu to khổng lồ :)))",,,,,,,,,,,[],[],,,,"[95, 96, 97, 98, 100, 101, 102]","[[95, 99], [100, 103]]",chọc | đùa,,false_positive,xlmr_token_classifier,796.0
vihos_dev_797,dev,Quan va. Dan nhu nhau phai ton trong phap luat. Khong thuen vi mot ai?,,,,,,,,,,,[],[],,,,"[27, 28, 29]","[[27, 30]]",ton,,false_positive,xlmr_token_classifier,797.0
vihos_dev_798,dev,giầu thế mà kg đi thẩm mỹ.  Cho nó xinh đi   để tiền Làm cái gì sấu như con quỷ,,,,,,,,,,,"[64, 65, 66, 72, 73, 74, 75, 76, 77, 78]","[[64, 67], [72, 79]]",sấu | con quỷ,,,"[0, 1, 2, 3, 12, 13, 15, 16, 32, 33, 64, 65, 66, 68, 69, 70, 72, 73, 74, 76, 77, 78]","[[0, 4], [12, 14], [15, 17], [32, 34], [64, 67], [68, 71], [72, 75], [76, 79]]",giầu | kg | đi | nó | sấu | như | con | quỷ,,partial_match,xlmr_token_classifier,798.0
vihos_dev_800,dev,chúc mừng thầy chúm chím nha :)),,,,,,,,,,,[],[],,,,"[15, 16, 17, 18, 20, 21, 22, 23]","[[15, 19], [20, 24]]",chúm | chím,,false_positive,xlmr_token_classifier,800.0
vihos_dev_802,dev,Mất dạy,,,,,,,,,,,"[0, 1, 2, 3, 4, 5, 6]","[[0, 7]]",Mất dạy,,,"[0, 1, 2, 4, 5, 6]","[[0, 3], [4, 7]]",Mất | dạy,,partial_match,xlmr_token_classifier,802.0
vihos_dev_804,dev,Cung chi vi đong tien ma mot so nguoi da ban re luong tam,,,,,,,,,,,"[5, 6, 7, 8, 9, 10, 11, 12, 13, 14, 15, 16, 17, 18, 19, 20, 21, 22, 23, 24, 25, 26, 27, 28, 29, 30, 31, 32, 33, 34, 35, 36, 37, 38, 39, 40, 41, 42, 43, 44, 45, 46, 47, 48, 49, 50, 51, 52, 53, 54, 55, 56]","[[5, 57]]",chi vi đong tien ma mot so nguoi da ban re luong tam,,,[],[],,,false_negative,xlmr_token_classifier,804.0
vihos_dev_805,dev,"Cái lồn j thằng ad cx nói đc, bới bèo ra bọ móc máy nọ kia vớ vẩn, k có giấy phép chả thế thì lsao",,,,,,,,,,,"[4, 5, 6, 10, 11, 12, 13, 14]","[[4, 7], [10, 15]]",lồn | thằng,,,"[4, 5, 6, 10, 11, 12, 13, 14, 30, 31, 32, 34, 35, 36, 41, 42, 44, 45, 46, 59, 60, 62, 63, 94, 95, 96, 97]","[[4, 7], [10, 15], [30, 33], [34, 37], [41, 43], [44, 47], [59, 61], [62, 64], [94, 98]]",lồn | thằng | bới | bèo | bọ | móc | vớ | vẩ | lsao,,partial_match,xlmr_token_classifier,805.0
vihos_dev_806,dev,"đồng hóa từ từ, ai cũng nhìn ra, trừ 3 triệu con bò :v cơ mà ai cũng sợ bóc lịch nên thôi cam chịu vậy :V",,,,,,,,,,,"[37, 38, 39, 40, 41, 42, 43, 44, 45, 46, 47, 48, 49, 50, 61, 62, 63, 64, 65, 66, 67, 68, 69, 70, 71, 72, 73, 74, 75, 76, 77, 78, 79, 80, 81, 82, 83, 84, 85, 86, 87, 88, 89, 90, 91, 92, 93, 94, 95, 96, 97]","[[37, 51], [61, 98]]",3 triệu con bò | ai cũng sợ bóc lịch nên thôi cam chịu,,,"[49, 50]","[[49, 51]]",bò,,partial_match,xlmr_token_classifier,806.0
vihos_dev_807,dev,thì ra anh muốn chết🤭🤭🤭,,,,,,,,,,,[],[],,,,"[16, 17, 18, 19]","[[16, 20]]",chết,,false_positive,xlmr_token_classifier,807.0
vihos_dev_810,dev,Đéo còn nời lào để lói,,,,,,,,,,,"[0, 1, 2]","[[0, 3]]",Đéo,,,"[0, 1, 2, 4, 5, 6, 8, 9, 10, 12, 13, 14, 16, 17, 19, 20, 21]","[[0, 3], [4, 7], [8, 11], [12, 15], [16, 18], [19, 22]]",Đéo | còn | nời | lào | để | lói,,partial_match,xlmr_token_classifier,810.0
vihos_dev_813,dev,đón trung quốc sang chiếm nước :))),,,,,,,,,,,"[0, 1, 2, 3, 4, 5, 6, 7, 8, 9, 10, 11, 12, 13, 14, 15, 16, 17, 18, 19, 20, 21, 22, 23, 24, 25, 26, 27, 28, 29]","[[0, 30]]",đón trung quốc sang chiếm nước,,,[],[],,,false_negative,xlmr_token_classifier,813.0
vihos_dev_815,dev,Page của mày h xàm loz quá....riết toàn ngta zô chửi cha mắng mẹ mày ko vậy ad,,,,,,,,,,,"[9, 10, 11, 15, 16, 17, 18, 19, 20, 21, 48, 49, 50, 51, 52, 53, 54, 55, 56, 57, 58, 59, 60, 61, 62, 63, 64, 65, 66, 67]","[[9, 12], [15, 22], [48, 68]]",mày | xàm loz | chửi cha mắng mẹ mày,,,"[9, 10, 11, 15, 16, 17, 19, 20, 21, 48, 49, 50, 51, 53, 54, 55, 57, 58, 59, 60, 62, 63, 65, 66, 67]","[[9, 12], [15, 18], [19, 22], [48, 52], [53, 56], [57, 61], [62, 64], [65, 68]]",mày | xàm | loz | chửi | cha | mắng | mẹ | mày,,partial_match,xlmr_token_classifier,815.0
vihos_dev_816,dev,"họ đang bận làm tượng đài, bận xây cầu nghìn tỷ,đường nghìn tỷ ở nơi khác. rồi từ từ sẽ có. kêu cái đéo gì. xây có tiền đút túi mà dại gì ko xây.",,,,,,,,,,,"[100, 101, 102, 120, 121, 122, 123, 124, 125, 126, 131, 132, 133]","[[100, 103], [120, 127], [131, 134]]",đéo | đút túi | dại,,,"[100, 101, 102, 120, 121, 122, 124, 125, 126, 133]","[[100, 103], [120, 123], [124, 127], [133, 134]]",đéo | đút | túi | i,,partial_match,xlmr_token_classifier,816.0
vihos_dev_821,dev,Cả nước chống dịch ai cũng như ông này chắc thành Vũ Hán hai,,,,,,,,,,,"[19, 20, 21, 22, 23, 24, 25, 26, 27, 28, 29, 30, 31, 32, 33, 34, 35, 36, 37]","[[19, 38]]",ai cũng như ông này,,,"[53, 54, 55]","[[53, 56]]",Hán,,partial_match,xlmr_token_classifier,821.0
vihos_dev_822,dev,Ở VN có 2 thằng Trung Khựa thì ác với VN còn thằng Hàn thì coi thường khinh VN thì kết quả là,,,,,,,,,,,"[10, 11, 12, 13, 14, 15, 16, 17, 18, 19, 20, 21, 22, 23, 24, 25, 31, 32, 45, 46, 47, 48, 49, 50, 51, 52, 53, 59, 60, 61, 62, 63, 64, 65, 66, 67, 68, 70, 71, 72, 73, 74]","[[10, 26], [31, 33], [45, 54], [59, 69], [70, 75]]",thằng Trung Khựa | ác | thằng Hàn | coi thường | khinh,,,"[10, 11, 12, 13, 14, 16, 17, 18, 19, 20, 22, 23, 24, 25, 31, 32, 45, 46, 47, 48, 49, 59, 60, 61, 63, 64, 65, 66, 67, 68, 70, 71, 72, 73, 74]","[[10, 15], [16, 21], [22, 26], [31, 33], [45, 50], [59, 62], [63, 69], [70, 75]]",thằng | Trung | Khựa | ác | thằng | coi | thường | khinh,,partial_match,xlmr_token_classifier,822.0
vihos_dev_826,dev,Thật sự nể phục khả năng phá hoại của băng đảng này.,,,,,,,,,,,[],[],,,,"[25, 26, 27, 29, 30, 31, 32, 38, 39, 40, 41, 43, 44, 45, 46]","[[25, 28], [29, 33], [38, 42], [43, 47]]",phá | hoại | băng | đảng,,false_positive,xlmr_token_classifier,826.0
vihos_dev_828,dev,Maria OzaBe thời còn chơi bê đê,,,,,,,,,,,"[26, 27, 28, 29, 30]","[[26, 31]]",bê đê,,,"[26, 27, 29, 30]","[[26, 28], [29, 31]]",bê | đê,,partial_match,xlmr_token_classifier,828.0
vihos_dev_831,dev,Sbtc levi,,,,,,,,,,,[],[],,,,"[0, 1, 2, 3]","[[0, 4]]",Sbtc,,false_positive,xlmr_token_classifier,831.0
vihos_dev_832,dev,Huyền Vy dẹp mẹ đi,,,,,,,,,,,"[9, 10, 11, 12, 13, 14]","[[9, 15]]",dẹp mẹ,,,"[9, 10, 11, 13, 14]","[[9, 12], [13, 15]]",dẹp | mẹ,,partial_match,xlmr_token_classifier,832.0
vihos_dev_834,dev,Tr ơi !hãy uống nữa đi cho một giọt nước đái nghe đắng cay trong quần,,,,,,,,,,,"[41, 42, 43, 59, 60, 61, 62, 63, 64, 65, 66, 67, 68]","[[41, 44], [59, 69]]",đái | trong quần,,,"[41, 42, 43]","[[41, 44]]",đái,,partial_match,xlmr_token_classifier,834.0
vihos_dev_835,dev,Ahihi đồ ngốk 😂😂😂,,,,,,,,,,,[],[],,,,"[9, 10, 11, 12]","[[9, 13]]",ngốk,,false_positive,xlmr_token_classifier,835.0
vihos_dev_836,dev,tất cả cũng chỉ vì con mụ này ra..thể chế pháp luật lỏng lẻo chưa đủ răn đe cứ có tiền là chạy án :) 1 con người reo rắt cái chết cho hàng triệu người,,,,,,,,,,,"[19, 20, 21, 22, 23, 24, 113, 114, 115, 116, 117, 118, 119, 120, 121, 122, 123, 124, 125, 126, 127, 128]","[[19, 25], [113, 129]]",con mụ | reo rắt cái chết,,,"[19, 20, 21, 23, 24, 121, 122, 123, 125, 126, 127, 128]","[[19, 22], [23, 25], [121, 124], [125, 129]]",con | mụ | cái | chết,,partial_match,xlmr_token_classifier,836.0
vihos_dev_837,dev,Trông vừa khít lỗ đít luôn 🤦🏼‍♀️,,,,,,,,,,,"[15, 16, 17, 18, 19, 20]","[[15, 21]]",lỗ đít,,,"[15, 16, 18, 19, 20]","[[15, 17], [18, 21]]",lỗ | đít,,partial_match,xlmr_token_classifier,837.0
vihos_dev_838,dev,Tình ngộ chưa ông Dần ? ông dẹp lá cờ /// đi nhục lắm và nói với bọn chống cộng ngu muội rằng quê hương Việt Nam là số 1 của thế giới nhé.,,,,,,,,,,,"[35, 36, 37, 38, 39, 40, 65, 66, 67, 69, 70, 71, 72, 73, 74, 75, 76, 77, 78, 80, 81, 82, 83, 84, 85, 86, 87]","[[35, 41], [65, 68], [69, 79], [80, 88]]",cờ /// | bọn | chống cộng | ngu muội,,,"[45, 46, 47, 48, 65, 66, 67, 69, 70, 71, 72, 73, 75, 76, 77, 78, 80, 81, 82, 84, 85, 86, 87]","[[45, 49], [65, 68], [69, 74], [75, 79], [80, 83], [84, 88]]",nhục | bọn | chống | cộng | ngu | muội,,partial_match,xlmr_token_classifier,838.0
vihos_dev_839,dev,Nếu tính như các nc tiên tiến thì lấy đâu ra tiền để con dịnh cư ở mỹ,,,,,,,,,,,[],[],,,,"[57, 58, 59, 60, 62, 63]","[[57, 61], [62, 64]]",dịnh | cư,,false_positive,xlmr_token_classifier,839.0
vihos_dev_840,dev,"Thêm bọn ko não nữa, nó còn trùm hơn cả phụ nữ",,,,,,,,,,,"[5, 6, 7, 8, 9, 10, 11, 12, 13, 14, 21, 22, 28, 29, 30, 31]","[[5, 15], [21, 23], [28, 32]]",bọn ko não | nó | trùm,,,"[5, 6, 7, 9, 10, 12, 13, 14, 21, 22, 30, 31]","[[5, 8], [9, 11], [12, 15], [21, 23], [30, 32]]",bọn | ko | não | nó | ùm,,partial_match,xlmr_token_classifier,840.0
vihos_dev_841,dev,Cuộc sống đâu pải nỗ lực là đủ,,,,,,,,,,,[],[],,,,"[21, 22, 23, 25, 26, 27, 28]","[[21, 24], [25, 29]]",nỗ | lực,,false_positive,xlmr_token_classifier,841.0
vihos_dev_843,dev,Cái môi của bad này ko biết dùng từ nào để tả. Chỉnh sửa nhìn ghê vl,,,,,,,,,,,"[62, 63, 64, 65, 66, 67]","[[62, 68]]",ghê vl,,,"[12, 13, 14, 62, 63, 64, 66, 67]","[[12, 15], [62, 65], [66, 68]]",bad | ghê | vl,,partial_match,xlmr_token_classifier,843.0
vihos_dev_847,dev,"Từ thiện cái máu L gì kiểu này. Có lòng sao đéo đến cái mái ấm, xóm nghèo, xóm lao động mà phát gạo tận tay. Dm khoanh chân 1 chỗ bỏ 1 cục tiền mua 1 đống gạo xong vứt 1 đống xong ghi 3 cái chữ kiểu GẠO FREE ĐÂY BU ZO BU ZO MỖI NGƯỜI 1 BỊCH :)",,,,,,,,,,,"[13, 14, 15, 16, 17, 44, 45, 46, 109, 110, 164, 165, 166]","[[13, 18], [44, 47], [109, 111], [164, 167]]",máu L | đéo | Dm | vứt,,,"[13, 14, 15, 17, 44, 45, 46, 109, 110, 200, 201]","[[13, 16], [17, 18], [44, 47], [109, 111], [200, 202]]",máu | L | đéo | Dm | ẠO,,partial_match,xlmr_token_classifier,847.0
vihos_dev_849,dev,@Võ Xuân Hoan m làm như có mình ên mặt m xài ròi. Mình ên mày khen nhưng nhìu ng thấy đéo tốt thì ng ta nói mất cl gì căng,,,,,,,,,,,"[14, 39, 58, 59, 60, 86, 87, 88, 112, 113]","[[14, 15], [39, 40], [58, 61], [86, 89], [112, 114]]",m | m | mày | đéo | cl,,,"[14, 32, 33, 39, 55, 56, 58, 59, 60, 86, 87, 88, 112, 113]","[[14, 15], [32, 34], [39, 40], [55, 57], [58, 61], [86, 89], [112, 114]]",m | ên | m | ên | mày | đéo | cl,,partial_match,xlmr_token_classifier,849.0
vihos_dev_855,dev,Nhìn anh rất giống gờ đờ ra gon,,,,,,,,,,,[],[],,,,"[19, 20, 22, 23]","[[19, 21], [22, 24]]",gờ | đờ,,false_positive,xlmr_token_classifier,855.0
vihos_dev_856,dev,Mày lại ngu nữa!!! Mày bị nhồi sọ đến mức không thể biết đâu là biển đâu là bờ à!? Tội cho m quá,,,,,,,,,,,"[0, 1, 2, 8, 9, 10, 19, 20, 21, 26, 27, 28, 29, 30, 31, 32, 91]","[[0, 3], [8, 11], [19, 22], [26, 33], [91, 92]]",Mày | ngu | Mày | nhồi sọ | m,,,"[0, 1, 2, 8, 9, 10, 19, 20, 21, 26, 27, 28, 29, 31, 32, 38, 39, 40, 42, 43, 44, 45, 46, 48, 49, 50, 52, 53, 54, 55, 57, 58, 59, 61, 62, 64, 65, 66, 67, 69, 70, 71, 73, 74, 76, 77, 91]","[[0, 3], [8, 11], [19, 22], [26, 30], [31, 33], [38, 41], [42, 47], [48, 51], [52, 56], [57, 60], [61, 63], [64, 68], [69, 72], [73, 75], [76, 78], [91, 92]]",Mày | ngu | Mày | nhồi | sọ | mức | không | thể | biết | đâu | là | biển | đâu | là | bờ | m,,partial_match,xlmr_token_classifier,856.0
vihos_dev_857,dev,"Buồn ghê, toang liên tục :(",,,,,,,,,,,"[10, 11, 12, 13, 14]","[[10, 15]]",toang,,,[],[],,,false_negative,xlmr_token_classifier,857.0
vihos_dev_860,dev,mấy cđ dislike là mấy cđ khùn lồn,,,,,,,,,,,"[4, 5, 22, 23, 25, 26, 27, 28, 29, 30, 31, 32]","[[4, 6], [22, 24], [25, 33]]",cđ | cđ | khùn lồn,,,"[4, 5, 22, 23, 25, 26, 27, 28, 30, 31, 32]","[[4, 6], [22, 24], [25, 29], [30, 33]]",cđ | cđ | khùn | lồn,,partial_match,xlmr_token_classifier,860.0
vihos_dev_861,dev,clm cuoi ia,,,,,,,,,,,"[0, 1, 2, 9, 10]","[[0, 3], [9, 11]]",clm | ia,,,"[0, 1, 2]","[[0, 3]]",clm,,partial_match,xlmr_token_classifier,861.0
vihos_dev_862,dev,"8000 like đó là phần nhỏ trong số hàng tỷ người dùng Fb của tàu , suy ra số lượng óc chó của nó ko đáng kể :v",,,,,,,,,,,"[60, 61, 62, 82, 83, 84, 85, 86, 87, 93, 94]","[[60, 63], [82, 88], [93, 95]]",tàu | óc chó | nó,,,"[82, 83, 85, 86, 87]","[[82, 84], [85, 88]]",óc | chó,,partial_match,xlmr_token_classifier,862.0
vihos_dev_865,dev,Ây long bùi => lông buồi,,,,,,,,,,,"[8, 9, 10, 20, 21, 22, 23]","[[8, 11], [20, 24]]",bùi | buồi,,,"[15, 16, 17, 18, 20, 21, 22, 23]","[[15, 19], [20, 24]]",lông | buồi,,partial_match,xlmr_token_classifier,865.0
vihos_dev_866,dev,Con này nó mà về VN thì tập xác định. Đúng là thật khó mà tha thứ được.,,,,,,,,,,,"[0, 1, 2, 14, 15, 16, 17, 18, 19, 20, 21, 22, 23, 24, 25, 26, 27, 28, 29, 30, 31, 32, 33, 34, 35]","[[0, 3], [14, 36]]",Con | về VN thì tập xác định,,,"[0, 1, 2, 8, 9]","[[0, 3], [8, 10]]",Con | nó,,partial_match,xlmr_token_classifier,866.0
vihos_dev_868,dev,"Thành Lê cái lồn mẹ mày nha con chó koi chừng tao bắt con mẹ mày ra cho chó giao cấu , bắt mẹ mày làm tình liếm cặc mút cặc chó đến khi nào nó bắn tinh , chị e nhà mày thì xếp hàng chờ con chó của tao chơi con mẹ mày xong thì đến lượt ăn cức chó của ta",,,,,,,,,,,"[13, 14, 15, 16, 17, 18, 19, 20, 21, 22, 28, 29, 30, 31, 32, 33, 34, 54, 55, 56, 57, 58, 59, 60, 61, 62, 63, 76, 77, 78, 79, 80, 81, 82, 83, 91, 92, 93, 94, 95, 96, 97, 98, 99, 100, 101, 102, 103, 104, 105, 106, 107, 108, 109, 110, 111, 112, 113, 114, 115, 116, 117, 118, 119, 120, 121, 122, 123, 124, 125, 126, 140, 141, 142, 143, 144, 145, 146, 147, 148, 149, 150, 164, 165, 166, 201, 202, 203, 204, 205, 206, 207, 208, 209, 210, 211, 212, 213, 214, 215, 238, 239, 240, 241, 242, 243, 244]","[[13, 23], [28, 35], [54, 64], [76, 84], [91, 127], [140, 151], [164, 167], [201, 216], [238, 245]]",lồn mẹ mày | con chó | con mẹ mày | giao cấu | mẹ mày làm tình liếm cặc mút cặc chó | nó bắn tinh | mày | chơi con mẹ mày | cức chó,,,"[13, 14, 15, 17, 18, 20, 21, 22, 28, 29, 30, 32, 33, 34, 46, 47, 48, 54, 55, 56, 58, 59, 61, 62, 63, 72, 73, 74, 91, 92, 94, 95, 96, 107, 108, 109, 110, 112, 113, 114, 116, 117, 118, 120, 121, 122, 124, 125, 126, 140, 141, 143, 144, 145, 147, 148, 149, 150, 164, 165, 166, 189, 190, 191, 197, 198, 199, 201, 202, 203, 204, 206, 207, 208, 210, 211, 213, 214, 215, 235, 236, 238, 239, 240, 242, 243, 244]","[[13, 16], [17, 19], [20, 23], [28, 31], [32, 35], [46, 49], [54, 57], [58, 60], [61, 64], [72, 75], [91, 93], [94, 97], [107, 111], [112, 115], [116, 119], [120, 123], [124, 127], [140, 142], [143, 146], [147, 151], [164, 167], [189, 192], [197, 200], [201, 205], [206, 209], [210, 212], [213, 216], [235, 237], [238, 241], [242, 245]]",lồn | mẹ | mày | con | chó | tao | con | mẹ | mày | chó | mẹ | mày | liếm | cặc | mút | cặc | chó | nó | bắn | tinh | mày | chó | tao | chơi | con | mẹ | mày | ăn | cức | chó,,partial_match,xlmr_token_classifier,868.0
vihos_dev_869,dev,Bây giờ biết thằng mặt heo là ai rồi,,,,,,,,,,,"[13, 14, 15, 16, 17, 18, 19, 20, 21, 22, 23, 24, 25]","[[13, 26]]",thằng mặt heo,,,"[13, 14, 15, 16, 17, 19, 20, 21, 23, 24, 25]","[[13, 18], [19, 22], [23, 26]]",thằng | mặt | heo,,partial_match,xlmr_token_classifier,869.0
vihos_dev_875,dev,"@Hoàng Phúc Lê trước đây khi chưa biết bả hay rep cmt vậy nên t xem clip sẵn đọc cmt cho vui nên vô tình thấy thôi. Mấy cmt nc rất đàng hoàng mà bị chửi tới cha mẹ thì m nghĩ như nào? Bên động nulo toàn fan cô đấy riết bị chửi nhiều cái vô lý quá củng có đứa đéo chịu nổi bật lại kia kìa, những cmt nào tương tác chửi chơi giữa bả vs bạn bả t đọc vẫn thấy bt mà chứ có cl gì đâu nhưng nhiều cái là quá đáng thật. M củng bớt ăn nói mất dạy lại đi vì ban đầu t chưa hề động chạm hay kì thị lgbt và t củng chưa chửi m, làm xấu mặt lgbt vl. Nhiều người đang cố xây dựng hình ảnh tốt đẹp thì mấy đứa mén như m lại lấy việc chửi người khác làm một cách phòng vệ thái quá trong khi chả ai động chạm gì. M nghĩ vậy là hay?",,,,,,,,,,,"[62, 168, 259, 260, 261, 341, 369, 370, 413, 457, 496, 513, 516, 517, 518, 519, 520, 521, 522, 523, 524, 525, 526, 533, 534, 595, 596, 597, 603, 618, 619, 620, 621, 622, 623, 624, 625, 626, 627, 628, 629, 630, 631, 632, 633, 634, 635, 636, 637, 638, 639, 640, 641, 642, 643, 644, 645, 646, 647, 648, 649, 650, 651, 652, 653, 654, 655, 656, 657, 658, 659, 660, 661, 662, 663, 696]","[[62, 63], [168, 169], [259, 262], [341, 342], [369, 371], [413, 414], [457, 458], [496, 497], [513, 514], [516, 527], [533, 535], [595, 598], [603, 604], [618, 664], [696, 697]]",t | m | đéo | t | cl | M | t | t | m | làm xấu mặt | vl | mén | m | chửi người khác làm một cách phòng vệ thái quá | M,,,"[62, 148, 149, 150, 151, 168, 222, 223, 224, 225, 237, 238, 259, 260, 261, 313, 314, 315, 316, 341, 369, 370, 413, 424, 425, 427, 428, 429, 431, 432, 433, 435, 436, 437, 457, 496, 508, 509, 510, 511, 513, 520, 521, 522, 533, 534, 591, 592, 593, 595, 596, 597, 603, 618, 619, 620, 621, 696]","[[62, 63], [148, 152], [168, 169], [222, 226], [237, 239], [259, 262], [313, 317], [341, 342], [369, 371], [413, 414], [424, 426], [427, 430], [431, 434], [435, 438], [457, 458], [496, 497], [508, 512], [513, 514], [520, 523], [533, 535], [591, 594], [595, 598], [603, 604], [618, 622], [696, 697]]",t | chửi | m | chửi | vô | đéo | chửi | t | cl | M | ăn | nói | mất | dạy | t | t | chửi | m | xấu | vl | đứa | mén | m | chửi | M,,partial_match,xlmr_token_classifier,875.0
vihos_dev_877,dev,Học tập và làm theo...đến tẩu hỏa nhập ma luôn,,,,,,,,,,,"[26, 27, 28, 29, 30, 31, 32, 33, 34, 35, 36, 37, 38, 39, 40, 41, 42]","[[26, 43]]",tẩu hỏa nhập ma,,,"[26, 27, 28, 30, 31, 32, 33, 35, 36, 37, 39]","[[26, 29], [30, 34], [35, 38], [39, 40]]",tẩu | hỏa | nhâ | p,,partial_match,xlmr_token_classifier,877.0
vihos_dev_879,dev,Bắt dc bắn thấy mẹ nó lun,,,,,,,,,,,"[7, 8, 9, 16, 17, 18, 19, 20]","[[7, 10], [16, 21]]",bắn | mẹ nó,,,"[7, 8, 9, 16, 17, 19, 20]","[[7, 10], [16, 18], [19, 21]]",bắn | mẹ | nó,,partial_match,xlmr_token_classifier,879.0
vihos_dev_882,dev,Biết vậy bắn chết ông này trước cho ông hỏi tiên chi để khỏi có corona 👾,,,,,,,,,,,"[9, 10, 11, 12, 13, 14, 15, 16]","[[9, 17]]",bắn chết,,,"[9, 10, 11, 13, 14, 15, 16]","[[9, 12], [13, 17]]",bắn | chết,,partial_match,xlmr_token_classifier,882.0
vihos_dev_884,dev,Tuổi lol ăn anh t,,,,,,,,,,,"[0, 1, 2, 3, 4, 5, 6, 7, 16]","[[0, 8], [16, 17]]",Tuổi lol | t,,,"[5, 6, 7]","[[5, 8]]",lol,,partial_match,xlmr_token_classifier,884.0
vihos_dev_890,dev,dm m,,,,,,,,,,,"[0, 1, 2, 3]","[[0, 4]]",dm m,,,"[0, 1, 3]","[[0, 2], [3, 4]]",dm | m,,partial_match,xlmr_token_classifier,890.0
vihos_dev_891,dev,Bà này nhiều tiền quá đâm ra điên cmnr,,,,,,,,,,,"[0, 1, 29, 30, 31, 32, 34, 35, 36, 37]","[[0, 2], [29, 33], [34, 38]]",Bà | điên | cmnr,,,"[29, 30, 31, 32, 34, 35, 36, 37]","[[29, 33], [34, 38]]",điên | cmnr,,partial_match,xlmr_token_classifier,891.0
vihos_dev_895,dev,"Chị pa còn trinh có cây đinh chính giữa, Chị pa đẹp gái có 2 hòn dái 2 bên",,,,,,,,,,,"[0, 1, 2, 3, 4, 5, 6, 7, 8, 9, 10, 11, 12, 13, 14, 15, 16, 17, 18, 19, 20, 21, 22, 23, 24, 25, 26, 27, 28, 29, 30, 31, 32, 33, 34, 35, 36, 37, 38, 39, 40, 41, 42, 43, 44, 45, 46, 47, 48, 49, 50, 51, 52, 53, 54, 55, 56, 57, 58, 59, 60, 61, 62, 63, 64, 65, 66, 67, 68, 69, 70, 71, 72, 73]","[[0, 74]]","Chị pa còn trinh có cây đinh chính giữa, Chị pa đẹp gái có 2 hòn dái 2 bên",,,"[7, 8, 9, 11, 12, 13, 14, 15, 17, 18, 20, 21, 22, 24, 25, 26, 27, 29, 30, 31, 32, 33, 35, 36, 37, 38, 59, 61, 62, 63, 65, 66, 67, 69, 71, 72, 73]","[[7, 10], [11, 16], [17, 19], [20, 23], [24, 28], [29, 34], [35, 39], [59, 60], [61, 64], [65, 68], [69, 70], [71, 74]]",còn | trinh | có | cây | đinh | chính | giữa | 2 | hòn | dái | 2 | bên,,partial_match,xlmr_token_classifier,895.0
vihos_dev_896,dev,Con ruồi đàn bà đây à :))))),,,,,,,,,,,"[0, 1, 2, 3, 4, 5, 6, 7, 8, 9, 10, 11, 12, 13, 14]","[[0, 15]]",Con ruồi đàn bà,,,"[0, 1, 2, 4, 5, 6, 7, 9, 10, 11, 13, 14]","[[0, 3], [4, 8], [9, 12], [13, 15]]",Con | ruồi | đàn | bà,,partial_match,xlmr_token_classifier,896.0
vihos_dev_897,dev,Ai ăn hết của nhà thằng Dương Dương trả cho nó đi bây. Thấy nó sủa thấy thương ghê á.,,,,,,,,,,,"[18, 19, 20, 21, 22, 44, 45, 50, 51, 52, 60, 61, 63, 64, 65]","[[18, 23], [44, 46], [50, 53], [60, 62], [63, 66]]",thằng | nó | bây | nó | sủa,,,"[18, 19, 20, 21, 22, 44, 45, 60, 61, 63, 64, 65]","[[18, 23], [44, 46], [60, 62], [63, 66]]",thằng | nó | nó | sủa,,partial_match,xlmr_token_classifier,897.0
vihos_dev_901,dev,Mà công nhận cô này xấu ng mà xấu nết thiệt . ng ta gọi là xấu đều là đúng,,,,,,,,,,,"[20, 21, 22, 30, 31, 32, 59, 60, 61]","[[20, 23], [30, 33], [59, 62]]",xấu | xấu | xấu,,,"[20, 21, 22, 24, 25, 30, 31, 32, 34, 35, 36, 59, 60, 61]","[[20, 23], [24, 26], [30, 33], [34, 37], [59, 62]]",xấu | ng | xấu | nết | xấu,,partial_match,xlmr_token_classifier,901.0
vihos_dev_903,dev,Tập đoàn mang tiếng là tư nhân nhưng nó là sân sau của bọn chóp bu cs.,,,,,,,,,,,"[49, 50, 51, 52, 53, 54, 55, 62, 63, 64, 65, 66, 67, 68, 69, 70, 71, 72, 73, 74, 75, 76, 77]","[[49, 56], [62, 78]]",sân sau | bọn chóp bu cs,,,"[62, 63, 64, 65, 67, 68, 69, 71, 73, 74]","[[62, 66], [67, 70], [71, 72], [73, 75]]",bọn | cho | p | bu,,partial_match,xlmr_token_classifier,903.0
vihos_dev_904,dev,đunga rồi anh ba chíp chíp chíp cũa em,,,,,,,,,,,[],[],,,,"[0, 1, 2, 3, 4]","[[0, 5]]",đunga,,false_positive,xlmr_token_classifier,904.0
vihos_dev_905,dev,Bả này có dương vật đó,,,,,,,,,,,"[0, 1, 10, 11, 12, 13, 14, 15, 16, 17, 18]","[[0, 2], [10, 19]]",Bả | dương vật,,,"[10, 11, 12, 13, 14, 16, 17, 18]","[[10, 15], [16, 19]]",dương | vật,,partial_match,xlmr_token_classifier,905.0
vihos_dev_908,dev,Mày xấu như quỷ,,,,,,,,,,,"[0, 1, 2, 3, 4, 5, 6, 7, 8, 9, 10, 11, 12, 13, 14]","[[0, 15]]",Mày xấu như quỷ,,,"[0, 1, 2, 4, 5, 6, 8, 9, 10, 12, 13, 14]","[[0, 3], [4, 7], [8, 11], [12, 15]]",Mày | xấu | như | quỷ,,partial_match,xlmr_token_classifier,908.0
vihos_dev_909,dev,Đm cái con nhà quê nhiều tham vọng !! Sủa ít thôi .,,,,,,,,,,,"[0, 1, 7, 8, 9, 10, 11, 12, 13, 14, 15, 16, 17, 38, 39, 40, 41, 42, 43]","[[0, 2], [7, 18], [38, 44]]",Đm | con nhà quê | Sủa ít,,,"[0, 1, 7, 8, 9, 11, 12, 13, 15, 16, 17, 25, 26, 27, 28, 30, 31, 32, 33, 38, 39, 40]","[[0, 2], [7, 10], [11, 14], [15, 18], [25, 29], [30, 34], [38, 41]]",Đm | con | nhà | quê | tham | vọng | Sủa,,partial_match,xlmr_token_classifier,909.0
vihos_dev_913,dev,Ăn cướp trắng trợn,,,,,,,,,,,"[0, 1, 2, 3, 4, 5, 6, 7, 8, 9, 10, 11, 12, 13, 14, 15, 16, 17]","[[0, 18]]",Ăn cướp trắng trợn,,,"[0, 1, 3, 4, 5, 6, 17]","[[0, 2], [3, 7], [17, 18]]",Ăn | cướp | n,,partial_match,xlmr_token_classifier,913.0
vihos_dev_918,dev,Đéo cho thì nói ki bo cho rồi thì soi này soi nọ . Thế mày muốn chúng nó sống sao . Miệng chó ko mọc đk ngày voi cứt j củng phun ra đk,,,,,,,,,,,"[0, 1, 2, 55, 56, 57, 64, 65, 66, 67, 68, 69, 70, 71, 90, 91, 92, 113, 114, 115]","[[0, 3], [55, 58], [64, 72], [90, 93], [113, 116]]",Đéo | mày | chúng nó | chó | cứt,,,"[0, 1, 2, 19, 20, 34, 35, 36, 55, 56, 57, 64, 65, 66, 67, 68, 70, 71, 84, 85, 86, 87, 88, 90, 91, 92, 94, 95, 97, 98, 99, 101, 102, 104, 105, 106, 107, 109, 110, 111, 113, 114, 115, 117, 119, 120, 124, 125, 126, 127, 129, 130, 132]","[[0, 3], [19, 21], [34, 37], [55, 58], [64, 69], [70, 72], [84, 89], [90, 93], [94, 96], [97, 100], [101, 103], [104, 108], [109, 112], [113, 116], [117, 118], [119, 121], [124, 128], [129, 131], [132, 133]]",Đéo | bo | soi | mày | chúng | nó | Miệng | chó | ko | mọc | đk | ngày | voi | cứt | j | củ | phun | ra | đ,,partial_match,xlmr_token_classifier,918.0
vihos_dev_919,dev,kkkkkkk con này bị cô ba vàng mã đào hết mớ rồi kkkk.bị sập bẫy của bà tam cung chén mũ rồi kkk,,,,,,,,,,,"[8, 9, 10, 80, 81, 82, 83]","[[8, 11], [80, 84]]",con | chén,,,"[8, 9, 10, 33, 34, 35, 37, 38, 39, 41, 42, 56, 57, 58, 60, 61, 62, 75, 76, 77, 78, 80, 81, 82, 83, 85, 86]","[[8, 11], [33, 36], [37, 40], [41, 43], [56, 59], [60, 63], [75, 79], [80, 84], [85, 87]]",con | đào | hết | mớ | sập | bẫy | cung | chén | mũ,,partial_match,xlmr_token_classifier,919.0
vihos_dev_920,dev,Chi oi chi chua gap bac ky dau .chi ma gap roi chi khong con kip keu mot tieng troi dau chi ak.it nhat chi cung nghi den nguoi nha chi chu.chi o dai loan ma chi dang noi tieng viet ma .chi tu chui minh thoi.nguoi ta khong xem chi ra ji nen nguoi ta goi noi vay thay loi xi nhuc do.,,,,,,,,,,,"[20, 21, 22, 23, 24, 25, 192, 193, 194, 195, 216, 217, 218, 219, 220, 221, 222, 223, 224, 225, 226, 227, 228, 229, 230, 231, 232, 233, 234, 270, 271, 272, 273, 274, 275, 276]","[[20, 26], [192, 196], [216, 235], [270, 277]]",bac ky | chui | khong xem chi ra ji | xi nhuc,,,"[192, 193, 194, 195]","[[192, 196]]",chui,,partial_match,xlmr_token_classifier,920.0
vihos_dev_924,dev,Thầy cởi quần thịt luôn,,,,,,,,,,,"[5, 6, 7, 8, 9, 10, 11, 12, 14, 15, 16, 17]","[[5, 13], [14, 18]]",cởi quần | thịt,,,[],[],,,false_negative,xlmr_token_classifier,924.0
vihos_dev_925,dev,Bỏ măy con điếm đấy đi là thông minh đấy,,,,,,,,,,,"[7, 8, 9, 10, 11, 12, 13, 14]","[[7, 15]]",con điếm,,,"[7, 8, 9, 11, 12, 13, 14]","[[7, 10], [11, 15]]",con | điếm,,partial_match,xlmr_token_classifier,925.0
vihos_dev_927,dev,cái địt con mẹ m,,,,,,,,,,,"[4, 5, 6, 7, 8, 9, 10, 11, 12, 13, 14, 15]","[[4, 16]]",địt con mẹ m,,,"[4, 5, 6, 8, 9, 10, 12, 13, 15]","[[4, 7], [8, 11], [12, 14], [15, 16]]",địt | con | mẹ | m,,partial_match,xlmr_token_classifier,927.0
vihos_dev_928,dev,1 chính quyền thối nát . Ngậm miệng ăn tiền thì nói được gì nữa😡,,,,,,,,,,,"[14, 15, 16, 17, 18, 19, 20, 21, 25, 26, 27, 28, 29, 30, 31, 32, 33, 34, 35, 36, 37, 38, 39, 40, 41, 42, 63]","[[14, 22], [25, 43], [63, 64]]",thối nát | Ngậm miệng ăn tiền | 😡,,,"[14, 15, 16, 17, 19, 20, 21, 25, 26, 27, 28, 30, 31, 32, 33, 34, 36, 37, 39, 40, 41, 42, 44, 45, 46, 48, 49, 50, 52, 53, 54, 55, 57, 58, 60, 61, 62, 63]","[[14, 18], [19, 22], [25, 29], [30, 35], [36, 38], [39, 43], [44, 47], [48, 51], [52, 56], [57, 59], [60, 64]]",thối | nát | Ngậm | miệng | ăn | tiền | thì | nói | được | gì | nữa😡,,partial_match,xlmr_token_classifier,928.0
vihos_dev_931,dev,Chị xạo lol quá chi ba oi,,,,,,,,,,,"[4, 5, 6, 7, 8, 9, 10]","[[4, 11]]",xạo lol,,,"[4, 5, 6, 8, 9, 10]","[[4, 7], [8, 11]]",xạo | lol,,partial_match,xlmr_token_classifier,931.0
vihos_dev_933,dev,Những thằng luôn bảo ko quan tâm chính trị thì đây...cái này là chính trị đấy...có bệnh thì chữa bệnh giả...ôm bệnh về người...rồi lúc phát bệnh nặng thì chúng nó đổ lỗi sao ko đi xét nghiệm sớm..giai đoạn cuối r....gia đình fai nhọc công chăm sóc...đôi khi fai bán nhà mua thuốc chữa trị r lại fai uống thuốc giả...để rồi....haizz ...tụi mày là quân giết người...,,,,,,,,,,,"[6, 7, 8, 9, 10, 80, 81, 82, 83, 84, 85, 86, 87, 88, 89, 90, 91, 92, 93, 94, 95, 96, 97, 98, 99, 100, 101, 102, 103, 104, 154, 155, 156, 157, 158, 159, 160, 161, 335, 336, 337, 338, 339, 340, 341, 346, 347, 348, 349, 350, 351, 352, 353, 354, 355, 356, 357, 358, 359, 360]","[[6, 11], [80, 105], [154, 162], [335, 342], [346, 361]]",thằng | có bệnh thì chữa bệnh giả | chúng nó | tụi mày | quân giết người,,,"[6, 7, 8, 9, 10, 97, 98, 99, 100, 102, 103, 104, 108, 109, 111, 112, 113, 114, 116, 117, 119, 120, 121, 122, 123, 154, 155, 156, 157, 158, 160, 161, 329, 330, 335, 336, 337, 339, 340, 341, 346, 347, 348, 349, 351, 352, 353, 354, 356, 357, 358, 359, 360]","[[6, 11], [97, 101], [102, 105], [108, 110], [111, 115], [116, 118], [119, 124], [154, 159], [160, 162], [329, 331], [335, 338], [339, 342], [346, 350], [351, 355], [356, 361]]",thằng | bệnh | giả | ôm | bệnh | về | người | chúng | nó | zz | tụi | mày | quân | giết | người,,partial_match,xlmr_token_classifier,933.0
vihos_dev_934,dev,Mấy thằg não cức,,,,,,,,,,,"[4, 5, 6, 7, 8, 9, 10, 11, 12, 13, 14, 15]","[[4, 16]]",thằg não cức,,,"[4, 5, 6, 7, 9, 10, 11, 13, 14, 15]","[[4, 8], [9, 12], [13, 16]]",thằg | não | cức,,partial_match,xlmr_token_classifier,934.0
vihos_dev_939,dev,Nhin cai mieng Linh  toile   .....going cai Cau tieu we,,,,,,,,,,,"[21, 22, 23, 24, 25, 44, 45, 46, 47, 48, 49, 50, 51]","[[21, 26], [44, 52]]",toile | Cau tieu,,,[],[],,,false_negative,xlmr_token_classifier,939.0
vihos_dev_940,dev,"Hơ hơ, ms c.an huyện mà bày đặt lên giọng. Xin lỗi cô ba vàng mã c.an tỉnh nhà con còn chưa coi vào mắt huốn j c.an huyện. Chú con là đại biểu quốc hội tỉnh mà còn ch dám lên giọng. Nổ quá. Đr, ở Mĩ có bom nguyên tử hk nổ ms là lạ",,,,,,,,,,,"[24, 25, 26, 27, 28, 29, 30, 31, 32, 33, 34, 35, 36, 37, 38, 39, 40, 87, 88, 89, 90, 91, 92, 93, 94, 95, 96, 97, 98, 99, 100, 101, 102, 182, 183, 219, 220]","[[24, 41], [87, 103], [182, 184], [219, 221]]",bày đặt lên giọng | chưa coi vào mắt | Nổ | nổ,,,"[7, 8, 36, 37, 38, 39, 40, 96, 97, 98, 106, 107, 164, 165, 167, 168, 169, 182, 183, 190]","[[7, 9], [36, 41], [96, 99], [106, 108], [164, 166], [167, 170], [182, 184], [190, 191]]",ms | giọng | vào | ốn | ch | dám | Nổ | Đ,,partial_match,xlmr_token_classifier,940.0
vihos_dev_941,dev,"Cái miệng khẩu nghiệp, con này nó tạo nghiệp không để phúc đức cho con nó",,,,,,,,,,,"[23, 24, 25, 31, 32, 45, 46, 47, 48, 49, 50, 51, 52, 53, 54, 55, 56, 57, 58, 59, 60, 61, 71, 72]","[[23, 26], [31, 33], [45, 62], [71, 73]]",con | nó | không để phúc đức | nó,,,"[4, 5, 6, 7, 8, 10, 11, 12, 13, 15, 16, 17, 18, 19, 20, 23, 24, 25, 31, 32, 34, 35, 36, 38, 39, 40, 41, 42, 43, 71, 72]","[[4, 9], [10, 14], [15, 21], [23, 26], [31, 33], [34, 37], [38, 44], [71, 73]]",miệng | khẩu | nghiệp | con | nó | tạo | nghiệp | nó,,partial_match,xlmr_token_classifier,941.0
vihos_dev_942,dev,Khẩu nghiệp tụ vành môi v má,,,,,,,,,,,[],[],,,,"[0, 1, 2, 3, 5, 6, 7, 8, 9, 10, 12, 13, 15, 16, 17, 18, 20, 21, 22, 24, 26, 27]","[[0, 4], [5, 11], [12, 14], [15, 19], [20, 23], [24, 25], [26, 28]]",Khẩu | nghiệp | tụ | vành | môi | v | má,,false_positive,xlmr_token_classifier,942.0
vihos_dev_946,dev,"nữ sinh chạm vào mà CA đi tù 9 tháng, CA chạm vào má chị bán hàng rong chảy máu tạm đình chỉ =]]z báo còn viết thêm chị ấy chăn dắt ăn xin mới ghê",,,,,,,,,,,"[123, 124, 125, 126, 127, 128, 129, 130, 131, 132, 133, 134, 135, 136, 137]","[[123, 138]]",chăn dắt ăn xin,,,"[50, 51, 71, 72, 73, 74, 76, 77, 78, 123, 124, 125, 126, 128, 129, 130, 132, 133, 135, 136, 137]","[[50, 52], [71, 75], [76, 79], [123, 127], [128, 131], [132, 134], [135, 138]]",má | chảy | máu | chăn | dắt | ăn | xin,,partial_match,xlmr_token_classifier,946.0
vihos_dev_947,dev,Đit mẹ thua cái thể loại này,,,,,,,,,,,"[0, 1, 2, 3, 4, 5, 16, 17, 18, 19, 20, 21, 22, 23]","[[0, 6], [16, 24]]",Đit mẹ | thể loại,,,"[0, 1, 2, 4, 5, 7, 8, 9, 10, 12, 13, 14, 16, 17, 18, 20, 21, 22, 23]","[[0, 3], [4, 6], [7, 11], [12, 15], [16, 19], [20, 24]]",Đit | mẹ | thua | cái | thể | loại,,partial_match,xlmr_token_classifier,947.0
vihos_dev_950,dev,Sao không mở lại những líp nó khóc lóc xin lỗi cho nó thấy nó xấu kễ nào...nhục quá...,,,,,,,,,,,"[27, 28, 30, 31, 32, 33, 34, 35, 36, 37, 38, 39, 40, 41, 42, 43, 44, 45, 51, 52, 59, 60, 61, 62, 63, 64, 75, 76, 77, 78]","[[27, 29], [30, 46], [51, 53], [59, 65], [75, 79]]",nó | khóc lóc xin lỗi | nó | nó xấu | nhục,,,"[27, 28, 30, 31, 32, 33, 35, 36, 37, 51, 52, 59, 60, 62, 63, 64, 75, 76, 77, 78]","[[27, 29], [30, 34], [35, 38], [51, 53], [59, 61], [62, 65], [75, 79]]",nó | khóc | lóc | nó | nó | xấu | nhục,,partial_match,xlmr_token_classifier,950.0
vihos_dev_952,dev,Tức nhiên mày xạo quá,,,,,,,,,,,"[11, 12, 13, 14]","[[11, 15]]",mày,,,"[11, 12, 13, 14, 16, 17, 18, 19]","[[11, 15], [16, 20]]",mày | xạo,,partial_match,xlmr_token_classifier,952.0
vihos_dev_954,dev,200.000 hộp thuốc giết người.,,,,,,,,,,,"[18, 19, 20, 21]","[[18, 22]]",giết,,,"[18, 19, 20, 21, 23, 24, 25, 26, 27]","[[18, 22], [23, 28]]",giết | người,,partial_match,xlmr_token_classifier,954.0
vihos_dev_956,dev,Còn này thật hoc,,,,,,,,,,,"[0, 1, 2, 8, 9, 10, 11, 12, 13, 14, 15]","[[0, 3], [8, 16]]",Còn | thật hoc,,,[],[],,,false_negative,xlmr_token_classifier,956.0
vihos_dev_966,dev,Thuyên Võ chây thì chết condime với tụi mình r :))),,,,,,,,,,,"[19, 20, 21, 22, 24, 25, 26, 27, 28, 29, 30, 36, 37, 38]","[[19, 23], [24, 31], [36, 39]]",chết | condime | tụi,,,"[19, 20, 21, 22, 24, 25, 26, 27, 28, 29, 30]","[[19, 23], [24, 31]]",chết | condime,,partial_match,xlmr_token_classifier,966.0
vihos_dev_969,dev,Si đa mà xông pha hiến máu là có thật :)),,,,,,,,,,,"[0, 1, 2, 3, 4]","[[0, 5]]",Si đa,,,[],[],,,false_negative,xlmr_token_classifier,969.0
vihos_dev_971,dev,Trần dần bệnh tâm thần chuyện có nói ko chuyện ko nói có làm cho cả cộng đồng người việt ở Mỹ quá bức xúc truyền thông pho bolsa tv giống Trần dần bịa đặt chuyện có nói ko chuyện ko nói có,,,,,,,,,,,"[9, 10, 11, 12, 13, 14, 15, 16, 17, 18, 19, 20, 21]","[[9, 22]]",bệnh tâm thần,,,"[14, 15, 16, 18, 19, 20, 21, 149, 151, 152, 153]","[[14, 17], [18, 22], [149, 150], [151, 154]]",tâm | thần | a | đặt,,partial_match,xlmr_token_classifier,971.0
vihos_dev_972,dev,xã hội vn thối nát rồi... bây h chúng nó chỉ mong vơ vét của dân cho nhiều rồi chuồn ra nước ngoài thôi.. phải có một hồ chủ tịch thứ hai,,,,,,,,,,,"[10, 11, 12, 13, 14, 15, 16, 17, 32, 33, 34, 35, 36, 37, 38, 39, 79, 80, 81, 82, 83, 118, 119, 120, 121, 122, 123, 124, 125, 126, 127, 128]","[[10, 18], [32, 40], [79, 84], [118, 129]]",thối nát | chúng nó | chuồn | hồ chủ tịch,,,"[10, 11, 12, 13, 15, 16, 17, 32, 33, 34, 35, 36, 38, 39, 50, 51, 53, 54, 55, 79, 80, 81, 82, 83, 93, 94, 95, 96, 97, 106, 107, 108, 109, 111, 112, 114, 115, 116, 118, 119, 121, 122, 123, 125, 126, 127, 128, 130, 131, 132, 134, 135, 136]","[[10, 14], [15, 18], [32, 37], [38, 40], [50, 52], [53, 56], [79, 84], [93, 98], [106, 110], [111, 113], [114, 117], [118, 120], [121, 124], [125, 129], [130, 133], [134, 137]]",thối | nát | chúng | nó | vơ | vét | chuồn | ngoài | phải | có | một | hồ | chủ | tịch | thứ | hai,,partial_match,xlmr_token_classifier,972.0
vihos_dev_973,dev,"Đừng nghe những gì cộng sản nói , hãy nhìn những gì cộng sản làm",,,,,,,,,,,[],[],,,,"[38, 39, 40, 41, 43, 44, 45, 46, 47, 49, 50, 57, 58, 59]","[[38, 42], [43, 48], [49, 51], [57, 60]]",nhìn | những | gì | sản,,false_positive,xlmr_token_classifier,973.0
vihos_dev_980,dev,"Chị ba nói đúng rồi. Chị ba bán nước cầu vinh. Đời ông cố nội thằng cha chị ba, tham sống sợ chết đầu hàng giặt",,,,,,,,,,,"[28, 29, 30, 31, 32, 33, 34, 35, 36, 37, 38, 39, 40, 41, 42, 43, 44, 62, 63, 64, 65, 66, 80, 81, 82, 83, 84, 85, 86, 87, 88, 89, 90, 91, 92, 93, 94, 95, 96, 98, 99, 100, 101, 102, 103, 104, 105]","[[28, 45], [62, 67], [80, 97], [98, 106]]",bán nước cầu vinh | thằng | tham sống sợ chết | đầu hàng,,,"[28, 29, 30, 32, 33, 34, 35, 55, 56, 58, 59, 60, 62, 63, 64, 65, 66, 68, 69, 70, 80, 81, 82, 83, 85, 86, 87, 88, 90, 91, 93, 94, 95, 96, 102, 103, 104, 105]","[[28, 31], [32, 36], [55, 57], [58, 61], [62, 67], [68, 71], [80, 84], [85, 89], [90, 92], [93, 97], [102, 106]]",bán | nước | cố | nội | thằng | cha | tham | sống | sợ | chết | hàng,,partial_match,xlmr_token_classifier,980.0
vihos_dev_981,dev,Đấy thấy chưa ko có thông báo mà tự giác là rất tuyệt vời del phải như ai kia làm cả thủ đô ăn mì,,,,,,,,,,,"[58, 59, 60, 71, 72, 73, 74, 75, 76, 77, 78, 79, 80, 81, 82, 83, 84, 85, 86, 87, 88, 89, 90, 91, 92, 93, 94, 95, 96]","[[58, 61], [71, 97]]",del | ai kia làm cả thủ đô ăn mì,,,[],[],,,false_negative,xlmr_token_classifier,981.0
vihos_dev_986,dev,Con trâu xanh cái mặt như cái lồn họ:D,,,,,,,,,,,"[26, 27, 28, 29, 30, 31, 32, 33, 34, 35]","[[26, 36]]",cái lồn họ,,,"[0, 1, 2, 4, 5, 6, 7, 9, 10, 11, 12, 18, 19, 20, 22, 23, 24, 26, 27, 28, 30, 31, 32, 34, 35]","[[0, 3], [4, 8], [9, 13], [18, 21], [22, 25], [26, 29], [30, 33], [34, 36]]",Con | trâu | xanh | mặt | như | cái | lồn | họ,,partial_match,xlmr_token_classifier,986.0
vihos_dev_987,dev,Sạo loxz quền của chị 3,,,,,,,,,,,"[0, 1, 2, 3, 4, 5, 6, 7]","[[0, 8]]",Sạo loxz,,,"[1, 2, 4, 5, 6, 7]","[[1, 3], [4, 8]]",ạo | loxz,,partial_match,xlmr_token_classifier,987.0
vihos_dev_991,dev,Thì kệ con mẹ bạn làm như bạn là trung tâm vũ trụ ai cũng cần bạn z? Thể hiện quan điểm con cak.,,,,,,,,,,,"[4, 5, 6, 7, 8, 9, 10, 11, 12, 18, 19, 20, 21, 22, 23, 24, 25, 26, 27, 28, 29, 30, 31, 32, 33, 34, 35, 36, 37, 38, 39, 40, 41, 42, 43, 44, 45, 46, 47, 48, 49, 50, 51, 52, 53, 54, 55, 56, 57, 58, 59, 60, 88, 89, 90, 91, 92, 93, 94]","[[4, 13], [18, 61], [88, 95]]",kệ con mẹ | làm như bạn là trung tâm vũ trụ ai cũng cần | con cak,,,"[7, 8, 9, 11, 12, 22, 23, 24, 26, 27, 28, 88, 89, 90, 92]","[[7, 10], [11, 13], [22, 25], [26, 29], [88, 91], [92, 93]]",con | mẹ | như | bạn | con | c,,partial_match,xlmr_token_classifier,991.0
vihos_dev_992,dev,ui dyt mẹ dân còng lưng ra gánh.thuê đánh x2 .đéo mẹ Đổi Mới Cuộc Sống,,,,,,,,,,,"[3, 4, 5, 6, 7, 8, 37, 38, 39, 40, 46, 47, 48, 49, 50, 51]","[[3, 9], [37, 41], [46, 52]]",dyt mẹ | đánh | đéo mẹ,,,"[7, 8, 14, 15, 16, 17, 19, 20, 21, 22, 37, 38, 39, 40, 42, 46, 47, 48, 50, 51]","[[7, 9], [14, 18], [19, 23], [37, 41], [42, 43], [46, 49], [50, 52]]",mẹ | còng | lưng | đánh | x | đéo | mẹ,,partial_match,xlmr_token_classifier,992.0
vihos_dev_994,dev,nói j thì nói nghe giọng khàn khàn éo thể nào iu dc 😅,,,,,,,,,,,"[35, 36]","[[35, 37]]",éo,,,"[25, 26, 27, 28, 35, 36]","[[25, 29], [35, 37]]",khàn | éo,,partial_match,xlmr_token_classifier,994.0
vihos_dev_997,dev,Để avata bít ngay là ngu hơn chó,,,,,,,,,,,"[21, 22, 23, 24, 25, 26, 27, 28, 29, 30, 31]","[[21, 32]]",ngu hơn chó,,,"[21, 22, 23, 25, 26, 27, 29, 30, 31]","[[21, 24], [25, 28], [29, 32]]",ngu | hơn | chó,,partial_match,xlmr_token_classifier,997.0
vihos_dev_998,dev,Stt ngu mức này còn cop lại được. Đm,,,,,,,,,,,"[4, 5, 6, 7, 8, 9, 10, 11, 12, 13, 14, 15, 16, 17, 18, 19, 20, 21, 22, 23, 24, 25, 26, 34, 35]","[[4, 27], [34, 36]]",ngu mức này còn cop lại | Đm,,,"[4, 5, 6, 34, 35]","[[4, 7], [34, 36]]",ngu | Đm,,partial_match,xlmr_token_classifier,998.0
vihos_dev_999,dev,Đợi cc ang nhỉ,,,,,,,,,,,"[4, 5, 7, 8, 9]","[[4, 6], [7, 10]]",cc | ang,,,"[4, 5]","[[4, 6]]",cc,,partial_match,xlmr_token_classifier,999.0
vihos_dev_1000,dev,Em oi ..con Linh Dai Loan no´co´nhô? lông dai´cua em chua ma em lai lên Xi`Gon`kiêm´no´con nua?..lam`nhu em co bao nhiêu vang`lây ra deo hêt´hay sao vây ???..dzom`giông vang gia?..nhin den thui`lui`ha`..nêu´la vang thiêt thi no se sang´loe`luôn ah em oi cho anh noi nghe ne..em quên cai con Linh Dai Loan di ..no´noi bon CSVN an cut´cua no nêu´ma no ngung goi tiên USD ve thôi..chu no không co noi em an cut´cua no..em co biet Miên Tây bây gio bi nuoc man va khô han khong ne ???..bon Trung Quôc no ngan dong`chây? cua sông Me Kông rôi...dân mien Tay se chet doi´het..em chui? thang Trung Quoc dum anh di em...em dzam chui? khong ne ??..anh so bn Trung công no´den nha em no nhô? sach lông dai´cua em do nha,,,,,,,,,,,"[8, 9, 10, 26, 27, 28, 32, 33, 34, 35, 36, 37, 38, 39, 40, 41, 42, 43, 44, 45, 84, 85, 86, 108, 109, 110, 111, 112, 113, 114, 115, 116, 117, 118, 119, 120, 121, 122, 123, 124, 125, 126, 127, 128, 129, 130, 131, 132, 133, 134, 135, 136, 137, 138, 139, 174, 175, 176, 185, 186, 187, 188, 189, 190, 191, 192, 193, 194, 195, 196, 197, 225, 226, 287, 288, 289, 310, 311, 312, 317, 318, 319, 326, 327, 328, 329, 330, 331, 332, 337, 338, 347, 348, 382, 383, 401, 402, 403, 404, 405, 406, 407, 412, 413, 481, 482, 483, 496, 497, 554, 555, 556, 557, 571, 572, 573, 574, 575, 577, 578, 579, 580, 581, 618, 619, 620, 621, 622, 644, 645, 658, 659, 660, 672, 673, 675, 676, 677, 678, 679, 680, 681, 682, 683, 684, 685, 686, 687, 688, 689, 690, 691, 692, 693]","[[8, 11], [26, 29], [32, 46], [84, 87], [108, 140], [174, 177], [185, 198], [225, 227], [287, 290], [310, 313], [317, 320], [326, 333], [337, 339], [347, 349], [382, 384], [401, 408], [412, 414], [481, 484], [496, 498], [554, 558], [571, 576], [577, 582], [618, 623], [644, 646], [658, 661], [672, 674], [675, 694]]",con | no´ | nhô? lông dai´ | no´ | co bao nhiêu vang`lây ra deo hêt | gia | den thui`lui` | no | con | no´ | bon | an cut´ | no | no | no | an cut´ | no | bon | no | chet | chui? | thang | chui? | bn | no´ | no | nhô? sach lông dai´,,,"[8, 9, 10, 26, 27, 37, 38, 39, 40, 84, 85, 87, 88, 89, 91, 92, 93, 133, 134, 135, 158, 159, 160, 161, 192, 225, 226, 236, 237, 238, 287, 288, 289, 337, 338, 347, 348, 378, 379, 380, 382, 383, 412, 413, 496, 497, 554, 555, 556, 557, 559, 560, 561, 562, 571, 572, 573, 574, 575, 618, 619, 620, 621, 622]","[[8, 11], [26, 28], [37, 41], [84, 86], [87, 90], [91, 94], [133, 136], [158, 162], [192, 193], [225, 227], [236, 239], [287, 290], [337, 339], [347, 349], [378, 381], [382, 384], [412, 414], [496, 498], [554, 558], [559, 563], [571, 576], [618, 623]]",con | no | lông | no | con | nua | deo | dzom | i | no | loe | con | no | no | chu | no | no | no | chet | doi´ | chui? | chui?,,partial_match,xlmr_token_classifier,1000.0
vihos_dev_1001,dev,"Tuổi 17 bẻ gãy sừng trâu, lên 18 thì càng lên level. Đề nghị các bạn đái nhẹ, ị khẽ, địt duyên! Khéo lại bể tường... 😓😓😓",,,,,,,,,,,"[69, 70, 71, 72, 73, 74, 75, 76, 77, 78, 79, 80, 81, 82, 83, 84, 85, 86, 87, 88, 89, 90, 91, 92, 93]","[[69, 94]]","đái nhẹ, ị khẽ, địt duyên",,,"[8, 9, 11, 12, 13, 15, 16, 17, 18, 20, 21, 22, 23, 69, 70, 71, 78, 80, 81, 82, 85, 86, 87, 96, 99, 105, 106, 108, 109, 110, 111, 112]","[[8, 10], [11, 14], [15, 19], [20, 24], [69, 72], [78, 79], [80, 83], [85, 88], [96, 97], [99, 100], [105, 107], [108, 113]]",bẻ | gãy | sừng | trâu | đái | ị | khẽ | địt | K | o | bể | tường,,partial_match,xlmr_token_classifier,1001.0
vihos_dev_1002,dev,"Giàu sang vì cái tâm tốt nè, tâm từ bi giúp bà con nghèo chân thật đụ má nó",,,,,,,,,,,"[67, 68, 69, 70, 71, 72, 73, 74]","[[67, 75]]",đụ má nó,,,"[0, 1, 2, 3, 67, 68, 70, 71, 73, 74]","[[0, 4], [67, 69], [70, 72], [73, 75]]",Giàu | đụ | má | nó,,partial_match,xlmr_token_classifier,1002.0
vihos_dev_1006,dev,"Cai miệng nhìn co duyên, chưởi ,nhung nhìn cai miệng co duyen",,,,,,,,,,,[],[],,,,"[0, 1, 2, 4, 5, 6, 7, 8, 25, 26, 27, 28, 29, 43, 44, 45, 47, 48, 49, 50, 51]","[[0, 3], [4, 9], [25, 30], [43, 46], [47, 52]]",Cai | miệng | chưởi | cai | miệng,,false_positive,xlmr_token_classifier,1006.0
vihos_dev_1007,dev,Thiếu vụ sông Đà rồi ad ơi. Lật lọng là truyền thống lúc nào cũng được phát huy của cộng sản và những người ủng hộ cộng sản.,,,,,,,,,,,"[28, 29, 30, 31, 32, 33, 34, 35]","[[28, 36]]",Lật lọng,,,"[28, 29, 30, 32, 33]","[[28, 31], [32, 34]]",Lật | lọ,,partial_match,xlmr_token_classifier,1007.0
vihos_dev_1010,dev,"NGUYỄN Anh Tuấn “ Dạ ...Trần Dần là 3/// nhưng mà que đã què nen không còn khả năng xỏ lá nữa  chỉ cái tội bị mắc đường bố nói xàm mà thôi 😁😀🤓”
Mỗi khi thấy lão tôi không thể chửi nửa .............mà chỉ cười tét rốn
Vì coi như xem hài miễn phí vậy mà
😂🤣",,,,,,,,,,,"[36, 37, 38, 39, 40, 41, 42, 43, 44, 45, 46, 47, 48, 49, 50, 51, 52, 53, 54, 55, 56, 57, 58, 59, 84, 85, 86, 87, 88, 99, 100, 101, 102, 103, 104, 105, 106, 107, 108, 109, 110, 111, 112, 113, 114, 115, 116, 117, 118, 119, 120, 121, 122, 123, 124, 125, 126, 127, 128, 129, 157, 158, 159, 165, 166, 167, 168, 169, 170, 171, 172, 173, 174, 175, 176, 177, 178, 204, 205, 206, 207, 208, 209, 210, 211, 212, 213, 214, 215]","[[36, 60], [84, 89], [99, 130], [157, 160], [165, 179], [204, 216]]",3/// nhưng mà que đã què | xỏ lá | cái tội bị mắc đường bố nói xàm | lão | không thể chửi | cười tét rốn,,,"[36, 37, 38, 39, 50, 51, 52, 57, 58, 59, 84, 85, 87, 88, 110, 111, 112, 114, 115, 116, 117, 118, 123, 124, 125, 127, 128, 129, 175, 176, 177, 178]","[[36, 40], [50, 53], [57, 60], [84, 86], [87, 89], [110, 113], [114, 119], [123, 126], [127, 130], [175, 179]]",3/// | que | què | xỏ | lá | mắc | đường | nói | xàm | chửi,,partial_match,xlmr_token_classifier,1010.0
vihos_dev_1011,dev,"thằng dưới thì thấy thế này, chứ đm thằng ad mà làm quan to xem, thử mở mồm ra nói nghĩ cho dân xem nào :)) thanh niên GATO",,,,,,,,,,,"[0, 1, 2, 3, 4, 33, 34, 36, 37, 38, 39, 40, 72, 73, 74, 119, 120, 121, 122]","[[0, 5], [33, 35], [36, 41], [72, 75], [119, 123]]",thằng | đm | thằng | mồm | GATO,,,"[0, 1, 2, 3, 4, 33, 34, 36, 37, 38, 39, 40, 57, 58, 69, 70, 72, 73, 74, 108, 109, 110, 111, 112, 114, 115, 116, 117, 119, 120, 121, 122]","[[0, 5], [33, 35], [36, 41], [57, 59], [69, 71], [72, 75], [108, 113], [114, 118], [119, 123]]",thằng | đm | thằng | to | mở | mồm | thanh | niên | GATO,,partial_match,xlmr_token_classifier,1011.0
vihos_dev_1012,dev,gã tâm thần.răng long râu rụng,,,,,,,,,,,"[0, 1, 2, 3, 4, 5, 6, 7, 8, 9, 10, 12, 13, 14, 15, 16, 17, 18, 19, 20, 21, 22, 23, 24, 25, 26, 27, 28, 29]","[[0, 11], [12, 30]]",gã tâm thần | răng long râu rụng,,,"[0, 1, 3, 4, 5, 7, 8, 9, 10, 12, 13, 14, 15, 17, 18, 19, 20, 22, 23, 24, 26, 27, 28, 29]","[[0, 2], [3, 6], [7, 11], [12, 16], [17, 21], [22, 25], [26, 30]]",gã | tâm | thần | răng | long | râu | rụng,,partial_match,xlmr_token_classifier,1012.0
vihos_dev_1014,dev,Mới ngày nào chị chị em em sao giờ chửi rồi,,,,,,,,,,,[],[],,,,"[35, 36, 37, 38]","[[35, 39]]",chửi,,false_positive,xlmr_token_classifier,1014.0
vihos_dev_1018,dev,Mày chửi thì mày nhắn mẹ đi :)) xạo lồn,,,,,,,,,,,"[0, 1, 2, 3, 4, 5, 6, 7, 13, 14, 15, 22, 23, 32, 33, 34, 35, 36, 37, 38]","[[0, 8], [13, 16], [22, 24], [32, 39]]",Mày chửi | mày | mẹ | xạo lồn,,,"[0, 1, 2, 4, 5, 6, 7, 13, 14, 15, 22, 23, 32, 33, 34, 36, 37, 38]","[[0, 3], [4, 8], [13, 16], [22, 24], [32, 35], [36, 39]]",Mày | chửi | mày | mẹ | xạo | lồn,,partial_match,xlmr_token_classifier,1018.0
vihos_dev_1021,dev,"Cái ảnh hưởng là ảnh hưởng đến thần kinh của mấy thằng não chó suốt ngày mở mồm là đmcs trong khj còn ăn hạt gạo, uống giọt nước do cs làm ra. Ngu như chó vậy",,,,,,,,,,,"[31, 32, 33, 34, 35, 36, 37, 38, 39, 49, 50, 51, 52, 53, 54, 55, 56, 57, 58, 59, 60, 61, 76, 77, 78, 83, 84, 85, 86, 143, 144, 145, 146, 147, 148, 149, 150, 151, 152, 153]","[[31, 40], [49, 62], [76, 79], [83, 87], [143, 154]]",thần kinh | thằng não chó | mồm | đmcs | Ngu như chó,,,"[14, 15, 17, 18, 19, 21, 22, 23, 24, 25, 27, 28, 29, 31, 32, 33, 34, 36, 37, 38, 39, 45, 46, 47, 49, 50, 51, 52, 53, 55, 56, 57, 59, 60, 61, 73, 74, 76, 77, 78, 83, 84, 85, 86, 98, 99, 100, 102, 103, 105, 106, 107, 109, 110, 111, 114, 115, 116, 117, 119, 120, 121, 122, 124, 125, 126, 127, 143, 144, 145, 147, 148, 149, 151, 152, 153]","[[14, 16], [17, 20], [21, 26], [27, 30], [31, 35], [36, 40], [45, 48], [49, 54], [55, 58], [59, 62], [73, 75], [76, 79], [83, 87], [98, 101], [102, 104], [105, 108], [109, 112], [114, 118], [119, 123], [124, 128], [143, 146], [147, 150], [151, 154]]",là | ảnh | hưởng | đến | thần | kinh | mấy | thằng | não | chó | mở | mồm | đmcs | còn | ăn | hạt | gạo | uống | giọt | nước | Ngu | như | chó,,partial_match,xlmr_token_classifier,1021.0
vihos_dev_1022,dev,Cũng do não thằng ad thôi bạn ạ. Đừng trách,,,,,,,,,,,"[12, 13, 14, 15, 16]","[[12, 17]]",thằng,,,"[8, 9, 10, 12, 13, 14, 15, 16]","[[8, 11], [12, 17]]",não | thằng,,partial_match,xlmr_token_classifier,1022.0
vihos_dev_1029,dev,loại đàn bà độc ác,,,,,,,,,,,"[0, 1, 2, 3, 4, 5, 6, 7, 8, 9, 10, 11, 12, 13, 14, 15, 16, 17, 18, 19, 20, 21, 22]","[[0, 23]]",loại đàn bà độc ác,,,"[0, 1, 2, 3, 4, 6, 7, 8, 9, 11, 12, 15, 16, 17, 18, 20, 21, 22]","[[0, 5], [6, 10], [11, 13], [15, 19], [20, 23]]",loại | đàn | ba | độc | ác,,partial_match,xlmr_token_classifier,1029.0
vihos_dev_1030,dev,thằng cha nào đó sáng lên ti vi phỏng vấn danh nhân thời đại chiều là thấy nó vào khám rồi chuyện vn,,,,,,,,,,,"[0, 1, 2, 3, 4, 5, 6, 7, 8, 75, 76]","[[0, 9], [75, 77]]",thằng cha | nó,,,"[0, 1, 2, 3, 4, 6, 7, 8, 75, 76]","[[0, 5], [6, 9], [75, 77]]",thằng | cha | nó,,partial_match,xlmr_token_classifier,1030.0
vihos_dev_1032,dev,"quay được phim rồi thì lấy xe bắt chó ra bắt đi , chờ gì nữa",,,,,,,,,,,[],[],,,,"[30, 31, 32, 34, 35, 36, 41, 42, 43]","[[30, 33], [34, 37], [41, 44]]",bắt | chó | bắt,,false_positive,xlmr_token_classifier,1032.0
vihos_dev_1034,dev,"Thật ra thì nó đéo thích là đéo bh thích đâu chỉ là đợi đợi xem có cái kèo mới ngon hơn , thơm hơn không thoi còn không có thì vẫn có 1 thằng ngu cứ ngồi đó đợi mình , qt , lo lắng dại đéo gì mà nói ra cho nó biết mình là nó không thích mình lỡ mình bỏ đi thì toi , gọi là bỏ thì tiếc mà đéo muốn lấy . Món đấy dai nhai tốn thời gian lắm tốt nhất vứt mẹ đi kiếm món mới cho lành :)))))",,,,,,,,,,,"[12, 13, 15, 16, 17, 28, 29, 30, 136, 137, 138, 139, 140, 141, 142, 143, 144, 185, 186, 187, 206, 207, 222, 223, 288, 289, 290, 351, 352]","[[12, 14], [15, 18], [28, 31], [136, 145], [185, 188], [206, 208], [222, 224], [288, 291], [351, 353]]",nó | đéo | đéo | thằng ngu | đéo | nó | nó | đéo | mẹ,,,"[12, 13, 15, 16, 17, 28, 29, 30, 136, 137, 138, 139, 140, 142, 143, 144, 181, 182, 183, 185, 186, 187, 206, 207, 222, 223, 288, 289, 290, 311, 312, 313, 315, 316, 317, 318, 351, 352]","[[12, 14], [15, 18], [28, 31], [136, 141], [142, 145], [181, 184], [185, 188], [206, 208], [222, 224], [288, 291], [311, 314], [315, 319], [351, 353]]",nó | đéo | đéo | thằng | ngu | dại | đéo | nó | nó | đéo | dai | nhai | mẹ,,partial_match,xlmr_token_classifier,1034.0
vihos_dev_1035,dev,Động cơ là con xe mấy tỷ. Hỏi cái mồm dọc.,,,,,,,,,,,"[34, 35, 36, 37, 38, 39, 40]","[[34, 41]]",mồm dọc,,,"[34, 35, 36]","[[34, 37]]",mồm,,partial_match,xlmr_token_classifier,1035.0
vihos_dev_1036,dev,Thầy dạy học sinh cách phê đá và cỏ,,,,,,,,,,,"[23, 24, 25]","[[23, 26]]",phê,,,[],[],,,false_negative,xlmr_token_classifier,1036.0
vihos_dev_1040,dev,Du ma nguoi Vietnam sang my khung het tron,,,,,,,,,,,"[0, 1, 2, 3, 4, 28, 29, 30, 31, 32]","[[0, 5], [28, 33]]",Du ma | khung,,,"[0, 1, 3, 4]","[[0, 2], [3, 5]]",Du | ma,,partial_match,xlmr_token_classifier,1040.0
vihos_dev_1041,dev,Nghe đâu thằng ad là dân Bắc. Nó mún ngửi đít miền Nam mà ko được nên tức ấy mà,,,,,,,,,,,"[9, 10, 11, 12, 13, 30, 31, 42, 43, 44, 58, 59, 60, 61, 62, 63, 64, 65, 66, 67, 68, 69, 70, 71, 72]","[[9, 14], [30, 32], [42, 45], [58, 73]]",thằng | Nó | đít | ko được nên tức,,,"[9, 10, 11, 12, 13, 30, 31, 37, 38, 39, 40, 42, 43, 44]","[[9, 14], [30, 32], [37, 41], [42, 45]]",thằng | Nó | ngửi | đít,,partial_match,xlmr_token_classifier,1041.0
vihos_dev_1050,dev,Do Dat gill xô đi đâu thế,,,,,,,,,,,[],[],,,,"[3, 4, 5, 9, 10]","[[3, 6], [9, 11]]",Dat | ll,,false_positive,xlmr_token_classifier,1050.0
vihos_dev_1051,dev,CỰC KỲ THUYẾT PHỤC,,,,,,,,,,,[],[],,,,"[7, 8, 9, 10, 11, 12, 14, 15, 16, 17]","[[7, 13], [14, 18]]",THUYẾT | PHỤC,,false_positive,xlmr_token_classifier,1051.0
vihos_dev_1057,dev,Tộc trưởng nói nghe xàm cặc. nhưng em thích =))),,,,,,,,,,,"[20, 21, 22, 23, 24, 25, 26]","[[20, 27]]",xàm cặc,,,"[20, 21, 22, 24, 25, 26]","[[20, 23], [24, 27]]",xàm | cặc,,partial_match,xlmr_token_classifier,1057.0
vihos_dev_1059,dev,Hang Tran nói dân trí thấp lại tự ái😀,,,,,,,,,,,"[14, 15, 16, 17, 18, 19, 20, 21, 22, 23, 24, 25]","[[14, 26]]",dân trí thấp,,,"[31, 32, 34, 35]","[[31, 33], [34, 36]]",tự | ái,,partial_match,xlmr_token_classifier,1059.0
vihos_dev_1061,dev,kkkkkk con quỷ này bị bà tam cung hốt hết mớ rồi.kkkk bị bã dụ .😄😄,,,,,,,,,,,"[7, 8, 9, 10, 11, 12, 13, 57, 58, 59, 60, 61]","[[7, 14], [57, 62]]",con quỷ | bã dụ,,,"[7, 8, 9, 11, 12, 13, 57, 58, 60, 61]","[[7, 10], [11, 14], [57, 59], [60, 62]]",con | quỷ | bã | dụ,,partial_match,xlmr_token_classifier,1061.0
vihos_dev_1062,dev,:)) cái chính quyền đu càg bỏ chạy đấy thì cũng chẳng mất nhiều côg sức lắm,,,,,,,,,,,"[4, 5, 6, 20, 21, 22, 23, 24, 25, 26, 27, 28, 29, 30, 31, 32, 33, 48, 49, 50, 51, 52, 53, 54, 55, 56, 57, 58, 59, 60, 61, 62, 63, 64, 65, 66, 67, 68, 69, 70, 71, 72, 73, 74]","[[4, 7], [20, 34], [48, 75]]",cái | đu càg bỏ chạy | chẳng mất nhiều côg sức lắm,,,"[20, 21]","[[20, 22]]",đu,,partial_match,xlmr_token_classifier,1062.0
vihos_dev_1063,dev,Địt mẹ thg hát nhá !! Lấy ngay cái đít anh độ nói chuyện haizzzz :(((,,,,,,,,,,,"[0, 1, 2, 3, 4, 5, 7, 8, 9, 35, 36, 37]","[[0, 6], [7, 10], [35, 38]]",Địt mẹ | thg | đít,,,"[0, 1, 2, 4, 5, 35, 36, 37]","[[0, 3], [4, 6], [35, 38]]",Địt | mẹ | đít,,partial_match,xlmr_token_classifier,1063.0
vihos_dev_1064,dev,có cái DB bố mày tin ấy,,,,,,,,,,,"[7, 8, 10, 11, 12, 13, 14, 15]","[[7, 9], [10, 16]]",DB | bố mày,,,"[7, 8, 10, 11, 13, 14, 15]","[[7, 9], [10, 12], [13, 16]]",DB | bố | mày,,partial_match,xlmr_token_classifier,1064.0
vihos_dev_1065,dev,Ng Văn Duy cút chỗ này đéo có loại người như m địt mẹ mày,,,,,,,,,,,"[23, 24, 25, 45, 47, 48, 49, 50, 51, 52, 53, 54, 55, 56]","[[23, 26], [45, 46], [47, 57]]",đéo | m | địt mẹ mày,,,"[11, 12, 13, 23, 24, 25, 30, 31, 32, 33, 45, 47, 48, 49, 51, 52, 54, 55, 56]","[[11, 14], [23, 26], [30, 34], [45, 46], [47, 50], [51, 53], [54, 57]]",cút | đéo | loại | m | địt | mẹ | mày,,partial_match,xlmr_token_classifier,1065.0
vihos_dev_1066,dev,lũ này chết đi cho đỡ chật đất,,,,,,,,,,,"[0, 1, 7, 8, 9, 10, 11, 12, 13, 14, 15, 16, 17, 18, 19, 20, 21, 22, 23, 24, 25, 26, 27, 28, 29]","[[0, 2], [7, 30]]",lũ | chết đi cho đỡ chật đất,,,"[0, 1, 7, 8, 9, 10, 12, 13]","[[0, 2], [7, 11], [12, 14]]",lũ | chết | đi,,partial_match,xlmr_token_classifier,1066.0
vihos_dev_1067,dev,"Đấu đá nhau khốc liệt,giã dối hơn cả XH Đen.vì có quyền điều khiển đc dư luận qua báo chí",,,,,,,,,,,"[0, 1, 2, 3, 4, 5, 22, 23, 24, 25, 26, 27, 28, 29, 30, 31, 32, 33, 34, 35, 36, 37, 38, 39, 40, 41, 42, 56, 57, 58, 59, 60, 61, 62, 63, 64, 65, 66, 67, 68, 69, 70, 71, 72, 73, 74, 75, 76, 77, 78, 79, 80, 81, 82, 83, 84, 85, 86, 87, 88]","[[0, 6], [22, 43], [56, 89]]",Đấu đá | giã dối hơn cả XH Đen | điều khiển đc dư luận qua báo chí,,,"[4, 5, 22, 23, 24, 26, 27, 28]","[[4, 6], [22, 25], [26, 29]]",đá | giã | dối,,partial_match,xlmr_token_classifier,1067.0
vihos_dev_1069,dev,Hiếu Bùi giỏi qá cc j cũng biết hết â,,,,,,,,,,,"[17, 18]","[[17, 19]]",cc,,,"[17, 18, 20]","[[17, 19], [20, 21]]",cc | j,,partial_match,xlmr_token_classifier,1069.0
vihos_dev_1070,dev,Sai cái dmm phải khoá mõm mày lại,,,,,,,,,,,"[8, 9, 10, 22, 23, 24, 26, 27, 28]","[[8, 11], [22, 25], [26, 29]]",dmm | mõm | mày,,,"[8, 9, 10, 17, 18, 19, 20, 22, 23, 24, 26, 27, 28]","[[8, 11], [17, 21], [22, 25], [26, 29]]",dmm | khoá | mõm | mày,,partial_match,xlmr_token_classifier,1070.0
vihos_dev_1072,dev,Điệp Còii vcl cáo là ai :)) con anh độ nhé :)),,,,,,,,,,,"[10, 11, 12]","[[10, 13]]",vcl,,,"[10, 11, 12, 28, 29, 30]","[[10, 13], [28, 31]]",vcl | con,,partial_match,xlmr_token_classifier,1072.0
vihos_dev_1074,dev,Hay ho con cặc j mà tối ngày đụ với chả địt,,,,,,,,,,,"[7, 8, 9, 10, 11, 12, 13, 29, 30, 40, 41, 42]","[[7, 14], [29, 31], [40, 43]]",con cặc | đụ | địt,,,"[7, 8, 9, 11, 12, 13, 29, 30, 36, 37, 38, 40, 41, 42]","[[7, 10], [11, 14], [29, 31], [36, 39], [40, 43]]",con | cặc | đụ | chả | địt,,partial_match,xlmr_token_classifier,1074.0
vihos_dev_1075,dev,Biết thế là đc r. Dẫu sao cũng nhắc nhở a e là. Đọc thôi cái gì cần nói hãy nói. Cái thằng admin kia nó k hiểu vđề gì phán ng này là chó ng kia là chó. Nó lại hiểu đc tiếng chó :-?...,,,,,,,,,,,"[85, 86, 87, 88, 89, 101, 102, 133, 134, 135, 147, 148, 149, 152, 153, 173, 174, 175]","[[85, 90], [101, 103], [133, 136], [147, 150], [152, 154], [173, 176]]",thằng | nó | chó | chó | Nó | chó,,,"[85, 86, 87, 88, 89, 101, 102, 104, 112, 133, 134, 135, 144, 145, 147, 148, 149, 152, 153, 173, 174, 175]","[[85, 90], [101, 103], [104, 105], [112, 113], [133, 136], [144, 146], [147, 150], [152, 154], [173, 176]]",thằng | nó | k | đ | chó | là | chó | Nó | chó,,partial_match,xlmr_token_classifier,1075.0
vihos_dev_1078,dev,Mày điên à??,,,,,,,,,,,"[0, 1, 2, 3, 4, 5, 6, 7]","[[0, 8]]",Mày điên,,,"[0, 1, 2, 4, 5, 6, 7]","[[0, 3], [4, 8]]",Mày | điên,,partial_match,xlmr_token_classifier,1078.0
vihos_dev_1080,dev,Đéo hiểu thằng này k có não sao làm đc quan nhỉ?,,,,,,,,,,,"[0, 1, 2, 9, 10, 11, 12, 13, 19, 20, 21, 22, 23, 24, 25, 26]","[[0, 3], [9, 14], [19, 27]]",Đéo | thằng | k có não,,,"[0, 1, 2, 9, 10, 11, 12, 13, 19, 21, 22, 24, 25, 26, 28, 29, 30, 32, 33, 34, 36, 37, 39, 40, 41, 42]","[[0, 3], [9, 14], [19, 20], [21, 23], [24, 27], [28, 31], [32, 35], [36, 38], [39, 43]]",Đéo | thằng | k | có | não | sao | làm | đc | quan,,partial_match,xlmr_token_classifier,1080.0
vihos_dev_1082,dev,Tuy hơi ác nhưng tử hình mới dừa lòng t ý thức như b***,,,,,,,,,,,"[17, 18, 19, 20, 21, 22, 23, 38, 40, 41, 42, 43, 44, 45, 46, 47, 48, 49, 50, 51, 52, 53, 54]","[[17, 24], [38, 39], [40, 55]]",tử hình | t | ý thức như b***,,,"[8, 9, 17, 18, 20, 21, 22, 23, 29, 30, 31, 38, 40, 42, 43, 44, 45, 51, 52, 53, 54]","[[8, 10], [17, 19], [20, 24], [29, 32], [38, 39], [40, 41], [42, 46], [51, 55]]",ác | tử | hình | dừa | t | ý | thức | b***,,partial_match,xlmr_token_classifier,1082.0
vihos_dev_1083,dev,"con này nó giả tạo, m càng chứng tỏ m càng để cộng đồng mạng hiểu hơn về mày 1 kể lừa đảo, vừa khóc vừa cười hả",,,,,,,,,,,"[0, 1, 2, 3, 4, 5, 6, 8, 9, 11, 12, 13, 14, 15, 16, 17, 20, 36, 73, 74, 75, 79, 80, 81, 82, 83, 84, 85, 86, 87, 88]","[[0, 7], [8, 10], [11, 18], [20, 21], [36, 37], [73, 76], [79, 89]]",con này | nó | giả tạo | m | m | mày | kể lừa đảo,,,"[0, 1, 2, 8, 9, 11, 12, 13, 15, 16, 17, 20, 36, 73, 74, 75, 82, 83, 84, 86, 87, 88, 95, 96, 97, 98]","[[0, 3], [8, 10], [11, 14], [15, 18], [20, 21], [36, 37], [73, 76], [82, 85], [86, 89], [95, 99]]",con | nó | giả | tạo | m | m | mày | lừa | đảo | khóc,,partial_match,xlmr_token_classifier,1083.0
vihos_dev_1085,dev,Lúc tối xem live sợ vai lon =((,,,,,,,,,,,"[20, 21, 22, 23, 24, 25, 26]","[[20, 27]]",vai lon,,,"[20, 21, 22, 24, 25, 26]","[[20, 23], [24, 27]]",vai | lon,,partial_match,xlmr_token_classifier,1085.0
vihos_dev_1088,dev,"Hình như đằng sau là chữ hotel, bỏ qua bước hôn má luôn ấy chứ 😂",,,,,,,,,,,[],[],,,,"[44, 45, 46, 48, 49]","[[44, 47], [48, 50]]",hôn | má,,false_positive,xlmr_token_classifier,1088.0
vihos_dev_1090,dev,Thành phần tham gia giải bóng đá này chắc thuộc tộc mũ cối dép râu bên kia vĩ tuyến rồi.,,,,,,,,,,,"[48, 49, 50, 51, 52, 53, 54, 55, 56, 57, 58, 59, 60, 61, 62, 63, 64, 65, 66, 67, 68, 69, 70, 71, 72, 73, 74, 75, 76, 77, 78, 79, 80, 81, 82]","[[48, 83]]",tộc mũ cối dép râu bên kia vĩ tuyến,,,"[52, 53, 55, 56, 57, 59, 60, 61, 63, 64, 65]","[[52, 54], [55, 58], [59, 62], [63, 66]]",mũ | cối | dép | râu,,partial_match,xlmr_token_classifier,1090.0
vihos_dev_1091,dev,"Bọn này vô học, lại thích khoe khoang để lấy thành tích, viết những câu chữ tối nghĩa.",,,,,,,,,,,"[0, 1, 2, 8, 9, 10, 11, 12, 13, 26, 27, 28, 29, 30, 31, 32, 33, 34, 35, 36, 37, 38, 39, 40, 41, 42, 43, 44, 45, 46, 47, 48, 49, 50, 51, 52, 53, 54, 76, 77, 78, 79, 80, 81, 82, 83, 84]","[[0, 3], [8, 14], [26, 55], [76, 85]]",Bọn | vô học | khoe khoang để lấy thành tích | tối nghĩa,,,"[0, 1, 2, 8, 9, 11, 12, 13, 26, 27, 28, 29, 31, 32, 33, 34, 35, 36, 38, 39, 41, 42, 43, 45, 46, 47, 48, 49, 51, 52, 53, 54, 68, 69, 70, 72, 73, 74, 76, 77, 78, 80, 81, 82, 83, 84]","[[0, 3], [8, 10], [11, 14], [26, 30], [31, 37], [38, 40], [41, 44], [45, 50], [51, 55], [68, 71], [72, 75], [76, 79], [80, 85]]",Bọn | vô | học | khoe | khoang | để | lấy | thành | tích | câu | chữ | tối | nghĩa,,partial_match,xlmr_token_classifier,1091.0
vihos_dev_1092,dev,Mình có cách giảm mỡ bụng an toàn hiệu quả tại nhà hoàn toàn từ thiên nhiên. M đã áp dụng thành công vòng eo từ 85cm xuống còn 65cm. Ai hóng thì ib m chỉ cho nhé. ( K uống thuốc) m mách 10 người giảm cả 10,,,,,,,,,,,[],[],,,,"[77, 148, 179]","[[77, 78], [148, 149], [179, 180]]",M | m | m,,false_positive,xlmr_token_classifier,1092.0
vihos_dev_1095,dev,Cái nào tốt th khen cái nào xấu là chê ad có tầm nhìn thấu đáu sáng suốt. Chứ hok phải bọn ngu đần mê mụi hok phân biệt đúng sai. Ng ta thấy sai ng ta nói thì bị cho là việt tân,,,,,,,,,,,"[87, 88, 89, 91, 92, 93, 94, 95, 96, 97, 99, 100, 101, 102, 103, 104]","[[87, 90], [91, 98], [99, 105]]",bọn | ngu đần | mê mụi,,,"[61, 87, 88, 89, 91, 92, 93, 95, 96, 97, 102, 103, 104, 169, 170, 171, 172, 174, 175, 176]","[[61, 62], [87, 90], [91, 94], [95, 98], [102, 105], [169, 173], [174, 177]]",u | bọn | ngu | đần | mụi | việt | tân,,partial_match,xlmr_token_classifier,1095.0
vihos_dev_1097,dev,Công an khôn lắm lúc đánh nhau còn lâu thấy mặt đánh xong rồi mới mò đến lạ gì,,,,,,,,,,,"[8, 9, 10, 11, 21, 22, 23, 24, 48, 49, 50, 51, 66, 67]","[[8, 12], [21, 25], [48, 52], [66, 68]]",khôn | đánh | đánh | mò,,,"[21, 22, 23, 24, 48, 49, 50, 51]","[[21, 25], [48, 52]]",đánh | đánh,,partial_match,xlmr_token_classifier,1097.0
vihos_dev_1101,dev,Park Kee rất thích ở Sài gòn :)),,,,,,,,,,,"[0, 1, 2, 3, 4, 5, 6, 7, 8, 9, 10, 11, 12, 13, 14, 15, 16, 17, 18, 19, 20, 21, 22, 23, 24, 25, 26, 27]","[[0, 28]]",Park Kee rất thích ở Sài gòn,,,[],[],,,false_negative,xlmr_token_classifier,1101.0
vihos_dev_1102,dev,chiich phu tran dan.bi cach ly car chisnh phu.,,,,,,,,,,,"[0, 1, 2, 3, 4, 5]","[[0, 6]]",chiich,,,[],[],,,false_negative,xlmr_token_classifier,1102.0
vihos_dev_1103,dev,"lông dương lông là lông , dương là dương v.. Có nghĩa là lông cu",,,,,,,,,,,"[35, 36, 37, 38, 39, 40, 41, 42, 62, 63]","[[35, 43], [62, 64]]",dương v. | cu,,,"[0, 1, 2, 3, 5, 6, 7, 8, 9, 26, 27, 28, 29, 30, 57, 58, 59, 60, 62, 63]","[[0, 4], [5, 10], [26, 31], [57, 61], [62, 64]]",lông | dương | dương | lông | cu,,partial_match,xlmr_token_classifier,1103.0
vihos_dev_1104,dev,Biết vậy ở nhà đọc truyện sếch còn hơn thầy ạ,,,,,,,,,,,"[26, 27, 28, 29]","[[26, 30]]",sếch,,,"[28, 29]","[[28, 30]]",ch,,partial_match,xlmr_token_classifier,1104.0
vihos_dev_1105,dev,Cô ba sạo lồn quá,,,,,,,,,,,"[6, 7, 8, 9, 10, 11, 12]","[[6, 13]]",sạo lồn,,,"[6, 7, 8, 10, 11, 12]","[[6, 9], [10, 13]]",sạo | lồn,,partial_match,xlmr_token_classifier,1105.0
vihos_test_4,test,Idol tui có khác. Phải v chứ ai như cái con phò tiệp tiệp j đó. Đm nó như 1 con đàn bà.,,,,,,,,,,,"[40, 41, 42, 43, 44, 45, 46, 64, 65, 67, 68, 76, 77, 78, 79, 80, 81, 82, 83, 84, 85]","[[40, 47], [64, 66], [67, 69], [76, 86]]",con phò | Đm | nó | con đàn bà,,,"[40, 41, 42, 44, 45, 46, 48, 49, 50, 51, 53, 54, 55, 56, 64, 65, 67, 68, 70, 71, 72, 74, 76, 77, 78, 80, 81, 82, 84, 85]","[[40, 43], [44, 47], [48, 52], [53, 57], [64, 66], [67, 69], [70, 73], [74, 75], [76, 79], [80, 83], [84, 86]]",con | phò | tiệp | tiệp | Đm | nó | như | 1 | con | đàn | bà,,partial_match,xlmr_token_classifier,4.0
vihos_test_5,test,Cảnh Sát GiựT Tiền = CSGT,,,,,,,,,,,"[9, 10, 11, 12, 13, 14, 15, 16, 17]","[[9, 18]]",GiựT Tiền,,,[],[],,,false_negative,xlmr_token_classifier,5.0
vihos_test_7,test,Gia cát bị đồng bóng à,,,,,,,,,,,"[11, 12, 13, 14, 15, 16, 17, 18, 19]","[[11, 20]]",đồng bóng,,,"[11, 12, 13, 14, 16, 17, 18, 19]","[[11, 15], [16, 20]]",đồng | bóng,,partial_match,xlmr_token_classifier,7.0
vihos_test_8,test,"Mấy tụi DLV hay nói đu càng này nọ. Nảo chúng bị nhồi nên úng rồi. Thật ra đu càng đâu dể. Đu càng tốn cả triệu đô. Chỉ có ở tụi quan lớn tham nhủng. Chứ bò đỏ ấu trỉ umê bưng bô lương ba đồng làm gì có cửa đu, chỉ biết làm chốt thí..ha ha",,,,,,,,,,,"[4, 5, 6, 20, 21, 22, 23, 24, 25, 26, 36, 37, 38, 39, 40, 41, 42, 43, 44, 45, 46, 47, 48, 49, 50, 51, 52, 53, 54, 55, 56, 57, 58, 59, 60, 75, 76, 77, 78, 79, 80, 81, 91, 92, 93, 94, 95, 96, 97, 125, 126, 127, 138, 139, 140, 141, 142, 143, 144, 145, 146, 147, 154, 155, 156, 157, 158, 159, 160, 161, 162, 163, 164, 165, 166, 167, 168, 169, 170, 171, 172, 173, 174, 175, 176, 177, 178, 179, 180, 181, 182, 183, 184, 185, 186, 187, 188, 189, 190, 191, 192, 193, 194, 195, 196, 197, 198, 199, 200, 201, 202, 203, 204, 205, 206, 207, 208, 224, 225, 226, 227, 228, 229, 230, 231]","[[4, 7], [20, 27], [36, 61], [75, 82], [91, 98], [125, 128], [138, 148], [154, 209], [224, 232]]",tụi | đu càng | Nảo chúng bị nhồi nên úng | đu càng | Đu càng | tụi | tham nhủng | bò đỏ ấu trỉ umê bưng bô lương ba đồng làm gì có cửa đu | chốt thí,,,"[4, 5, 6, 8, 9, 10, 20, 21, 23, 24, 25, 26, 40, 41, 42, 43, 44, 49, 50, 51, 52, 58, 59, 60, 75, 76, 78, 79, 80, 81, 91, 92, 125, 126, 127, 129, 130, 131, 132, 138, 139, 140, 141, 143, 144, 145, 146, 147, 154, 155, 157, 158, 160, 161, 163, 164, 165, 167, 168, 169, 173, 174, 176, 177, 193, 194, 195, 197, 198, 200, 201, 203, 204, 205, 207, 208, 229, 230, 231]","[[4, 7], [8, 11], [20, 22], [23, 27], [40, 45], [49, 53], [58, 61], [75, 77], [78, 82], [91, 93], [125, 128], [129, 133], [138, 142], [143, 148], [154, 156], [157, 159], [160, 162], [163, 166], [167, 170], [173, 175], [176, 178], [193, 196], [197, 199], [200, 202], [203, 206], [207, 209], [229, 232]]",tụi | DLV | đu | càng | chúng | nhồi | úng | đu | càng | Đu | tụi | quan | tham | nhủng | bò | đỏ | ấu | trỉ | umê | ng | bô | làm | gì | có | cửa | đu | thí,,partial_match,xlmr_token_classifier,8.0
vihos_test_9,test,đungs v,,,,,,,,,,,[],[],,,,"[0, 1, 2, 3, 4, 6]","[[0, 5], [6, 7]]",đungs | v,,false_positive,xlmr_token_classifier,9.0
vihos_test_11,test,Dễ thương quá lun hồi đó em cũng thích con mèo tom nữa mẹ ko cho cái nhõng nhẽo,,,,,,,,,,,[],[],,,,"[69, 70, 71, 72, 73, 75, 76, 77, 78]","[[69, 74], [75, 79]]",nhõng | nhẽo,,false_positive,xlmr_token_classifier,11.0
vihos_test_13,test,Thối CC chỉ không ngửi đuợc thôi,,,,,,,,,,,"[0, 1, 2, 3, 5, 6]","[[0, 4], [5, 7]]",Thối | CC,,,[],[],,,false_negative,xlmr_token_classifier,13.0
vihos_test_15,test,Nguyễn Đức Ánh khôn hơn cả họ nhà m.,,,,,,,,,,,"[15, 16, 17, 18, 19, 20, 21, 22, 23, 24, 25, 26, 27, 28, 29, 30, 31, 32, 33, 34]","[[15, 35]]",khôn hơn cả họ nhà m,,,[34],"[[34, 35]]",m,,partial_match,xlmr_token_classifier,15.0
vihos_test_16,test,Ai giết dk con linh cá lóc tui ủng hộ 10000usd,,,,,,,,,,,"[3, 4, 5, 6]","[[3, 7]]",giết,,,"[3, 4, 5, 6, 8, 9]","[[3, 7], [8, 10]]",giết | dk,,partial_match,xlmr_token_classifier,16.0
vihos_test_18,test,Lũ pede xạo xự. Mới hơm qua chúng tâng nhau lên mây. Nay chúng siủa cắn nhau như chó tháng 7. Hahaaaaaaa,,,,,,,,,,,"[0, 1, 2, 3, 4, 5, 6, 7, 8, 9, 10, 11, 12, 13, 14, 15, 16, 32, 33, 34, 35, 36, 37, 62, 63, 64, 65, 66, 67, 69, 70, 71, 72, 73, 75, 76, 77, 78, 89, 90, 91, 92]","[[0, 17], [32, 38], [62, 68], [69, 74], [75, 79], [89, 93]]",Lũ pede xạo xự | chúng | chúng | siủa | cắn | chó,,,"[0, 1, 4, 5, 6, 7, 9, 10, 11, 12, 14, 15, 16, 32, 33, 34, 35, 36, 37, 62, 63, 64, 65, 66, 67, 69, 70, 71, 73, 75, 76, 77, 78, 80, 81, 82, 83, 85, 86, 87, 89, 90, 91]","[[0, 2], [4, 8], [9, 13], [14, 17], [32, 38], [62, 68], [69, 72], [73, 74], [75, 79], [80, 84], [85, 88], [89, 92]]",Lu | pede | xạo | xự | chúng | chúng | siu | a | cắn | nhau | như | cho,,partial_match,xlmr_token_classifier,18.0
vihos_test_19,test,tr ơi nhìn thầy giống con póng quá à.,,,,,,,,,,,"[22, 23, 24, 25, 26, 27, 28, 29]","[[22, 30]]",con póng,,,"[22, 23, 24, 26, 27, 28, 29]","[[22, 25], [26, 30]]",con | póng,,partial_match,xlmr_token_classifier,19.0
vihos_test_21,test,Anh đánh máy giỏi thật! Dám biến đường đường là chủ tịch của một thành phố thủ đô trở thành tên nói láo! Tiên sư anh đánh máy!,,,,,,,,,,,"[24, 25, 26, 92, 93, 94, 95, 96, 97, 98, 99, 100, 101, 102, 105, 106, 107, 108, 109, 110, 111]","[[24, 27], [92, 103], [105, 112]]",Dám | tên nói láo | Tiên sư,,,"[24, 25, 26, 28, 29, 30, 31, 33, 34, 35, 36, 37, 39, 40, 41, 42, 43, 45, 46, 48, 49, 50, 52, 53, 54, 55, 92, 93, 94, 96, 97, 98, 100, 101, 102]","[[24, 27], [28, 32], [33, 38], [39, 44], [45, 47], [48, 51], [52, 56], [92, 95], [96, 99], [100, 103]]",Dám | biến | đường | đường | là | chủ | tịch | tên | nói | láo,,partial_match,xlmr_token_classifier,21.0
vihos_test_22,test,má hôm qua tưởng anh Tiệp đi đôi dép này chứ,,,,,,,,,,,[],[],,,,"[0, 1]","[[0, 2]]",má,,false_positive,xlmr_token_classifier,22.0
vihos_test_23,test,Cai mat nha tien tri Tran Dan.nhin giong cai phau cau ga cong nghiep wa mn oi,,,,,,,,,,,"[0, 1, 2, 3, 4, 5, 6, 7, 8, 9, 10, 11, 12, 13, 14, 15, 16, 17, 18, 19, 20, 21, 22, 23, 24, 25, 26, 27, 28, 29, 30, 31, 32, 33, 34, 35, 36, 37, 38, 39, 40, 41, 42, 43, 44, 45, 46, 47, 48, 49, 50, 51, 52, 53, 54, 55, 56, 57, 58, 59, 60, 61, 62, 63, 64, 65, 66, 67]","[[0, 68]]",Cai mat nha tien tri Tran Dan.nhin giong cai phau cau ga cong nghiep,,,"[48, 50, 51, 52]","[[48, 49], [50, 53]]",u | cau,,partial_match,xlmr_token_classifier,23.0
vihos_test_26,test,bậy bậy nà ! bụi khói bao trùm hà lội là do cụ cả đang đốt rác bằng lò tôn đấy ! năm nay cụ dọn nhà ăn tết sớm nên hơi ô nhiễm tí...bà con thông cảm ! đang đốt hối hả để 2020 mời thượng khách phương bắc vào nhà !,,,,,,,,,,,"[55, 56, 57, 58, 59, 60, 61, 62, 63, 64, 65, 66, 67, 68, 69, 70, 71, 72, 73, 74, 75, 76, 77]","[[55, 78]]",đốt rác bằng lò tôn đấy,,,"[0, 1, 2, 4, 5, 6, 55, 56, 57, 59, 60, 61, 63, 64, 65, 66, 68, 69, 156, 157, 158, 179, 180, 181, 182, 183, 184, 186, 187, 188, 189, 190, 199, 200, 201, 203, 204, 205]","[[0, 3], [4, 7], [55, 58], [59, 62], [63, 67], [68, 70], [156, 159], [179, 185], [186, 191], [199, 202], [203, 206]]",bậy | bậy | đốt | rác | bằng | lò | đốt | thượng | khách | bắc | vào,,partial_match,xlmr_token_classifier,26.0
vihos_test_27,test,mấy cái thứ bắt chước trộm hình của người khác như mày muôn đời nát. Kinh tởm. Người ta đăng từ hôm qua thì mày ăn cắp hình rồi comment lại câu view hả mày? Tưởng vậy hay ho nhưng ko ai ngu như mày để mày qua mặt đâu.,,,,,,,,,,,"[8, 9, 10, 12, 13, 14, 15, 16, 17, 18, 19, 20, 22, 23, 24, 25, 64, 65, 66, 69, 70, 71, 72, 73, 74, 75, 76, 108, 109, 110, 112, 113, 114, 115, 116, 117, 140, 141, 142, 143, 144, 145, 146, 147, 152, 153, 154, 186, 187, 188, 194, 195, 196, 201, 202, 203]","[[8, 11], [12, 21], [22, 26], [64, 67], [69, 77], [108, 111], [112, 118], [140, 148], [152, 155], [186, 189], [194, 197], [201, 204]]",thứ | bắt chước | trộm | nát | Kinh tởm | mày | ăn cắp | câu view | mày | ngu | mày | mày,,,"[22, 23, 24, 25, 51, 52, 53, 64, 65, 66, 69, 70, 71, 72, 74, 75, 76, 108, 109, 110, 112, 113, 152, 153, 154, 186, 187, 188, 190, 191, 192, 194, 195, 196, 201, 202, 203]","[[22, 26], [51, 54], [64, 67], [69, 73], [74, 77], [108, 111], [112, 114], [152, 155], [186, 189], [190, 193], [194, 197], [201, 204]]",trộm | mày | nát | Kinh | tởm | mày | ăn | mày | ngu | như | mày | mày,,partial_match,xlmr_token_classifier,27.0
vihos_test_28,test,T đọc mà t tức á,,,,,,,,,,,[],[],,,,"[0, 9]","[[0, 1], [9, 10]]",T | t,,false_positive,xlmr_token_classifier,28.0
vihos_test_29,test,Đảng cộng chó,,,,,,,,,,,"[0, 1, 2, 3, 4, 5, 6, 7, 8, 9, 10, 11, 12]","[[0, 13]]",Đảng cộng chó,,,"[0, 1, 2, 3, 5, 6, 7, 8, 10, 11, 12]","[[0, 4], [5, 9], [10, 13]]",Đảng | cộng | chó,,partial_match,xlmr_token_classifier,29.0
vihos_test_30,test,"đ m, thầy giáo cũng sống ảo",,,,,,,,,,,"[0, 1, 2]","[[0, 3]]",đ m,,,"[0, 2]","[[0, 1], [2, 3]]",đ | m,,partial_match,xlmr_token_classifier,30.0
vihos_test_32,test,Đồ này đc lên báo rồi,,,,,,,,,,,[],[],,,,"[0, 1]","[[0, 2]]",Đồ,,false_positive,xlmr_token_classifier,32.0
vihos_test_36,test,Huỳnh Tuấn phản động đó bạn,,,,,,,,,,,"[11, 12, 13, 14, 15, 16, 17, 18, 19]","[[11, 20]]",phản động,,,"[11, 12, 13, 14, 16, 17, 18, 19]","[[11, 15], [16, 20]]",phản | động,,partial_match,xlmr_token_classifier,36.0
vihos_test_37,test,90tr dân Việt Nam đang vả nhung nè,,,,,,,,,,,"[23, 24]","[[23, 25]]",vả,,,"[23, 24, 26, 27, 28, 29, 30]","[[23, 25], [26, 31]]",vả | nhung,,partial_match,xlmr_token_classifier,37.0
vihos_test_38,test,Tinh yêu như con chuồn chuồn,,,,,,,,,,,[],[],,,,"[13, 14, 15, 17, 18, 19, 20, 21, 23, 24, 25, 26, 27]","[[13, 16], [17, 22], [23, 28]]",con | chuồn | chuồn,,false_positive,xlmr_token_classifier,38.0
vihos_test_40,test,Chac tui chot wa cuoi dau bug luon,,,,,,,,,,,[],[],,,,"[9, 10, 11, 12]","[[9, 13]]",chot,,false_positive,xlmr_token_classifier,40.0
vihos_test_41,test,Nga Tran lom dom :)),,,,,,,,,,,[],[],,,,"[9, 10, 11, 13, 14, 15]","[[9, 12], [13, 16]]",lom | dom,,false_positive,xlmr_token_classifier,41.0
vihos_test_43,test,Trư Bát Giới đi vùng dịch về ko chịu cách ly,,,,,,,,,,,[],[],,,,"[21, 22, 23, 24, 42, 43]","[[21, 25], [42, 44]]",dịch | ly,,false_positive,xlmr_token_classifier,43.0
vihos_test_45,test,Quan thì ăn cái bụng to như trống. Còn người dân thì ốm yếu nuôi tụi nó,,,,,,,,,,,"[16, 17, 18, 19, 20, 21, 22, 23, 24, 25, 26, 27, 28, 29, 30, 31, 32, 53, 54, 55, 56, 57, 58, 60, 61, 62, 63, 64, 65, 66, 67, 68, 69, 70]","[[16, 33], [53, 59], [60, 71]]",bụng to như trống | ốm yếu | nuôi tụi nó,,,"[12, 13, 14, 16, 17, 18, 19, 21, 22, 24, 25, 26, 28, 29, 30, 31, 32, 53, 54, 56, 57, 58, 60, 61, 62, 63, 65, 66, 67, 69, 70]","[[12, 15], [16, 20], [21, 23], [24, 27], [28, 33], [53, 55], [56, 59], [60, 64], [65, 68], [69, 71]]",cái | bụng | to | như | trống | ốm | yếu | nuôi | tụi | nó,,partial_match,xlmr_token_classifier,45.0
vihos_test_47,test,Sam Bé Bố mày đéo có tư cách ở đây! Bố chửi thẳng cái thằng mặt lìn như mày đấy! Tay nhanh hơn não,,,,,,,,,,,"[10, 11, 12, 14, 15, 16, 36, 37, 39, 40, 41, 42, 54, 55, 56, 57, 58, 59, 60, 61, 62, 63, 64, 65, 66, 72, 73, 74, 81, 82, 83, 84, 85, 86, 87, 88, 89, 90, 91, 92, 93, 94, 95, 96, 97]","[[10, 13], [14, 17], [36, 38], [39, 43], [54, 67], [72, 75], [81, 98]]",mày | đéo | Bố | chửi | thằng mặt lìn | mày | Tay nhanh hơn não,,,"[7, 8, 10, 11, 12, 14, 15, 16, 36, 37, 39, 40, 41, 42, 54, 55, 56, 57, 58, 60, 61, 62, 64, 65, 66, 68, 69, 70, 72, 73, 74, 81, 82, 83, 85, 86, 87, 88, 89, 91, 92, 93, 95, 96, 97]","[[7, 9], [10, 13], [14, 17], [36, 38], [39, 43], [54, 59], [60, 63], [64, 67], [68, 71], [72, 75], [81, 84], [85, 90], [91, 94], [95, 98]]",Bố | mày | đéo | Bố | chửi | thằng | mặt | lìn | như | mày | Tay | nhanh | hơn | não,,partial_match,xlmr_token_classifier,47.0
vihos_test_51,test,chậm con cặc,,,,,,,,,,,"[9, 10, 11]","[[9, 12]]",cặc,,,"[5, 6, 7, 9, 10, 11]","[[5, 8], [9, 12]]",con | cặc,,partial_match,xlmr_token_classifier,51.0
vihos_test_52,test,Con mẹ mày con linh cá lóc,,,,,,,,,,,"[0, 1, 2, 3, 4, 5, 6, 7, 8, 9, 11, 12, 13]","[[0, 10], [11, 14]]",Con mẹ mày | con,,,"[0, 1, 2, 4, 5, 7, 8, 9, 11, 12, 13]","[[0, 3], [4, 6], [7, 10], [11, 14]]",Con | mẹ | mày | con,,partial_match,xlmr_token_classifier,52.0
vihos_test_53,test,Haha lại ba que xỏ lá,,,,,,,,,,,"[9, 10, 11, 12, 13, 14, 15, 16, 17, 18, 19, 20]","[[9, 21]]",ba que xỏ lá,,,"[12, 13, 14, 16, 17, 19, 20]","[[12, 15], [16, 18], [19, 21]]",que | xỏ | lá,,partial_match,xlmr_token_classifier,53.0
vihos_test_56,test,Má cái ông già này. Trẻ trâu Việt Nam nó chém ko trượt phát lào chứ ở đó mà súng bắn ko trúng...,,,,,,,,,,,"[0, 1, 2, 4, 5, 6, 7, 9, 10, 11, 12, 13, 14, 15, 16, 24, 25, 26, 27, 28, 29, 30, 31, 32, 44, 45, 46, 48, 49, 50, 51, 52, 91, 92, 93, 94, 95, 96, 97, 98, 99, 100]","[[0, 3], [4, 8], [9, 17], [24, 33], [44, 47], [48, 53], [91, 101]]",Má | cái | ông già | Trẻ trâu | nó | chém | súng bắn,,,"[0, 1, 9, 10, 11, 13, 14, 15, 24, 25, 26, 29, 30, 31, 32, 44, 45, 48, 49, 50, 51, 52, 99]","[[0, 2], [9, 12], [13, 16], [24, 27], [29, 33], [44, 46], [48, 53], [99, 100]]",Ma | ông | gia | Tre | trâu | no | chém | ́,,partial_match,xlmr_token_classifier,56.0
vihos_test_57,test,"@hoa buitôi chửi nó để  trong ngoặc đó bạn , chứ tôi biết thằng ba rọi này mồm nó hơn cống công cộng , từ thiện mà sủa như quái vật vậy, mồm nó độc quá ,mồm nó chửi tục vậy thì tâm nó chỉ tà kiến và ác gian tham thôi.",,,,,,,,,,,"[12, 13, 14, 15, 58, 59, 60, 61, 62, 75, 76, 77, 78, 79, 80, 81, 82, 83, 84, 85, 86, 87, 88, 89, 90, 91, 92, 93, 94, 95, 96, 97, 98, 99, 115, 116, 117, 123, 124, 125, 126, 127, 128, 129, 130, 137, 138, 139, 140, 141, 142, 143, 144, 145, 146, 153, 154, 155, 156, 157, 158, 159, 160, 161, 162, 163, 164, 165, 166, 167, 181, 182, 188, 189, 190, 191, 192, 193, 194, 199, 200, 201, 202, 203, 204, 205, 207, 208, 209, 210]","[[12, 16], [58, 63], [75, 100], [115, 118], [123, 131], [137, 147], [153, 168], [181, 183], [188, 195], [199, 206], [207, 211]]",chửi | thằng | mồm nó hơn cống công cộng | sủa | quái vật | mồm nó độc | mồm nó chửi tục | nó | tà kiến | ác gian | tham,,,"[12, 13, 14, 15, 17, 18, 58, 59, 60, 61, 62, 75, 76, 77, 79, 80, 115, 116, 117, 119, 120, 121, 123, 124, 125, 126, 128, 129, 130, 137, 138, 139, 141, 142, 153, 155, 157, 158, 160, 161, 162, 163, 181, 182, 188, 189, 191, 192, 193, 194, 199, 200, 202, 203, 204, 205, 207, 208, 209, 210]","[[12, 16], [17, 19], [58, 63], [75, 78], [79, 81], [115, 118], [119, 122], [123, 127], [128, 131], [137, 140], [141, 143], [153, 154], [155, 156], [157, 159], [160, 164], [181, 183], [188, 190], [191, 195], [199, 201], [202, 206], [207, 211]]",chửi | nó | thằng | mồm | nó | sủa | như | quái | vật | mồm | nó | m | m | nó | chửi | nó | tà | kiến | ác | gian | tham,,partial_match,xlmr_token_classifier,57.0
vihos_test_59,test,Bo truong cho,,,,,,,,,,,"[10, 11, 12]","[[10, 13]]",cho,,,[],[],,,false_negative,xlmr_token_classifier,59.0
vihos_test_60,test,Đổi cờ hay kỳ gì cũng không đổi cái rẻ rách 3/ đâu nha bác :),,,,,,,,,,,"[36, 37, 38, 39, 40, 41, 42, 43, 44, 45]","[[36, 46]]",rẻ rách 3/,,,"[36, 37, 39, 40, 41, 42, 44, 45]","[[36, 38], [39, 43], [44, 46]]",rẻ | rách | 3/,,partial_match,xlmr_token_classifier,60.0
vihos_test_61,test,trần dần chém gió.nghèo kiết xác không có tiền để làm răng gãy mẹ nó hết rồi mà còn ngồi chem gió,,,,,,,,,,,"[11, 12, 13, 14, 15, 16, 17, 18, 19, 20, 22, 23, 24, 25, 26, 27, 28, 29, 30, 31, 32, 33, 34, 35, 36, 37, 38, 75, 76, 77, 78, 79, 80, 81, 82, 83, 84, 85, 86, 108, 109, 110, 111, 112, 113, 114, 115, 116]","[[11, 21], [22, 39], [75, 87], [108, 117]]",chém gió | nghèo kiết xác | mẹ nó hết | chem gió,,,"[11, 12, 13, 14, 15, 17, 18, 19, 65, 66, 67, 68, 70, 71, 73, 75, 76, 79, 80, 108, 109, 110, 111, 113, 114, 115]","[[11, 16], [17, 20], [65, 69], [70, 72], [73, 74], [75, 77], [79, 81], [108, 112], [113, 116]]",chém | gio | răng | ga | y | me | no | chem | gio,,partial_match,xlmr_token_classifier,61.0
vihos_test_62,test,"~ 85 triệu Dân ngu cu đen ngày càng bị 4,5 triệu đảng viện ức hiếp",,,,,,,,,,,"[15, 16, 17, 18, 19, 20, 21, 22, 23, 24, 59, 60, 61, 62, 63, 64, 65]","[[15, 25], [59, 66]]",ngu cu đen | ức hiếp,,,"[15, 16, 17, 19, 20, 22, 23, 24, 59, 60, 62, 63, 64, 65]","[[15, 18], [19, 21], [22, 25], [59, 61], [62, 66]]",ngu | cu | đen | ức | hiếp,,partial_match,xlmr_token_classifier,62.0
vihos_test_63,test,Nguyễn Thuận =)) tư tưởng rừng rú gì v,,,,,,,,,,,"[17, 18, 19, 20, 21, 22, 23, 24, 25, 26, 27, 28, 29, 30, 31, 32]","[[17, 33]]",tư tưởng rừng rú,,,"[17, 18, 20, 21, 22, 23, 24, 26, 27, 28, 29, 31, 32, 34, 35]","[[17, 19], [20, 25], [26, 30], [31, 33], [34, 36]]",tư | tưởng | rừng | rú | gì,,partial_match,xlmr_token_classifier,63.0
vihos_test_68,test,Gửi con ml nhung17 nhé =))),,,,,,,,,,,"[4, 5, 6, 7, 8, 9]","[[4, 10]]",con ml,,,"[4, 5, 6, 8, 9]","[[4, 7], [8, 10]]",con | ml,,partial_match,xlmr_token_classifier,68.0
vihos_test_69,test,d m hải quan k tham nhũng mang đầu tao đi mà chặt,,,,,,,,,,,"[0, 1, 2, 15, 16, 17, 18, 19, 20, 21, 22, 23, 24, 26, 27, 28, 29, 30, 31, 32, 33, 34, 35, 36, 37, 38, 39, 40, 45, 46, 47, 48]","[[0, 3], [15, 25], [26, 41], [45, 49]]",d m | tham nhũng | mang đầu tao đi | chặt,,,"[0, 2, 15, 16, 17, 18, 20, 21, 22, 23, 24, 31, 32, 33, 35, 36, 37, 45, 46, 47, 48]","[[0, 1], [2, 3], [15, 19], [20, 25], [31, 34], [35, 38], [45, 49]]",d | m | tham | nhũng | đầu | tao | chặt,,partial_match,xlmr_token_classifier,69.0
vihos_test_71,test,Ôi bố cái lũ thanh niên hãm lol. Đẹp mặt quá 😒😒,,,,,,,,,,,"[3, 4, 5, 6, 7, 8, 9, 10, 11, 24, 25, 26, 27, 28, 29, 30, 33, 34, 35, 36, 37, 38, 39, 40, 41, 42, 43, 45, 46]","[[3, 12], [24, 31], [33, 44], [45, 47]]",bố cái lũ | hãm lol | Đẹp mặt quá | 😒😒,,,"[3, 4, 10, 11, 24, 25, 26, 28, 29, 30]","[[3, 5], [10, 12], [24, 27], [28, 31]]",bố | lũ | hãm | lol,,partial_match,xlmr_token_classifier,71.0
vihos_test_75,test,@công danh nguyen thể chế chính trị khác hẳn tư tưởng xã hội nhé. Con cờ hó china liên quan cmn gì?,,,,,,,,,,,"[70, 71, 72, 73, 74, 92, 93, 94]","[[70, 75], [92, 95]]",cờ hó | cmn,,,"[66, 67, 68, 70, 71, 73, 74, 92, 93, 94]","[[66, 69], [70, 72], [73, 75], [92, 95]]",Con | cờ | hó | cmn,,partial_match,xlmr_token_classifier,75.0
vihos_test_76,test,"Bạn nói chỉ dc cái đúng, like phát đéo biết mai có bị bọn nó đưa vào tội gì ko.",,,,,,,,,,,"[35, 36, 37, 54, 55, 56, 57, 58, 59]","[[35, 38], [54, 60]]",đéo | bọn nó,,,"[35, 36, 37, 54, 55, 56, 58, 59]","[[35, 38], [54, 57], [58, 60]]",đéo | bọn | nó,,partial_match,xlmr_token_classifier,76.0
vihos_test_77,test,Hải Yến mày mới là con rảnh đấy. Chưa xem đã bảo cảm thấy chán =)) điên hết phần thiên hạ,,,,,,,,,,,"[8, 9, 10, 19, 20, 21, 67, 68, 69, 70, 71, 72, 73, 74, 75, 76, 77, 78, 79, 80, 81, 82, 83, 84, 85, 86, 87, 88]","[[8, 11], [19, 22], [67, 89]]",mày | con | điên hết phần thiên hạ,,,"[8, 9, 10, 67, 68, 69, 70]","[[8, 11], [67, 71]]",mày | điên,,partial_match,xlmr_token_classifier,77.0
vihos_test_80,test,"HL đã ngu mà văn tiếp tục ngu đi khai báo cho dư luận biết là đã bỏ tiền riêng của mình để xây dựng đền đồng bóng, theo luật IRS mỹ bất cứ một công dân mỹ hoặc thường trú nhân ở mỹ khi ra nước ngoài làm ăn đều phải khai thuế với IRS, không biết ông thầ",,,,,,,,,,,"[6, 7, 8, 26, 27, 28, 104, 105, 106, 107, 108, 109, 110, 111, 112]","[[6, 9], [26, 29], [104, 113]]",ngu | ngu | đồng bóng,,,"[6, 7, 8, 26, 27, 28, 109, 110, 111, 112, 249, 250, 251]","[[6, 9], [26, 29], [109, 113], [249, 252]]",ngu | ngu | bóng | thầ,,partial_match,xlmr_token_classifier,80.0
vihos_test_81,test,":) trung cộng muốn thắng thì tốt nhất nên cử cán bộ qua việt nam học tập, mấy thằng chưa học hết cấp 2 còn lôi lên làm lãnh đạo được, thì giải quyết hongkong chỉ là chuyện nhỏ",,,,,,,,,,,"[3, 4, 5, 6, 7, 8, 9, 10, 11, 12, 74, 75, 76, 77, 78, 79, 80, 81, 82, 83, 84, 85, 86, 87, 88, 89, 90, 91, 92, 93, 94, 95, 96, 97, 98, 99, 100, 101, 102, 103, 104, 105, 106, 107, 108, 109, 110, 111, 112, 113, 114, 115, 116, 117, 118, 119, 120, 121, 122, 123, 124, 125, 126]","[[3, 13], [74, 127]]",trung cộng | mấy thằng chưa học hết cấp 2 còn lôi lên làm lãnh đạo,,,"[3, 4, 5, 6, 7, 9, 10, 11, 12, 74, 75, 76, 78, 79, 80, 81, 82, 84, 85, 86, 87, 89, 90, 91, 93, 94, 95, 97, 98, 99, 101, 107, 108, 109, 111, 112, 113, 115, 116, 117, 119, 120, 121, 122]","[[3, 8], [9, 13], [74, 77], [78, 83], [84, 88], [89, 92], [93, 96], [97, 100], [101, 102], [107, 110], [111, 114], [115, 118], [119, 123]]",trung | cộng | mấy | thằng | chưa | học | hết | cấp | 2 | lôi | lên | làm | lãnh,,partial_match,xlmr_token_classifier,81.0
vihos_test_86,test,"Chau oi bn la, con cua, cô  hả",,,,,,,,,,,[],[],,,,"[15, 16, 17, 19, 20, 21]","[[15, 18], [19, 22]]",con | cua,,false_positive,xlmr_token_classifier,86.0
vihos_test_89,test,Chậm chậm clg mấy con bò rảnh háng này,,,,,,,,,,,"[10, 11, 12, 18, 19, 20, 21, 22, 23, 25, 26, 27, 28, 29, 30, 31, 32, 33]","[[10, 13], [18, 24], [25, 34]]",clg | con bò | rảnh háng,,,"[10, 11, 12, 18, 19, 20, 22, 23, 25, 26, 27, 28, 30, 31, 32, 33]","[[10, 13], [18, 21], [22, 24], [25, 29], [30, 34]]",clg | con | bò | rảnh | háng,,partial_match,xlmr_token_classifier,89.0
vihos_test_90,test,con điên,,,,,,,,,,,"[0, 1, 2, 3, 4, 5, 6, 7]","[[0, 8]]",con điên,,,"[0, 1, 2, 4, 5, 6, 7]","[[0, 3], [4, 8]]",con | điên,,partial_match,xlmr_token_classifier,90.0
vihos_test_93,test,cũng muốn mang tiếng Dân Làm Việt lắm mà hôk được,,,,,,,,,,,"[10, 11, 12, 13, 14, 15, 16, 17, 18, 19, 21, 22, 23, 24, 25, 26, 27, 28, 29, 30, 31, 32]","[[10, 20], [21, 33]]",mang tiếng | Dân Làm Việt,,,[],[],,,false_negative,xlmr_token_classifier,93.0
vihos_test_94,test,Anh này mà đưa lên báo thì hót hòn họt nhểy. Quên luôn cả mấy người kia luôn ấy :)),,,,,,,,,,,[],[],,,,"[27, 28, 31, 32, 33, 35, 36, 37]","[[27, 29], [31, 34], [35, 38]]",hó | hòn | họt,,false_positive,xlmr_token_classifier,94.0
vihos_test_96,test,Tào lao!,,,,,,,,,,,"[0, 1, 2, 3, 4, 5, 6]","[[0, 7]]",Tào lao,,,"[0, 1, 2, 4, 5, 6]","[[0, 3], [4, 7]]",Tào | lao,,partial_match,xlmr_token_classifier,96.0
vihos_test_97,test,Một lũ ăn bám,,,,,,,,,,,"[4, 5, 6, 7, 8, 9, 10, 11, 12]","[[4, 13]]",lũ ăn bám,,,"[4, 5, 7, 8, 10, 11, 12]","[[4, 6], [7, 9], [10, 13]]",lũ | ăn | bám,,partial_match,xlmr_token_classifier,97.0
vihos_test_103,test,"500 triệu usd= hàng ngàn tháng lương công nhân, cty mang tiếng xấu, mất việc làm, lơi nhuận, hồ sơ vết nhơ có sẳn. Vậy cái giá của họ trả nhìu hơn 500 triêu usd",,,,,,,,,,,"[103, 104, 105]","[[103, 106]]",nhơ,,,"[63, 64, 65, 68, 69, 70, 82, 83, 84, 86, 87, 88, 89, 90, 99, 100, 101, 103, 104, 105, 110]","[[63, 66], [68, 71], [82, 85], [86, 91], [99, 102], [103, 106], [110, 111]]",xấu | mất | lơi | nhuận | vết | nhơ | s,,partial_match,xlmr_token_classifier,103.0
vihos_test_104,test,"Bệnh viện Anh như cc. Đã có triệu chứng rõ ràng, khai cả tiền sử tiếp xúc vẫn ko cho xét nghiệm mà yêu cầu cách ly tại nhà 😔 Ông bố điều mb bế về Vn chữa là hợp lý",,,,,,,,,,,"[18, 19]","[[18, 20]]",cc,,,"[18, 19, 137, 138]","[[18, 20], [137, 139]]",cc | mb,,partial_match,xlmr_token_classifier,104.0
vihos_test_105,test,Vãi lol bác.kkk,,,,,,,,,,,"[0, 1, 2, 3, 4, 5, 6]","[[0, 7]]",Vãi lol,,,"[0, 1, 2, 4, 5, 6]","[[0, 3], [4, 7]]",Vãi | lol,,partial_match,xlmr_token_classifier,105.0
vihos_test_109,test,"Con Bò đỏ nầy bị tẩy não cho nên không chuyển hoá thành người nổi, thích làm kiếp bò hơn làm người",,,,,,,,,,,"[0, 1, 2, 3, 4, 5, 6, 7, 8, 17, 18, 19, 20, 21, 22, 23, 33, 34, 35, 36, 37, 38, 39, 40, 41, 42, 43, 44, 45, 46, 47, 48, 49, 50, 51, 52, 53, 54, 55, 56, 57, 58, 59, 60, 61, 62, 63, 64, 67, 68, 69, 70, 71, 72, 73, 74, 75, 76, 77, 78, 79, 80, 81, 82, 83, 84, 85, 86, 87, 88, 89, 90, 91, 92, 93, 94, 95, 96, 97]","[[0, 9], [17, 24], [33, 65], [67, 98]]",Con Bò đỏ | tẩy não | không chuyển hoá thành người nổi | thích làm kiếp bò hơn làm người,,,"[0, 1, 2, 4, 5, 7, 8, 17, 18, 19, 21, 22, 23, 33, 34, 35, 36, 37, 39, 40, 41, 42, 43, 44, 46, 47, 48, 50, 51, 52, 53, 54, 56, 57, 58, 59, 60, 62, 63, 64, 73, 74, 75, 77, 78, 79, 80, 82, 83, 89, 90, 91, 93, 94, 95, 96, 97]","[[0, 3], [4, 6], [7, 9], [17, 20], [21, 24], [33, 38], [39, 45], [46, 49], [50, 55], [56, 61], [62, 65], [73, 76], [77, 81], [82, 84], [89, 92], [93, 98]]",Con | Bò | đỏ | tẩy | não | không | chuyển | hoá | thành | người | nổi | làm | kiếp | bò | làm | người,,partial_match,xlmr_token_classifier,109.0
vihos_test_112,test,"Đéo mẹ, MC Phan Anh có nhận lương từ dân tụi tao ko, hết lòng vì người vùng lũ, còn tụi mày có đứng ra kêu gọi và hết lòng lo cho dân ko hay chỉ là kêu gọi xong đem cúng mồ mã ông bà nhà tụi bây, đm cứ tưởng dân giờ ngu lắm ấy.",,,,,,,,,,,"[0, 1, 2, 3, 4, 5, 41, 42, 43, 44, 45, 46, 47, 84, 85, 86, 87, 88, 89, 90, 148, 149, 150, 151, 152, 153, 154, 155, 156, 157, 158, 159, 160, 161, 162, 163, 164, 165, 166, 167, 168, 169, 170, 171, 172, 173, 174, 175, 176, 177, 178, 179, 180, 181, 182, 183, 184, 185, 186, 187, 188, 189, 190, 191, 192, 193, 196, 197, 216, 217, 218]","[[0, 6], [41, 48], [84, 91], [148, 194], [196, 198], [216, 219]]",Đéo mẹ | tụi tao | tụi mày | kêu gọi xong đem cúng mồ mã ông bà nhà tụi bây | đm | ngu,,,"[0, 1, 2, 4, 5, 41, 42, 43, 45, 46, 47, 84, 85, 86, 88, 89, 90, 170, 171, 173, 174, 176, 177, 178, 180, 181, 187, 188, 189, 191, 192, 193, 196, 197, 216, 217, 218, 220, 221, 222]","[[0, 3], [4, 6], [41, 44], [45, 48], [84, 87], [88, 91], [170, 172], [173, 175], [176, 179], [180, 182], [187, 190], [191, 194], [196, 198], [216, 219], [220, 223]]",Đéo | mẹ | tụi | tao | tụi | mày | mồ | mã | ông | bà | tụi | bây | đm | ngu | lắm,,partial_match,xlmr_token_classifier,112.0
vihos_test_114,test,"Trông khổ vãi đái, mong bác quay về với tổ quốc 😢",,,,,,,,,,,"[10, 11, 12, 13, 14, 15, 16]","[[10, 17]]",vãi đái,,,"[10, 11, 12, 14, 15, 16]","[[10, 13], [14, 17]]",vãi | đái,,partial_match,xlmr_token_classifier,114.0
vihos_test_115,test,:)).ở thiên đường mọi ngành nghề đều hợp pháp nhé.đặc biệt là nghề cướp đường.làm thế bỏ tù 6 tháng còn nhẹ,,,,,,,,,,,"[67, 68, 69, 70, 89, 90]","[[67, 71], [89, 91]]",cướp | tù,,,"[67, 68, 69, 70, 72, 73, 74, 75, 76]","[[67, 71], [72, 77]]",cướp | đường,,partial_match,xlmr_token_classifier,115.0
vihos_test_117,test,Nghe kì kì sao á. Con trai với mẹ mà liệu mấy cái lời nghe 😋😋😡,,,,,,,,,,,[],[],,,,"[42, 43, 44]","[[42, 45]]",mấy,,false_positive,xlmr_token_classifier,117.0
vihos_test_119,test,Chúng nó đéo còn gì để làm mà nên mới sống nhanh với sống chậm :v,,,,,,,,,,,"[6, 7, 9, 10, 11]","[[6, 8], [9, 12]]",nó | đéo,,,"[0, 1, 2, 3, 4, 6, 7, 9, 10, 11, 13, 14, 15, 17, 18, 20, 21, 23, 24, 25]","[[0, 5], [6, 8], [9, 12], [13, 16], [17, 19], [20, 22], [23, 26]]",Chúng | nó | đéo | còn | gì | để | làm,,partial_match,xlmr_token_classifier,119.0
vihos_test_123,test,Huy Hoàng xàm lồn ít thôi.,,,,,,,,,,,"[10, 11, 12, 13, 14, 15, 16]","[[10, 17]]",xàm lồn,,,"[10, 11, 12, 14, 15, 16]","[[10, 13], [14, 17]]",xàm | lồn,,partial_match,xlmr_token_classifier,123.0
vihos_test_128,test,Không thể tưởng tượng nổi... Bọn chúng ăn bất chấp thủ đoạn,,,,,,,,,,,"[29, 30, 31, 32, 33, 34, 35, 36, 37, 42, 43, 44, 45, 46, 47, 48, 49, 50, 51, 52, 53, 54, 55, 56, 57, 58]","[[29, 38], [42, 59]]",Bọn chúng | bất chấp thủ đoạn,,,"[29, 30, 31, 33, 34, 35, 36, 37, 39, 40, 42, 43, 44, 46, 47, 48, 49, 51, 52, 53, 55, 56, 57, 58]","[[29, 32], [33, 38], [39, 41], [42, 45], [46, 50], [51, 54], [55, 59]]",Bọn | chúng | ăn | bất | chấp | thủ | đoạn,,partial_match,xlmr_token_classifier,128.0
vihos_test_129,test,Cứ tưởng thế là ngầu,,,,,,,,,,,"[3, 4, 5, 6, 7, 8, 9, 10, 11, 12, 13, 14, 15, 16, 17, 18, 19]","[[3, 20]]",tưởng thế là ngầu,,,[],[],,,false_negative,xlmr_token_classifier,129.0
vihos_test_131,test,nhanh chóng vãi lồng ! cá chết 3 tuần mới xách đít đi lấy mẫu !,,,,,,,,,,,"[12, 13, 14, 15, 16, 17, 18, 19, 26, 27, 28, 29, 42, 43, 44, 45, 46, 47, 48, 49, 50, 51, 52]","[[12, 20], [26, 30], [42, 53]]",vãi lồng | chết | xách đít đi,,,"[12, 13, 14, 16, 17, 18, 19, 26, 27, 28, 29, 47, 48, 49]","[[12, 15], [16, 20], [26, 30], [47, 50]]",vãi | lồng | chết | đít,,partial_match,xlmr_token_classifier,131.0
vihos_test_135,test,Nhà giàu đúng là có gu ăn mặc khác hẳn,,,,,,,,,,,[],[],,,,"[0, 1, 2, 4, 5, 6, 7, 17, 18, 20, 21, 23, 24, 26, 27, 28, 30, 31, 32, 33, 35, 36, 37]","[[0, 3], [4, 8], [17, 19], [20, 22], [23, 25], [26, 29], [30, 34], [35, 38]]",Nhà | giàu | có | gu | ăn | mặc | khác | hẳn,,false_positive,xlmr_token_classifier,135.0
vihos_test_136,test,Bông ko ra bông trái ko ra trái...âm binh,,,,,,,,,,,"[0, 1, 2, 3, 4, 5, 6, 7, 8, 9, 10, 11, 12, 13, 14, 15, 16, 17, 18, 19, 20, 21, 22, 23, 24, 25, 26, 27, 28, 29, 30, 34, 35, 36, 37, 38, 39, 40]","[[0, 31], [34, 41]]",Bông ko ra bông trái ko ra trái | âm binh,,,"[1, 2, 3, 5, 6, 8, 9, 11, 12, 13, 14, 16, 17, 18, 19, 21, 22, 24, 25, 27, 28, 29, 30, 34, 35, 37, 38, 39, 40]","[[1, 4], [5, 7], [8, 10], [11, 15], [16, 20], [21, 23], [24, 26], [27, 31], [34, 36], [37, 41]]",ông | ko | ra | bông | trái | ko | ra | trái | âm | binh,,partial_match,xlmr_token_classifier,136.0
vihos_test_138,test,Hahaha súng bắn xạo VL,,,,,,,,,,,"[7, 8, 9, 10, 12, 13, 14, 16, 17, 18, 19, 20, 21]","[[7, 11], [12, 15], [16, 22]]",súng | bắn | xạo VL,,,"[7, 8, 9, 10, 12, 13, 14, 16, 17, 18, 20, 21]","[[7, 11], [12, 15], [16, 19], [20, 22]]",súng | bắn | xạo | VL,,partial_match,xlmr_token_classifier,138.0
vihos_test_140,test,Dit me vao long tot cho de cua may a,,,,,,,,,,,"[0, 1, 2, 3, 4, 5, 20, 21, 22, 23, 24, 25, 31, 32, 33]","[[0, 6], [20, 26], [31, 34]]",Dit me | cho de | may,,,"[0, 1, 2, 4, 5, 31, 32, 33]","[[0, 3], [4, 6], [31, 34]]",Dit | me | may,,partial_match,xlmr_token_classifier,140.0
vihos_test_141,test,Thằng to ăn to .thằng bé ăn bé đúng là tấn trò đời,,,,,,,,,,,"[0, 1, 2, 3, 4, 16, 17, 18, 19, 20]","[[0, 5], [16, 21]]",Thằng | thằng,,,"[0, 1, 2, 3, 4, 6, 7, 12, 13, 16, 17, 18, 19, 20, 22, 23, 28, 29, 39, 40, 41, 43, 44, 45, 47, 48, 49]","[[0, 5], [6, 8], [12, 14], [16, 21], [22, 24], [28, 30], [39, 42], [43, 46], [47, 50]]",Thằng | to | to | thằng | bé | bé | tấn | trò | đời,,partial_match,xlmr_token_classifier,141.0
vihos_test_143,test,Những hình ảnh bạo lực của người HK vẫn còn in đậm trong tâm trí của chính tôi.Cảm phúc ý chí và sự đồng lòng của họ.Thương lắm các cháu vẫn chưa đc trả tự do.Mong cho các cháu đc bình an.,,,,,,,,,,,[],[],,,,"[15, 16, 17, 19, 20, 21]","[[15, 18], [19, 22]]",bạo | lực,,false_positive,xlmr_token_classifier,143.0
vihos_test_145,test,Tụi học trò vô văn hóa,,,,,,,,,,,"[0, 1, 2, 12, 13, 14, 15, 16, 17, 18, 19, 20, 21]","[[0, 3], [12, 22]]",Tụi | vô văn hóa,,,"[2, 4, 5, 6, 8, 9, 10, 12, 13, 15, 16, 17, 19, 20, 21]","[[2, 3], [4, 7], [8, 11], [12, 14], [15, 18], [19, 22]]",i | học | trò | vô | văn | hóa,,partial_match,xlmr_token_classifier,145.0
vihos_test_149,test,Trần Dần đã đạt cảnh giới cao nhất của thần quyền là...thần kinh,,,,,,,,,,,"[55, 56, 57, 58, 59, 60, 61, 62, 63]","[[55, 64]]",thần kinh,,,"[16, 17, 18, 19, 21, 22, 23, 24, 26, 27, 28, 30, 31, 32, 33, 35, 36, 37, 39, 40, 41, 42, 44, 45, 46, 47, 48, 55, 56, 57, 58, 60, 61, 62, 63]","[[16, 20], [21, 25], [26, 29], [30, 34], [35, 38], [39, 43], [44, 49], [55, 59], [60, 64]]",cảnh | giới | cao | nhất | của | thần | quyền | thần | kinh,,partial_match,xlmr_token_classifier,149.0
vihos_test_150,test,Có lửa mới có khói.cũng như vụ Tiên Lãng Hải Phòng mà thôi.chết oan cho bọn🐕tham lam ăn cướp,,,,,,,,,,,"[59, 60, 61, 62, 72, 73, 74, 75, 76, 77, 78, 79, 80, 81, 82, 83, 84, 85, 86, 87, 88, 89, 90, 91]","[[59, 63], [72, 92]]",chết | bọn🐕tham lam ăn cướp,,,"[3, 4, 5, 7, 8, 9, 11, 12, 14, 15, 16, 17, 59, 60, 61, 62, 72, 73, 74, 75, 76, 77, 78, 79, 81, 82, 83, 85, 86, 88, 89, 90, 91]","[[3, 6], [7, 10], [11, 13], [14, 18], [59, 63], [72, 80], [81, 84], [85, 87], [88, 92]]",lửa | mới | có | khói | chết | bọn🐕tham | lam | ăn | cướp,,partial_match,xlmr_token_classifier,150.0
vihos_test_151,test,Du ma may,,,,,,,,,,,"[0, 1, 2, 3, 4, 5, 6, 7, 8]","[[0, 9]]",Du ma may,,,"[0, 1, 3, 4, 6, 7, 8]","[[0, 2], [3, 5], [6, 9]]",Du | ma | may,,partial_match,xlmr_token_classifier,151.0
vihos_test_152,test,Nguyễn Kỳ Phước tụi nước ngoài bắt nhịp chậm vại lòn 😤,,,,,,,,,,,"[16, 17, 18, 45, 46, 47, 48, 49, 50, 51]","[[16, 19], [45, 52]]",tụi | vại lòn,,,"[16, 17, 49, 50, 51, 53]","[[16, 18], [49, 52], [53, 54]]",tụ | lòn | 😤,,partial_match,xlmr_token_classifier,152.0
vihos_test_157,test,Anh cái lồnnnn gì cx giỏi mà giỏi nhất là bốc phéttt thôi anh Tiệp ak :))),,,,,,,,,,,"[8, 9, 10, 11, 12, 13, 42, 43, 44, 45, 46, 47, 48, 49, 50, 51]","[[8, 14], [42, 52]]",lồnnnn | bốc phéttt,,,"[8, 9, 10, 11, 12, 13, 42, 43, 44, 46, 47, 48, 49, 50, 51]","[[8, 14], [42, 45], [46, 52]]",lồnnnn | bốc | phéttt,,partial_match,xlmr_token_classifier,157.0
vihos_test_159,test,Bán mẹ nước rồi còn đâu.,,,,,,,,,,,"[0, 1, 2, 3, 4, 5, 6, 7, 8, 9, 10]","[[0, 11]]",Bán mẹ nước,,,"[0, 1, 2, 4, 5, 7, 8, 9, 10]","[[0, 3], [4, 6], [7, 11]]",Bán | mẹ | nước,,partial_match,xlmr_token_classifier,159.0
vihos_test_160,test,Đấy thế nhé. Thế là vừa lòng nhé. Chưa kể những ng kêu là không ngại nguy hiểm kia toàn là lính. Sai đâu đánh đó. Không kêu chắc tự ra làm. Mà nói là nói mấy cha bụng bự kia chứ nói gì lính lác.,,,,,,,,,,,"[158, 159, 160, 161, 162, 163, 164, 165, 166, 167, 168, 185, 186, 187, 188, 189, 190, 191, 192]","[[158, 169], [185, 193]]",cha bụng bự | lính lác,,,"[105, 106, 107, 108, 158, 159, 160, 162, 163, 164, 165, 167, 168, 185, 186, 187, 188, 190, 191, 192]","[[105, 109], [158, 161], [162, 166], [167, 169], [185, 189], [190, 193]]",đánh | cha | bụng | bự | lính | lác,,partial_match,xlmr_token_classifier,160.0
vihos_test_162,test,"Thằng này nó thuộc dạng súc sinh,k còn từ ngữ gì để miêu tả hết độ cặn bã, khốn nạn,bỉ ổi của nó,k biết thằng bố con mẹ nó nghĩ gì khi có thằng con như nó,k biết con vợ nó cảm nhận thế nào về thằng chồng thổ tả như nó, thằng súc sinh này làm dơ bẩn thế giới đàn ông",,,,,,,,,,,"[0, 1, 2, 3, 4, 10, 11, 19, 20, 21, 22, 23, 24, 25, 26, 27, 28, 29, 30, 31, 67, 68, 69, 70, 71, 72, 75, 76, 77, 78, 79, 80, 81, 82, 84, 85, 86, 87, 88, 94, 95, 104, 105, 106, 107, 108, 113, 114, 115, 120, 121, 138, 139, 140, 141, 142, 152, 153, 162, 163, 164, 169, 170, 192, 193, 194, 195, 196, 204, 205, 206, 207, 208, 209, 215, 216, 219, 220, 221, 222, 223, 224, 225, 226, 227, 228, 229, 230, 231, 232, 242, 243, 244, 245, 246, 247]","[[0, 5], [10, 12], [19, 32], [67, 73], [75, 83], [84, 89], [94, 96], [104, 109], [113, 116], [120, 122], [138, 143], [152, 154], [162, 165], [169, 171], [192, 197], [204, 210], [215, 217], [219, 233], [242, 248]]",Thằng | nó | dạng súc sinh | cặn bã | khốn nạn | bỉ ổi | nó | thằng | con | nó | thằng | nó | con | nó | thằng | thổ tả | nó | thằng súc sinh | dơ bẩn,,,"[0, 1, 2, 3, 4, 10, 11, 24, 25, 26, 28, 29, 30, 31, 67, 68, 69, 71, 72, 75, 76, 77, 78, 80, 81, 82, 84, 85, 87, 88, 94, 95, 104, 105, 106, 107, 108, 120, 121, 138, 139, 140, 141, 142, 152, 153, 169, 170, 192, 193, 194, 195, 196, 204, 205, 206, 208, 209, 215, 216, 219, 220, 221, 222, 223, 225, 226, 227, 229, 230, 231, 232, 242, 243, 245, 246, 247]","[[0, 5], [10, 12], [24, 27], [28, 32], [67, 70], [71, 73], [75, 79], [80, 83], [84, 86], [87, 89], [94, 96], [104, 109], [120, 122], [138, 143], [152, 154], [169, 171], [192, 197], [204, 207], [208, 210], [215, 217], [219, 224], [225, 228], [229, 233], [242, 244], [245, 248]]",Thằng | nó | súc | sinh | cặn | bã | khốn | nạn | bỉ | ổi | nó | thằng | nó | thằng | nó | nó | thằng | thổ | tả | nó | thằng | súc | sinh | dơ | bẩn,,partial_match,xlmr_token_classifier,162.0
vihos_test_163,test,"Trần Dần tiên tri người Vn sẽ về 1 mối quá đúng lun , nhưng quên vc phải bị tiêu diệt theo tất yếu lịch sử vì chỉ còn vài nước nghèo nàn chịu luồn cúi tàu cộng lưu manh",,,,,,,,,,,"[65, 66, 76, 77, 78, 79, 80, 81, 82, 83, 84, 127, 128, 129, 130, 131, 132, 133, 134, 135, 142, 143, 144, 145, 146, 147, 148, 149, 151, 152, 153, 154, 155, 156, 157, 158, 160, 161, 162, 163, 164, 165, 166, 167]","[[65, 67], [76, 85], [127, 136], [142, 150], [151, 159], [160, 168]]",vc | tiêu diệt | nghèo nàn | luồn cúi | tàu cộng | lưu manh,,,"[76, 77, 78, 79, 81, 82, 83, 84, 127, 128, 129, 130, 131, 133, 134, 135, 142, 143, 144, 145, 147, 148, 149, 151, 152, 153, 155, 156, 157, 158, 160, 161, 162, 164, 165, 166, 167]","[[76, 80], [81, 85], [127, 132], [133, 136], [142, 146], [147, 150], [151, 154], [155, 159], [160, 163], [164, 168]]",tiêu | diệt | nghèo | nàn | luồn | cúi | tàu | cộng | lưu | manh,,partial_match,xlmr_token_classifier,163.0
vihos_test_164,test,DMCSVN,,,,,,,,,,,"[0, 1, 2, 3, 4, 5]","[[0, 6]]",DMCSVN,,,"[0, 1]","[[0, 2]]",DM,,partial_match,xlmr_token_classifier,164.0
vihos_test_165,test,Ăn điêu nói hớt quen.,,,,,,,,,,,"[0, 1, 2, 3, 4, 5, 6, 7, 8, 9, 10, 11, 12, 13, 14]","[[0, 15]]",Ăn điêu nói hớt,,,"[0, 1, 3, 4, 5, 6, 8, 9, 10, 12, 13, 14]","[[0, 2], [3, 7], [8, 11], [12, 15]]",Ăn | điêu | nói | hớt,,partial_match,xlmr_token_classifier,165.0
vihos_test_168,test,Chung cống rãnh sao so được với Ngài Chung bóng đá.,,,,,,,,,,,"[6, 7, 8, 9, 10, 11, 12, 13, 14, 15, 16]","[[6, 17]]",cống rãnh,,,[],[],,,false_negative,xlmr_token_classifier,168.0
vihos_test_171,test,"ông can đang bận bảo vệ bọn ngu nhưng ra vẽ gánh team , và đứng trong bệ đá cổ nhưng vẫn cần sự cover từ đồng đội tránh bị dive bệ đá =))",,,,,,,,,,,"[24, 25, 26, 27, 28, 29, 30, 38, 39, 40, 41, 42, 43, 44, 45, 46, 47, 48, 49, 50, 51, 52, 123, 124, 125, 126, 127, 128, 129, 130, 131, 132]","[[24, 31], [38, 53], [123, 133]]",bọn ngu | ra vẽ gánh team | dive bệ đá,,,"[24, 25, 26, 28, 29, 30, 46, 47, 73, 74, 76, 77, 123, 124, 125, 126, 128, 129, 131, 132]","[[24, 27], [28, 31], [46, 48], [73, 75], [76, 78], [123, 127], [128, 130], [131, 133]]",bọn | ngu | nh | đá | cổ | dive | bệ | đá,,partial_match,xlmr_token_classifier,171.0
vihos_test_172,test,Phải treo cổ chúng nó lên thì may ra .....,,,,,,,,,,,"[5, 6, 7, 8, 9, 10, 11, 19, 20]","[[5, 12], [19, 21]]",treo cổ | nó,,,"[5, 6, 7, 8, 10, 11, 13, 14, 15, 16, 17, 19, 20]","[[5, 9], [10, 12], [13, 18], [19, 21]]",treo | cổ | chúng | nó,,partial_match,xlmr_token_classifier,172.0
vihos_test_177,test,Đừng có y y bệnh cả nước k đủ thuốc là ăn lol luôn chứ ở đó,,,,,,,,,,,"[42, 43, 44]","[[42, 45]]",lol,,,"[39, 40, 42, 43, 44]","[[39, 41], [42, 45]]",ăn | lol,,partial_match,xlmr_token_classifier,177.0
vihos_test_178,test,ở xứ đông lào này chẳng có thành công nào mà thiếu được bàn chân của đảng ! không thể thành công mà thiếu vai trò của đ... được !!! nếu chưa thì đ.. sẽ tìm ra cách !,,,,,,,,,,,"[56, 57, 58, 59, 60, 61, 62, 63]","[[56, 64]]",bàn chân,,,"[2, 3, 5, 6, 7, 8, 10, 11, 12, 18, 19, 20, 21, 22, 24, 25, 45, 46, 47, 48, 49, 51, 52, 53, 54, 56, 57, 58, 60, 61, 62, 63, 65, 66, 67, 69, 70, 71, 72, 118, 119, 120, 121, 145, 146, 147]","[[2, 4], [5, 9], [10, 13], [18, 23], [24, 26], [45, 50], [51, 55], [56, 59], [60, 64], [65, 68], [69, 73], [118, 122], [145, 148]]",xứ | đông | lào | chẳng | có | thiếu | được | bàn | chân | của | đảng | đ... | đ..,,partial_match,xlmr_token_classifier,178.0
vihos_test_179,test,Dcm mồm đứa nào thôi dám rủa Bác tau bị codonqua.,,,,,,,,,,,"[0, 1, 2, 4, 5, 6]","[[0, 3], [4, 7]]",Dcm | mồm,,,"[0, 1, 2, 4, 5, 6, 25, 26, 27, 40, 41, 42, 43, 44, 45, 46, 47]","[[0, 3], [4, 7], [25, 28], [40, 48]]",Dcm | mồm | rủa | codonqua,,partial_match,xlmr_token_classifier,179.0
vihos_test_180,test,Chi dep qua c oi.su con cho do di c.con mat day con cho phan quoc.,,,,,,,,,,,"[17, 18, 24, 25, 26, 40, 41, 42, 43, 44, 45, 46, 52, 53, 54, 56, 57, 58, 59, 60, 61, 62, 63, 64]","[[17, 19], [24, 27], [40, 47], [52, 55], [56, 65]]",su | cho | mat day | cho | phan quoc,,,"[20, 21, 22, 24, 25, 26, 52, 53, 54]","[[20, 23], [24, 27], [52, 55]]",con | cho | cho,,partial_match,xlmr_token_classifier,180.0
vihos_test_184,test,"Nha tien tri cung so virut hay sao, tien tri noi cong san tieu tan ma. Noi lao,",,,,,,,,,,,"[21, 22, 23, 24, 25, 49, 50, 51, 52, 53, 54, 55, 56, 75, 76, 77]","[[21, 26], [49, 57], [75, 78]]",virut | cong san | lao,,,"[75, 76, 77]","[[75, 78]]",lao,,partial_match,xlmr_token_classifier,184.0
vihos_test_187,test,Cái đờ mờ :(((,,,,,,,,,,,"[4, 5, 6, 7, 8]","[[4, 9]]",đờ mờ,,,"[4, 5, 7, 8]","[[4, 6], [7, 9]]",đờ | mờ,,partial_match,xlmr_token_classifier,187.0
vihos_test_189,test,"Đm Ad, mày ngon kéo ra đó mà bve ngồi sủa phỏng có ích gì",,,,,,,,,,,"[0, 1, 7, 8, 9, 10, 11, 12, 13, 14, 38, 39, 40]","[[0, 2], [7, 15], [38, 41]]",Đm | mày ngon | sủa,,,"[0, 1, 7, 8, 9, 38, 39, 40]","[[0, 2], [7, 10], [38, 41]]",Đm | mày | sủa,,partial_match,xlmr_token_classifier,189.0
vihos_test_190,test,"Thích câu này vl \"" Bạn lịch sự - admin lịch sự. Bạn cục súc - admin dí L` vào mặt bạn luôn \""",,,,,,,,,,,"[14, 15, 53, 54, 55, 56, 57, 58, 59, 69, 70, 71, 72, 73, 74, 75, 76, 77, 78, 79, 80, 81]","[[14, 16], [53, 60], [69, 82]]",vl | cục súc | dí L` vào mặt,,,"[14, 15, 53, 54, 55, 57, 58, 59, 69, 70, 72, 73, 75, 76, 77, 79, 80, 81]","[[14, 16], [53, 56], [57, 60], [69, 71], [72, 74], [75, 78], [79, 82]]",vl | cục | súc | dí | L` | vào | mặt,,partial_match,xlmr_token_classifier,190.0
vihos_test_193,test,Phi Quý dầu thơm mùi nhức đầu chết mẹ =)),,,,,,,,,,,"[30, 31, 32, 33, 34, 35, 36]","[[30, 37]]",chết mẹ,,,"[30, 31, 32, 33, 35, 36]","[[30, 34], [35, 37]]",chết | mẹ,,partial_match,xlmr_token_classifier,193.0
vihos_test_195,test,Oc bã đậu chỉ có j thôi,,,,,,,,,,,"[0, 1, 2, 3, 4, 5, 6, 7, 8, 9, 10]","[[0, 11]]",Oc bã đậu,,,"[3, 4, 7, 8, 9, 10]","[[3, 5], [7, 11]]",ba | đậu,,partial_match,xlmr_token_classifier,195.0
vihos_test_199,test,Bán online 10 năm mà đm đạo đức kém vc boom hàng chết mẹ nó đi mng ơi :)),,,,,,,,,,,"[21, 22, 24, 25, 26, 27, 28, 29, 30, 31, 32, 33, 34, 36, 37, 49, 50, 51, 52, 53, 54, 55, 57, 58]","[[21, 23], [24, 35], [36, 38], [49, 56], [57, 59]]",đm | đạo đức kém | vc | chết mẹ | nó,,,"[21, 22, 32, 33, 34, 36, 37, 49, 50, 51, 52, 54, 55, 57, 58]","[[21, 23], [32, 35], [36, 38], [49, 53], [54, 56], [57, 59]]",đm | kém | vc | chết | mẹ | nó,,partial_match,xlmr_token_classifier,199.0
vihos_test_202,test,Một con bò vừa cmt,,,,,,,,,,,"[4, 5, 6, 7, 8, 9]","[[4, 10]]",con bò,,,"[8, 9]","[[8, 10]]",bò,,partial_match,xlmr_token_classifier,202.0
vihos_test_204,test,"Mùa đông quảng cáo áo cộc tay ,nghe hợp lí :((",,,,,,,,,,,[],[],,,,"[22, 23, 24]","[[22, 25]]",cộc,,false_positive,xlmr_token_classifier,204.0
vihos_test_206,test,Đkm chúng nó bán hết rồi còn đâu mà của mình,,,,,,,,,,,"[0, 1, 2, 4, 5, 6, 7, 8, 9, 10, 11]","[[0, 3], [4, 12]]",Đkm | chúng nó,,,"[0, 1, 2, 4, 5, 6, 7, 8, 10, 11]","[[0, 3], [4, 9], [10, 12]]",Đkm | chúng | nó,,partial_match,xlmr_token_classifier,206.0
vihos_test_207,test,Má nước mắt cá sấu kìa trời,,,,,,,,,,,"[0, 1, 3, 4, 5, 6, 7, 8, 9, 10, 11, 12, 13, 14, 15, 16, 17]","[[0, 2], [3, 18]]",Má | nước mắt cá sấu,,,"[0, 1, 3, 4, 5, 6, 8, 9, 10, 12, 13, 15, 16, 17]","[[0, 2], [3, 7], [8, 11], [12, 14], [15, 18]]",Má | nước | mắt | cá | sấu,,partial_match,xlmr_token_classifier,207.0
vihos_test_209,test,"Đúng là "" vay lồn vay lắm"" mà -_-",,,,,,,,,,,"[14, 15, 16]","[[14, 17]]",lồn,,,"[10, 11, 12, 14, 15, 16]","[[10, 13], [14, 17]]",vay | lồn,,partial_match,xlmr_token_classifier,209.0
vihos_test_210,test,"Lúc hoạn nạn đấm nhau với mẽo ko thấy ai . Giờ phất lên 1 cái ai cũng muốn khoác tay làm bạn , cái thế giới này có kinh tế trong tay nó sướng là thế đấy",,,,,,,,,,,"[13, 14, 15, 47, 48, 49, 50, 51, 52, 53, 54, 55, 56, 57, 58, 59, 60, 61, 62, 63, 64, 65, 66, 67, 68, 69, 70, 71, 72, 73, 74, 75, 76, 77, 78, 79, 80, 81, 82, 83, 84, 85, 86, 87, 88, 89, 90, 91]","[[13, 16], [47, 92]]",đấm | phất lên 1 cái ai cũng muốn khoác tay làm bạn,,,"[28, 133, 134]","[[28, 29], [133, 135]]",o | nó,,partial_match,xlmr_token_classifier,210.0
vihos_test_212,test,"Cho em hỏi dư luận viên đi ăn có được giảm giá không? Tiền điện, tiền xăng... có được miễn phí không ạ! 😂",,,,,,,,,,,"[11, 12, 13, 14, 15, 16, 17, 18, 19, 20, 21, 22]","[[11, 23]]",dư luận viên,,,[],[],,,false_negative,xlmr_token_classifier,212.0
vihos_test_214,test,Tôi sin tuyên thệ .. trong nhiệm kỳ của mình sẽ cố gắng vơ vét đục khoét tàn phá đất nước này ko cho thằng sau lên ăn được gì nữa,,,,,,,,,,,"[56, 57, 58, 59, 60, 61, 63, 64, 65, 66, 67, 68, 69, 70, 71, 73, 74, 75, 76, 77, 78, 79, 101, 102, 103, 104, 105]","[[56, 62], [63, 72], [73, 80], [101, 106]]",vơ vét | đục khoét | tàn phá | thằng,,,"[56, 57, 59, 60, 61, 63, 64, 65, 67, 68, 69, 70, 71, 73, 74, 75, 77, 78, 79, 101, 102, 103, 104, 105, 107, 108, 109, 118, 119, 120, 121]","[[56, 58], [59, 62], [63, 66], [67, 72], [73, 76], [77, 80], [101, 106], [107, 110], [118, 122]]",vơ | vét | đục | khoét | tàn | phá | thằng | sau | được,,partial_match,xlmr_token_classifier,214.0
vihos_test_215,test,"Và người dân nghèo_trẻ em,cụ già không đc hưởng ASXH",,,,,,,,,,,[],[],,,,"[13, 14, 15, 16, 17, 21, 23, 24, 26, 27, 29, 30, 31, 33, 34, 35, 36, 37]","[[13, 18], [21, 22], [23, 25], [26, 28], [29, 32], [33, 38]]",nghèo | ẻ | em | cụ | già | không,,false_positive,xlmr_token_classifier,215.0
vihos_test_216,test,Ông này chắc là bọn Tân thiên địa nằm vùng bên mình rồi....,,,,,,,,,,,"[16, 17, 18]","[[16, 19]]",bọn,,,"[16, 17, 18, 20, 21, 22, 24, 25, 26, 27, 28, 30, 31, 32, 34, 35, 36, 38, 39, 40, 41]","[[16, 19], [20, 23], [24, 29], [30, 33], [34, 37], [38, 42]]",bọn | Tân | thiên | địa | nằm | vùng,,partial_match,xlmr_token_classifier,216.0
vihos_test_218,test,"Tình hình dịch Covid19 đang rất phức tạp. Mọi người ra đường nhớ đeo khẩu trang, ai sống một mặt đeo một cái, hai mặt đeo hai cái, ai sống như cặc thì đeo bao cao su dùm 🙂",,,,,,,,,,,"[84, 85, 86, 87, 88, 89, 90, 91, 92, 93, 94, 95, 96, 97, 98, 99, 100, 101, 102, 103, 104, 105, 106, 107, 108, 109, 110, 111, 112, 113, 114, 115, 116, 117, 118, 119, 120, 121, 122, 123, 124, 125, 126, 127, 128, 131, 132, 133, 134, 135, 136, 137, 138, 139, 140, 141, 142, 143, 144, 145, 146, 147, 148, 149, 150, 151, 152, 153, 154, 155, 156, 157, 158, 159, 160, 161, 162, 163, 164]","[[84, 129], [131, 165]]","sống một mặt đeo một cái, hai mặt đeo hai cái | ai sống như cặc thì đeo bao cao su",,,"[89, 90, 91, 93, 94, 95, 97, 98, 99, 101, 102, 103, 105, 106, 107, 108, 110, 111, 112, 114, 115, 116, 118, 119, 120, 122, 123, 124, 126, 127, 128, 134, 135, 136, 137, 139, 140, 141, 143, 144, 145, 147, 148, 149, 151, 152, 153, 155, 156, 157, 159, 160, 161, 163, 164, 166, 167, 168]","[[89, 92], [93, 96], [97, 100], [101, 104], [105, 109], [110, 113], [114, 117], [118, 121], [122, 125], [126, 129], [134, 138], [139, 142], [143, 146], [147, 150], [151, 154], [155, 158], [159, 162], [163, 165], [166, 169]]","một | mặt | đeo | một | cái, | hai | mặt | đeo | hai | cái | sống | như | cặc | thì | đeo | bao | cao | su | dùm",,partial_match,xlmr_token_classifier,218.0
vihos_test_222,test,Có cl chụy mày tin ấy :)),,,,,,,,,,,"[3, 4, 11, 12, 13]","[[3, 5], [11, 14]]",cl | mày,,,"[3, 4, 6, 7, 8, 9, 11, 12, 13]","[[3, 5], [6, 10], [11, 14]]",cl | chụy | mày,,partial_match,xlmr_token_classifier,222.0
vihos_test_224,test,Đừng bao h so sánh abe với sela bởi vì abe tuổi lol mà so đc,,,,,,,,,,,"[43, 44, 45, 46, 47, 48, 49, 50]","[[43, 51]]",tuổi lol,,,"[43, 44, 45, 46, 48, 49, 50]","[[43, 47], [48, 51]]",tuổi | lol,,partial_match,xlmr_token_classifier,224.0
vihos_test_225,test,Ngu chua tung co di mua do phe thai ve xai made in tau khua dat nuoc ngoc dau ko noi la do lanh dao ngu ngoc,,,,,,,,,,,"[0, 1, 2, 27, 28, 29, 30, 31, 32, 33, 34, 51, 52, 53, 54, 55, 56, 57, 58, 69, 70, 71, 72, 73, 74, 75, 76, 77, 78, 79, 80, 81, 82, 83, 100, 101, 102, 103, 104, 105, 106, 107]","[[0, 3], [27, 35], [51, 59], [69, 84], [100, 108]]",Ngu | phe thai | tau khua | ngoc dau ko noi | ngu ngoc,,,"[0, 1, 2, 58, 74, 75, 76, 88, 89, 91, 92, 93, 94, 96, 97, 98, 100, 101, 102]","[[0, 3], [58, 59], [74, 77], [88, 90], [91, 95], [96, 99], [100, 103]]",Ngu | a | dau | do | lanh | dao | ngu,,partial_match,xlmr_token_classifier,225.0
vihos_test_228,test,Con minh hiếu bêde già mất dạy,,,,,,,,,,,"[0, 1, 2, 14, 15, 16, 17, 18, 19, 20, 21, 23, 24, 25, 26, 27, 28, 29]","[[0, 3], [14, 22], [23, 30]]",Con | bêde già | mất dạy,,,"[0, 1, 2, 14, 15, 16, 17, 19, 20, 21, 23, 24, 25, 27, 28, 29]","[[0, 3], [14, 18], [19, 22], [23, 26], [27, 30]]",Con | bêde | già | mất | dạy,,partial_match,xlmr_token_classifier,228.0
vihos_test_229,test,Trung đái dầm,,,,,,,,,,,"[6, 7, 8, 9, 10, 11, 12]","[[6, 13]]",đái dầm,,,"[6, 7, 8, 10, 11, 12]","[[6, 9], [10, 13]]",đái | dầm,,partial_match,xlmr_token_classifier,229.0
vihos_test_230,test,Atm cao lãnh🤪,,,,,,,,,,,[],[],,,,"[2, 8, 9, 10, 11]","[[2, 3], [8, 12]]",m | lãnh,,false_positive,xlmr_token_classifier,230.0
vihos_test_231,test,:))) ý thức anh tịp như cái đầu bùi vậy,,,,,,,,,,,"[20, 21, 22, 23, 24, 25, 26, 27, 28, 29, 30, 31, 32, 33, 34]","[[20, 35]]",như cái đầu bùi,,,"[5, 7, 8, 9, 10, 12, 13, 14, 16, 17, 18, 20, 21, 22, 24, 25, 26, 28, 29, 30, 32, 33, 34]","[[5, 6], [7, 11], [12, 15], [16, 19], [20, 23], [24, 27], [28, 31], [32, 35]]",ý | thức | anh | tịp | như | cái | đầu | bùi,,partial_match,xlmr_token_classifier,231.0
vihos_test_232,test,virus corona tuổi lìn :))),,,,,,,,,,,"[13, 14, 15, 16, 17, 18, 19, 20]","[[13, 21]]",tuổi lìn,,,"[13, 14, 15, 16, 18, 19, 20]","[[13, 17], [18, 21]]",tuổi | lìn,,partial_match,xlmr_token_classifier,232.0
vihos_test_238,test,Mjnh cho sdt di tui ve mjnh chau choi,,,,,,,,,,,[],[],,,,"[10, 11, 31, 33, 34, 35, 36]","[[10, 12], [31, 32], [33, 37]]",dt | u | choi,,false_positive,xlmr_token_classifier,238.0
vihos_test_241,test,Chỉ muốn ad chửi chết tổ bọn chó chít này đi 😋😋😋😋,,,,,,,,,,,"[12, 13, 14, 15, 16, 17, 18, 19, 20, 21, 22, 23, 24, 25, 26, 27, 28, 29, 30, 31, 32, 33, 34, 35, 36]","[[12, 37]]",chửi chết tổ bọn chó chít,,,"[12, 13, 14, 15, 17, 18, 19, 20, 22, 23, 25, 26, 27, 29, 30, 31, 33, 34, 35, 36]","[[12, 16], [17, 21], [22, 24], [25, 28], [29, 32], [33, 37]]",chửi | chết | tổ | bọn | chó | chít,,partial_match,xlmr_token_classifier,241.0
vihos_test_242,test,VN : cailoz cát ko :vv,,,,,,,,,,,"[5, 6, 7, 8, 9, 10]","[[5, 11]]",cailoz,,,[],[],,,false_negative,xlmr_token_classifier,242.0
vihos_test_243,test,"Ơ, thế bà già của mụ này ngoại tình vs ông hồ lòi ra mụ ah ?",,,,,,,,,,,"[7, 8, 9, 10, 11, 12, 18, 19, 25, 26, 27, 28, 29, 30, 31, 32, 33, 34, 39, 40, 41, 42, 43, 44, 53, 54]","[[7, 13], [18, 20], [25, 35], [39, 45], [53, 55]]",bà già | mụ | ngoại tình | ông hồ | mụ,,,"[7, 8, 10, 11, 12, 18, 19, 25, 26, 27, 28, 29, 31, 32, 33, 34, 53, 54]","[[7, 9], [10, 13], [18, 20], [25, 30], [31, 35], [53, 55]]",bà | già | mụ | ngoại | tình | mụ,,partial_match,xlmr_token_classifier,243.0
vihos_test_244,test,Đình Quang xạo l z pa,,,,,,,,,,,"[11, 12, 13, 14, 15]","[[11, 16]]",xạo l,,,"[11, 12, 13, 15, 17]","[[11, 14], [15, 16], [17, 18]]",xạo | l | z,,partial_match,xlmr_token_classifier,244.0
vihos_test_249,test,Phục cái lồn mẹ chúng mày ý,,,,,,,,,,,"[9, 10, 11, 12, 13, 14, 16, 17, 18, 19, 20, 21, 22, 23, 24]","[[9, 15], [16, 25]]",lồn mẹ | chúng mày,,,"[9, 10, 11, 13, 14, 16, 17, 18, 19, 20, 22, 23, 24]","[[9, 12], [13, 15], [16, 21], [22, 25]]",lồn | mẹ | chúng | mày,,partial_match,xlmr_token_classifier,249.0
vihos_test_250,test,Lon me no,,,,,,,,,,,"[0, 1, 2, 3, 4, 5, 6, 7, 8]","[[0, 9]]",Lon me no,,,"[0, 1, 2, 4, 5, 7, 8]","[[0, 3], [4, 6], [7, 9]]",Lon | me | no,,partial_match,xlmr_token_classifier,250.0
vihos_test_251,test,Ad ngu như 1 con chó....xh nước nào mà ko có cướp giật.....chẳng qua là kéo giảm chứ làm cc j hết tuyệt đối.....mày ăn cức nên não mày ko phát triển hả ad!!!,,,,,,,,,,,"[3, 4, 5, 6, 7, 8, 9, 10, 11, 12, 13, 14, 15, 16, 17, 18, 19, 45, 46, 47, 48, 49, 50, 51, 52, 53, 89, 90, 112, 113, 114, 119, 120, 121, 127, 128, 129, 130, 131, 132, 133, 134, 135, 136, 137, 138, 139, 140, 141, 142, 143, 144, 145, 146, 147]","[[3, 20], [45, 54], [89, 91], [112, 115], [119, 122], [127, 148]]",ngu như 1 con chó | cướp giật | cc | mày | cức | não mày ko phát triển,,,"[3, 4, 5, 7, 8, 9, 11, 13, 14, 15, 17, 18, 19, 45, 46, 47, 48, 50, 51, 52, 53, 89, 90, 112, 113, 114, 119, 120, 121, 123, 124, 125, 127, 128, 129, 131, 132, 133, 135, 136, 138, 139, 140, 141, 143, 144, 145, 146, 147]","[[3, 6], [7, 10], [11, 12], [13, 16], [17, 20], [45, 49], [50, 54], [89, 91], [112, 115], [119, 122], [123, 126], [127, 130], [131, 134], [135, 137], [138, 142], [143, 148]]",ngu | như | 1 | con | chó | cướp | giật | cc | mày | cức | nên | não | mày | ko | phát | triển,,partial_match,xlmr_token_classifier,251.0
vihos_test_253,test,me nhà no,,,,,,,,,,,"[0, 1, 2, 3, 4, 5, 6, 7, 8]","[[0, 9]]",me nhà no,,,"[0, 1, 7, 8]","[[0, 2], [7, 9]]",me | no,,partial_match,xlmr_token_classifier,253.0
vihos_test_254,test,ờ ờ . nợ thì chúng m nợ nhé. :T t đéo có nợ ai dâu nhé :T .,,,,,,,,,,,"[13, 14, 15, 16, 17, 18, 19, 32, 34, 35, 36]","[[13, 20], [32, 33], [34, 37]]",chúng m | t | đéo,,,"[13, 14, 15, 16, 17, 19, 34, 35, 36]","[[13, 18], [19, 20], [34, 37]]",chúng | m | đéo,,partial_match,xlmr_token_classifier,254.0
vihos_test_256,test,25:05 phút Anh em chia sẻ mạnh tay tới Tập Cận Bình nhé! Trời sinh ra Tập tấc nhiêng sao lại sinh ra Tiger ?,,,,,,,,,,,[],[],,,,"[57, 58, 59, 60, 62, 63, 64, 65, 67, 68, 70, 71, 72, 74, 75, 76, 78, 79, 80, 81, 82, 83, 85, 86, 87, 89, 90, 91, 93, 94, 95, 96, 98, 99, 101, 102, 103, 104, 105]","[[57, 61], [62, 66], [67, 69], [70, 73], [74, 77], [78, 84], [85, 88], [89, 92], [93, 97], [98, 100], [101, 106]]",Trời | sinh | ra | Tập | tấc | nhiêng | sao | lại | sinh | ra | Tiger,,false_positive,xlmr_token_classifier,256.0
vihos_test_258,test,Vậy hằng năm thuế của dân đóng ngập mặt bọn bụng phệ trong QH NN kìa sao đám quan ko giỏi lấy đó ra quyên góp đi.,,,,,,,,,,,"[31, 32, 33, 34, 35, 36, 37, 38, 40, 41, 42, 43, 44, 45, 46, 47, 48, 49, 50, 51, 73, 74, 75]","[[31, 39], [40, 52], [73, 76]]",ngập mặt | bọn bụng phệ | đám,,,"[40, 41, 42, 44, 45, 46, 47, 49, 50, 51, 73, 74, 75, 77, 78, 79, 80, 82, 83, 85, 86, 87, 88]","[[40, 43], [44, 48], [49, 52], [73, 76], [77, 81], [82, 84], [85, 89]]",bọn | bụng | phệ | đám | quan | ko | giỏi,,partial_match,xlmr_token_classifier,258.0
vihos_test_259,test,Chúng xây tượng đài nhiều hơn trường học.,,,,,,,,,,,"[0, 1, 2, 3, 4]","[[0, 5]]",Chúng,,,"[0, 1, 2, 3, 4, 6, 7, 8, 10, 11, 12, 13, 14, 16, 17, 18, 20, 21, 22, 23, 24, 26, 27, 28, 30, 31, 32, 33, 34, 35, 37, 38, 39]","[[0, 5], [6, 9], [10, 15], [16, 19], [20, 25], [26, 29], [30, 36], [37, 40]]",Chúng | xây | tượng | đài | nhiều | hơn | trường | học,,partial_match,xlmr_token_classifier,259.0
vihos_test_260,test,"Thằng Việt chờ khi nào thằng Chung xả nước đầu nguồn thì lên truyền thông hoan nghênh nữa nhé, dù gì Việt và Chung cũng là anh em tốt, Chung từng giữ nhà dùm Việt hẳn 1000 năm cơ :)",,,,,,,,,,,"[0, 1, 2, 3, 4, 23, 24, 25, 26, 27, 135, 136, 137, 138, 139, 140, 141, 142, 143, 144, 145, 146, 147, 148, 149, 150, 151, 152, 153, 154, 155, 156, 157, 158, 159, 160, 161, 162, 163, 164, 165, 166, 167, 168, 169, 170, 171, 172, 173, 174]","[[0, 5], [23, 28], [135, 175]]",Thằng | thằng | Chung từng giữ nhà dùm Việt hẳn 1000 năm,,,"[0, 1, 2, 3, 4, 23, 24, 25, 26, 27, 35, 36, 38, 39, 40, 41]","[[0, 5], [23, 28], [35, 37], [38, 42]]",Thằng | thằng | xả | nước,,partial_match,xlmr_token_classifier,260.0
vihos_test_261,test,"Nổ lực trùng tu nhăn sắc ,để mồi chài đại gia ,đó cũng gọi là nổ lực đó chị đẹp à .",,,,,,,,,,,[],[],,,,"[29, 30, 31, 33, 34, 35, 36]","[[29, 32], [33, 37]]",mồi | chài,,false_positive,xlmr_token_classifier,261.0
vihos_test_262,test,Đuoc cua ló,,,,,,,,,,,[],[],,,,"[0, 1, 2, 3, 5, 6, 7, 9, 10]","[[0, 4], [5, 8], [9, 11]]",Đuoc | cua | ló,,false_positive,xlmr_token_classifier,262.0
vihos_test_266,test,Bi benh ao tuong toi nghiep nhi,,,,,,,,,,,"[0, 1, 2, 3, 4, 5, 6, 7, 8, 9, 10, 11, 12, 13, 14, 15, 16, 17, 18, 19, 20, 21, 22, 23, 24, 25, 26]","[[0, 27]]",Bi benh ao tuong toi nghiep,,,[],[],,,false_negative,xlmr_token_classifier,266.0
vihos_test_270,test,Sao chúng nó đi rồi còn mò về làm gì ta :3,,,,,,,,,,,[],[],,,,"[4, 5, 6, 7, 8, 10, 11]","[[4, 9], [10, 12]]",chúng | nó,,false_positive,xlmr_token_classifier,270.0
vihos_test_272,test,Be de khung,,,,,,,,,,,"[0, 1, 2, 3, 4, 5, 6, 7, 8, 9, 10]","[[0, 11]]",Be de khung,,,[],[],,,false_negative,xlmr_token_classifier,272.0
vihos_test_274,test,"Càng đọc càng tức con quỷ đó. Bây giơ vì nó bao nhiu ng chuẩn bị thất nghiệp, người gia thì lo sợ hoang mang, bao nhiu chủ Doanh nghiệp đợt này tiu luôn. Thứ gì đâu ak",,,,,,,,,,,"[22, 23, 24, 25, 26, 27, 28, 29, 48, 49, 50, 163, 164, 165, 173, 174, 175, 176, 177, 178, 179, 180, 181, 182, 183, 184]","[[22, 30], [48, 51], [163, 166], [173, 185]]",con quỷ | nó | tiu | Thứ gì đâu,,,"[22, 23, 24, 26, 27, 28, 48, 49, 163, 164, 165]","[[22, 25], [26, 29], [48, 50], [163, 166]]",con | quy | no | tiu,,partial_match,xlmr_token_classifier,274.0
vihos_test_277,test,"Phân chia vùng miền là ngu. Ở đâu cũng có kẻ này người nọ. Thử hỏi phản ứng về vụ Formosa vừa rồi ở đâu được đoàn kết, đông đảo và không e ngại như giáo phận Vinh?",,,,,,,,,,,"[23, 24, 25, 42, 43, 44, 45, 46, 47, 48, 49, 50, 51, 52, 53, 54, 55, 56]","[[23, 26], [42, 57]]",ngu | kẻ này người nọ,,,"[23, 24, 25, 42, 43, 45, 46, 47, 49, 50, 51, 52, 53, 55, 56]","[[23, 26], [42, 44], [45, 48], [49, 54], [55, 57]]",ngu | kẻ | này | người | nọ,,partial_match,xlmr_token_classifier,277.0
vihos_test_278,test,"Nó đang tự chửi nó , lấy chồng còn ( sinh con) ủa mà nó đẻ được không ta ? Vì nó là quỷ rồi !... bọn bay thua con chó là con người thô tục từ thiện áp phe còn phước không?",,,,,,,,,,,"[0, 1, 11, 12, 13, 14, 16, 17, 53, 54, 78, 79, 84, 85, 86, 97, 98, 99, 100, 101, 102, 103, 114, 115, 116, 131, 132, 133, 134, 135, 136, 137, 148, 149, 150, 151, 152, 153]","[[0, 2], [11, 15], [16, 18], [53, 55], [78, 80], [84, 87], [97, 104], [114, 117], [131, 138], [148, 154]]",Nó | chửi | nó | nó | nó | quỷ | bọn bay | chó | thô tục | áp phe,,,"[0, 1, 11, 12, 13, 14, 16, 17, 53, 54, 78, 79, 84, 85, 86, 97, 98, 99, 101, 102, 103, 105, 106, 107, 108, 110, 111, 112, 114, 115, 116, 131, 132, 133, 135, 136, 137, 148, 149, 151, 152, 153, 155, 156, 157, 159, 160]","[[0, 2], [11, 15], [16, 18], [53, 55], [78, 80], [84, 87], [97, 100], [101, 104], [105, 109], [110, 113], [114, 117], [131, 134], [135, 138], [148, 150], [151, 154], [155, 158], [159, 161]]",Nó | chửi | nó | nó | nó | quỷ | bọn | bay | thua | con | chó | thô | tục | áp | phe | còn | ph,,partial_match,xlmr_token_classifier,278.0
vihos_test_281,test,Đầu ốc tôm nên nói ra không có lời nào nghe được . phụ nữ Việt Nam không có người nào phát ngôn như vậy thật ghê tởm,,,,,,,,,,,"[0, 1, 2, 3, 4, 5, 6, 7, 8, 9, 109, 110, 111, 112, 113, 114, 115]","[[0, 10], [109, 116]]",Đầu ốc tôm | ghê tởm,,,"[0, 1, 2, 28, 29, 109, 110, 111, 113, 114, 115]","[[0, 3], [28, 30], [109, 112], [113, 116]]",Đầu | có | ghê | tởm,,partial_match,xlmr_token_classifier,281.0
vihos_test_283,test,Nghe mà muốn đập cái đth đm :))),,,,,,,,,,,"[0, 1, 2, 3, 4, 5, 6, 7, 8, 9, 10, 11, 12, 13, 14, 15, 25, 26]","[[0, 16], [25, 27]]",Nghe mà muốn đập | đm,,,"[13, 14, 15, 21, 22, 23, 25, 26]","[[13, 16], [21, 24], [25, 27]]",đập | đth | đm,,partial_match,xlmr_token_classifier,283.0
vihos_test_284,test,"Bả chửi người ta lên mạng câu like , bả mấy là người câu like đó , kêu người này người kia ủng hộ nhiều nhiều , đi Mỹ chơi về cho mỗi đứa ngàn đô ,  nghe muốn đái ỉa ra một lượt cho bả coi , lên mạng ngồi bán từng chai dầu thơm kiếm lời mà nói chuyện chảnh chó.",,,,,,,,,,,"[0, 1, 3, 4, 5, 6, 26, 27, 28, 29, 30, 31, 32, 33, 37, 38, 53, 54, 55, 56, 57, 58, 59, 60, 159, 160, 161, 162, 163, 164, 182, 183, 251, 252, 253, 254, 255, 256, 257, 258, 259]","[[0, 2], [3, 7], [26, 34], [37, 39], [53, 61], [159, 165], [182, 184], [251, 260]]",Bả | chửi | câu like | bả | câu like | đái ỉa | bả | chảnh chó,,,"[3, 4, 5, 6, 159, 160, 161, 163, 164, 209, 210, 211, 212, 251, 252, 253, 254, 255, 257, 258, 259]","[[3, 7], [159, 162], [163, 165], [209, 213], [251, 256], [257, 260]]",chửi | đái | ỉa | từng | chảnh | chó,,partial_match,xlmr_token_classifier,284.0
vihos_test_285,test,"Hướng dẫn con mẹ gì, giống như hút thuốc lá thế thôi.",,,,,,,,,,,"[10, 11, 12, 13, 14, 15]","[[10, 16]]",con mẹ,,,"[10, 11, 12, 14, 15, 31, 32, 33, 35, 36, 37, 38, 39, 41, 42]","[[10, 13], [14, 16], [31, 34], [35, 40], [41, 43]]",con | mẹ | hút | thuốc | lá,,partial_match,xlmr_token_classifier,285.0
vihos_test_287,test,Anh Trung lòi dái :)),,,,,,,,,,,"[10, 11, 12, 13, 14, 15, 16]","[[10, 17]]",lòi dái,,,"[10, 11, 12, 14, 15, 16]","[[10, 13], [14, 17]]",lòi | dái,,partial_match,xlmr_token_classifier,287.0
vihos_test_294,test,Sau vụ này thì deo biet a có đạt đc nút vàng của diu túp k á :))) chứ e là e vào huỷ đky luôn r :)),,,,,,,,,,,"[15, 16, 17]","[[15, 18]]",deo,,,"[55, 81, 82, 83, 85, 86, 87]","[[55, 56], [81, 84], [85, 88]]",p | huỷ | đky,,partial_match,xlmr_token_classifier,294.0
vihos_test_297,test,Thằng assmin nhãm shitt...đành rằng page này là CHỬI. Nhưng mày là assmin thì chỉ nên viết gợi ý thôi...để mem nó CHỬI...mày dành CHỬI kiểu đó thì chơi thế đéo nào...,,,,,,,,,,,"[0, 1, 2, 3, 4, 5, 6, 7, 8, 9, 10, 11, 13, 14, 15, 16, 17, 18, 19, 20, 21, 22, 48, 49, 50, 51, 60, 61, 62, 67, 68, 69, 70, 71, 72, 111, 112, 114, 115, 116, 117, 121, 122, 123, 130, 131, 132, 133, 156, 157, 158]","[[0, 12], [13, 23], [48, 52], [60, 63], [67, 73], [111, 113], [114, 118], [121, 124], [130, 134], [156, 159]]",Thằng assmin | nhãm shitt | CHỬI | mày | assmin | nó | CHỬI | mày | CHỬI | đéo,,,"[0, 1, 2, 3, 4, 6, 7, 8, 9, 10, 11, 13, 14, 15, 16, 18, 19, 20, 21, 22, 48, 49, 50, 51, 60, 61, 62, 67, 68, 69, 70, 71, 72, 111, 112, 114, 115, 116, 117, 121, 122, 123, 130, 131, 132, 133, 156, 157, 158]","[[0, 5], [6, 12], [13, 17], [18, 23], [48, 52], [60, 63], [67, 73], [111, 113], [114, 118], [121, 124], [130, 134], [156, 159]]",Thằng | assmin | nhãm | shitt | CHỬI | mày | assmin | nó | CHỬI | mày | CHỬI | đéo,,partial_match,xlmr_token_classifier,297.0
vihos_test_298,test,Việt Nam giờ luật con mẹ nó rừng hết rồi!!!,,,,,,,,,,,"[13, 14, 15, 16, 17, 18, 19, 20, 21, 22, 23, 24, 25, 26, 27, 28, 29, 30, 31]","[[13, 32]]",luật con mẹ nó rừng,,,"[18, 19, 20, 22, 23, 25, 26]","[[18, 21], [22, 24], [25, 27]]",con | mẹ | nó,,partial_match,xlmr_token_classifier,298.0
vihos_test_299,test,Bà này Người ở Bề Trên hả gì á... toàn nói chuyện kiểu người khuất mặt khuất mài ko... chắc ở bên trại Tâm Thần xuất trại...,,,,,,,,,,,"[7, 8, 9, 10, 11, 12, 13, 14, 15, 16, 17, 18, 19, 20, 21, 61, 62, 63, 64, 65, 66, 67, 68, 69, 70, 71, 72, 73, 74, 75, 76, 77, 78, 79, 103, 104, 105, 106, 107, 108, 109, 110, 111, 112, 113, 114, 115, 116, 117, 118, 119, 120]","[[7, 22], [61, 80], [103, 121]]",Người ở Bề Trên | khuất mặt khuất mài | Tâm Thần xuất trại,,,"[7, 8, 9, 10, 11, 13, 15, 16, 18, 19, 20, 21, 23, 24, 55, 56, 57, 58, 59, 61, 62, 63, 64, 65, 67, 68, 69, 71, 72, 73, 74, 75, 77, 78, 79, 103, 104, 105, 107, 108, 109, 110, 117, 118, 119, 120]","[[7, 12], [13, 14], [15, 17], [18, 22], [23, 25], [55, 60], [61, 66], [67, 70], [71, 76], [77, 80], [103, 106], [107, 111], [117, 121]]",Người | ở | Bề | Trên | hả | người | khuất | mặt | khuất | mài | Tâm | Thần | trại,,partial_match,xlmr_token_classifier,299.0
vihos_test_300,test,Chặt bỏ chứ để làm gì,,,,,,,,,,,[],[],,,,"[0, 1, 2, 3]","[[0, 4]]",Chặt,,false_positive,xlmr_token_classifier,300.0
vihos_test_302,test,Nhung Phạm giống mình đi kh quen nghe mùi máy lạnh là ói sml,,,,,,,,,,,"[57, 58, 59]","[[57, 60]]",sml,,,"[54, 55, 57, 58, 59]","[[54, 56], [57, 60]]",ói | sml,,partial_match,xlmr_token_classifier,302.0
vihos_test_304,test,Chi hieu dep qua da mat chi dep qua,,,,,,,,,,,[],[],,,,"[20, 21, 22]","[[20, 23]]",mat,,false_positive,xlmr_token_classifier,304.0
vihos_test_310,test,"Từ ngày Chung lên thay Nhanh , xong Chung cho Nhanh xập nguồn, thương anh quá, ngu đoé gì mà ngu thế đào tạo đệ tử cũng cần cái ,chí ít ra cũng phải chết thì cũng xin thế cho sư phụ chứ lỵ. Cứ hoang mang mãi, đến vụ Đồng Tâm anh Chung đường hoàng thế hoá ra chỉ là anh cahs. Tin anh ấy nhá bà con hết cửa , thật đấy",,,,,,,,,,,"[8, 9, 10, 11, 12, 36, 37, 38, 39, 40, 79, 80, 81, 82, 83, 84, 85, 93, 94, 95, 149, 150, 151, 152, 297, 298, 299, 300, 301, 302, 303]","[[8, 13], [36, 41], [79, 86], [93, 96], [149, 153], [297, 304]]",Chung | Chung | ngu đoé | ngu | chết | hết cửa,,,"[79, 80, 81, 83, 84, 85, 93, 94, 95, 149, 150, 151, 152]","[[79, 82], [83, 86], [93, 96], [149, 153]]",ngu | đoé | ngu | chết,,partial_match,xlmr_token_classifier,310.0
vihos_test_314,test,Tẩy chay là xong mõm vs bọn này làm gì. N là ng của cty ấy :))),,,,,,,,,,,"[0, 1, 2, 3, 4, 5, 6, 7, 17, 18, 19, 24, 25, 26, 40]","[[0, 8], [17, 20], [24, 27], [40, 41]]",Tẩy chay | mõm | bọn | N,,,"[17, 18, 19, 21, 22, 24, 25, 26]","[[17, 20], [21, 23], [24, 27]]",mõm | vs | bọn,,partial_match,xlmr_token_classifier,314.0
vihos_test_315,test,Cái quái gì nói lên sự thật về cái đất nước này cũg là phản động. Tự do ngôn luật ko bao h có chỗ đứg ở cái đất VN.,,,,,,,,,,,"[4, 5, 6, 7, 31, 32, 33, 34, 35, 36, 37, 38, 39, 40, 41, 42, 55, 56, 57, 58, 59, 60, 61, 62, 63, 82, 83, 84, 85, 86, 87, 88, 89, 90, 91, 92, 93, 94, 95, 96, 97, 98, 99, 100]","[[4, 8], [31, 43], [55, 64], [82, 101]]",quái | cái đất nước | phản động | ko bao h có chỗ đứg,,,"[4, 5, 6, 7, 55, 56, 57, 58, 60, 61, 62, 63]","[[4, 8], [55, 59], [60, 64]]",quái | phản | động,,partial_match,xlmr_token_classifier,315.0
vihos_test_317,test,Chấp gì thằng thiểu năng đó Trần Ngọc Giàu ơi,,,,,,,,,,,"[8, 9, 10, 11, 12, 14, 15, 16, 17, 18, 19, 20, 21, 22, 23]","[[8, 13], [14, 24]]",thằng | thiểu năng,,,"[8, 9, 10, 11, 12, 14, 15, 16, 17, 18, 20, 21, 22, 23]","[[8, 13], [14, 19], [20, 24]]",thằng | thiểu | năng,,partial_match,xlmr_token_classifier,317.0
vihos_test_319,test,Phương Minn nhìu đứa nó lạ loz vậy á.. dở thì ng ta chê.. thật sự đéo thể nào nge nổi nhạc jack .. tụi mày cứ khen nó hoài nó chả thể nào tốt lên dc đâu,,,,,,,,,,,"[17, 18, 19, 21, 22, 27, 28, 29, 39, 40, 66, 67, 68, 99, 100, 101, 102, 103, 104, 105, 115, 116, 123, 124]","[[17, 20], [21, 23], [27, 30], [39, 41], [66, 69], [99, 106], [115, 117], [123, 125]]",đứa | nó | loz | dở | đéo | tụi mày | nó | nó,,,"[21, 22, 27, 28, 29, 39, 40, 52, 53, 54, 66, 67, 68, 99, 100, 101, 103, 104, 105, 115, 116, 123, 124]","[[21, 23], [27, 30], [39, 41], [52, 55], [66, 69], [99, 102], [103, 106], [115, 117], [123, 125]]",nó | loz | dở | chê | đéo | tụi | mày | nó | nó,,partial_match,xlmr_token_classifier,319.0
vihos_test_329,test,Hồi đó giờ nghe giọt nước mắt cá sấu. mà giờ mới thấy,,,,,,,,,,,[],[],,,,[34],"[[34, 35]]",ấ,,false_positive,xlmr_token_classifier,329.0
vihos_test_330,test,"Nguyễn Trọng Thái đợi cái lone , đ!t chị m 😉",,,,,,,,,,,"[26, 27, 28, 29, 33, 34, 35, 36, 37, 38, 39, 40, 41]","[[26, 30], [33, 42]]",lone | đ!t chị m,,,"[26, 27, 28, 29, 33, 34, 35, 41]","[[26, 30], [33, 36], [41, 42]]",lone | đ!t | m,,partial_match,xlmr_token_classifier,330.0
vihos_test_335,test,Cần tiêu diệt dân tộc Tàu khựa,,,,,,,,,,,"[4, 5, 6, 7, 8, 9, 10, 11, 12, 13, 14, 15, 16, 17, 18, 19, 20, 21, 22, 23, 24, 26, 27, 28, 29]","[[4, 25], [26, 30]]",tiêu diệt dân tộc Tàu | khựa,,,"[4, 5, 6, 7, 9, 10, 11, 12, 22, 23, 24, 26, 27, 28, 29]","[[4, 8], [9, 13], [22, 25], [26, 30]]",tiêu | diệt | Tàu | khựa,,partial_match,xlmr_token_classifier,335.0
vihos_test_336,test,Quan vn chúng nó tham vl...địt con mẹ lũ quan tham,,,,,,,,,,,"[8, 9, 10, 11, 12, 13, 14, 15, 17, 18, 19, 20, 21, 22, 23, 27, 28, 29, 30, 31, 32, 33, 34, 35, 36, 38, 39, 40, 41, 42, 43, 44, 45, 46, 47, 48, 49]","[[8, 16], [17, 24], [27, 37], [38, 50]]",chúng nó | tham vl | địt con mẹ | lũ quan tham,,,"[8, 9, 10, 11, 12, 14, 15, 17, 18, 19, 20, 22, 23, 27, 28, 29, 31, 32, 33, 35, 36, 38, 39, 41, 42, 43, 44, 46, 47, 48, 49]","[[8, 13], [14, 16], [17, 21], [22, 24], [27, 30], [31, 34], [35, 37], [38, 40], [41, 45], [46, 50]]",chúng | nó | tham | vl | địt | con | mẹ | lũ | quan | tham,,partial_match,xlmr_token_classifier,336.0
vihos_test_337,test,"Thằng mặc váy, bởi vậy hơn thua với đàn bà ra mặt 😂😂😂😂😂",,,,,,,,,,,"[0, 1, 2, 3, 4, 23, 24, 25, 26, 27, 28, 29, 30, 31, 32, 33, 34, 35, 36, 37, 38, 39, 40, 41, 42, 43, 44, 45, 46, 47, 48]","[[0, 5], [23, 49]]",Thằng | hơn thua với đàn bà ra mặt,,,"[0, 1, 2, 3, 4, 36, 37, 38, 40, 41]","[[0, 5], [36, 39], [40, 42]]",Thằng | đàn | bà,,partial_match,xlmr_token_classifier,337.0
vihos_test_343,test,"Mày nhìn lại mày đi, đăng clip đell đc 5 like, à phải rồi, bởi vậy mới bươi móc kiếm đàn bà để bình luận kiểu ganh tỵ 😂😂",,,,,,,,,,,"[0, 1, 2, 13, 14, 15, 31, 32, 33, 34, 71, 72, 73, 74, 75, 76, 77, 78, 85, 86, 87, 88, 89, 90, 110, 111, 112, 113, 114, 115, 116]","[[0, 3], [13, 16], [31, 35], [71, 79], [85, 91], [110, 117]]",Mày | mày | đell | bươi móc | đàn bà | ganh tỵ,,,"[0, 1, 2, 13, 14, 15, 31, 32, 33, 34, 89, 90, 110, 111, 112, 113, 115, 116]","[[0, 3], [13, 16], [31, 35], [89, 91], [110, 114], [115, 117]]",Mày | mày | đell | bà | ganh | tỵ,,partial_match,xlmr_token_classifier,343.0
vihos_test_344,test,Bóng vcl ý em nói thầy sela còn anh dơ như chó nha :)),,,,,,,,,,,"[0, 1, 2, 3, 4, 5, 6, 7, 36, 37, 38, 39, 40, 41, 42, 43, 44, 45]","[[0, 8], [36, 46]]",Bóng vcl | dơ như chó,,,"[0, 1, 2, 3, 5, 6, 7, 36, 37, 39, 40, 41, 43, 44, 45]","[[0, 4], [5, 8], [36, 38], [39, 42], [43, 46]]",Bóng | vcl | dơ | như | chó,,partial_match,xlmr_token_classifier,344.0
vihos_test_345,test,Dỗi á :)) no no no,,,,,,,,,,,[],[],,,,"[10, 11]","[[10, 12]]",no,,false_positive,xlmr_token_classifier,345.0
vihos_test_346,test,"Việt cộng là cái thứ sinh ra từ thành phần bần cố nông, đã là bần cố nông thì chả có đứa nào được học hành tử tế đến nơi, đến chốn. Hậu quả là bọn Việt cộng nó quản lý, điều hành đất nước như cái con C, ngóc lên không nổi, nên phải bán đất nước cho bọn mọi rợ Tàu để có cái mà ăn dọng chứ !",,,,,,,,,,,"[17, 18, 19, 85, 86, 87, 143, 144, 145, 157, 158, 200, 249, 250, 251, 253, 254, 255, 256, 257, 258, 260, 261, 262, 277, 278, 279, 280, 281, 282, 283]","[[17, 20], [85, 88], [143, 146], [157, 159], [200, 201], [249, 252], [253, 259], [260, 263], [277, 284]]",thứ | đứa | bọn | nó | C | bọn | mọi rợ | Tàu | ăn dọng,,,"[0, 1, 2, 3, 5, 6, 7, 8, 43, 44, 45, 47, 48, 50, 51, 52, 53, 62, 63, 64, 66, 67, 69, 70, 71, 72, 78, 79, 80, 82, 83, 85, 86, 87, 89, 90, 91, 98, 99, 100, 110, 111, 128, 129, 143, 144, 145, 157, 158, 192, 193, 194, 196, 197, 198, 200, 201, 203, 204, 205, 206, 208, 209, 210, 212, 213, 214, 215, 216, 218, 219, 220, 232, 233, 234, 249, 250, 251, 253, 254, 255, 257, 258, 260, 261, 262, 267, 268, 270, 271, 272, 277, 278, 280, 281, 282]","[[0, 4], [5, 9], [43, 46], [47, 49], [50, 54], [62, 65], [66, 68], [69, 73], [78, 81], [82, 84], [85, 88], [89, 92], [98, 101], [110, 112], [128, 130], [143, 146], [157, 159], [192, 195], [196, 199], [200, 202], [203, 207], [208, 211], [212, 217], [218, 221], [232, 235], [249, 252], [253, 256], [257, 259], [260, 263], [267, 269], [270, 273], [277, 279], [280, 283]]","Việt | cộng | bần | cố | nông | bần | cố | nông | chả | có | đứa | nào | học | tế | ốn | bọn | nó | cái | con | C, | ngóc | lên | không | nổi | bán | bọn | mọi | rợ | Tàu | có | cái | ăn | dọn",,partial_match,xlmr_token_classifier,346.0
vihos_test_347,test,con này hết thuốt chửa rồi.,,,,,,,,,,,"[0, 1, 2, 8, 9, 10, 11, 12, 13, 14, 15, 16, 17, 18, 19, 20, 21]","[[0, 3], [8, 22]]",con | hết thuốt chửa,,,"[0, 1, 2, 12, 13, 14, 15, 16, 18, 19, 20, 21]","[[0, 3], [12, 17], [18, 22]]",con | thuốt | chửa,,partial_match,xlmr_token_classifier,347.0
vihos_test_348,test,"Công an,chủ tịch xã,cán bộ thôn ...con ăn cắp nữa là tham ô nó là điều tất nhiên rùi.!dkm giáo viên cấp 1 ở lớp có 2 đứa không tặng quà cô giáo ngày 20-11 cô giáo không phát kẹo cho hai cháu luôn .xã hội khốn nạn vl.Tiểu HọcLien Hồng-Gia Lộc-Hải Dương nhé!",,,,,,,,,,,"[39, 40, 41, 42, 43, 44, 53, 54, 55, 56, 57, 58, 59, 60, 61, 62, 63, 64, 65, 66, 67, 68, 69, 70, 71, 72, 73, 74, 75, 76, 77, 78, 79, 80, 81, 82, 83, 86, 87, 88, 204, 205, 206, 207, 208, 209, 210, 211, 213, 214]","[[39, 45], [53, 84], [86, 89], [204, 212], [213, 215]]",ăn cắp | tham ô nó là điều tất nhiên rùi | dkm | khốn nạn | vl,,,"[35, 36, 37, 39, 40, 42, 43, 44, 53, 54, 55, 56, 58, 60, 61, 86, 87, 88, 204, 205, 206, 207, 209, 210, 211, 213, 214]","[[35, 38], [39, 41], [42, 45], [53, 57], [58, 59], [60, 62], [86, 89], [204, 208], [209, 212], [213, 215]]",con | ăn | cắp | tham | ô | nó | dkm | khốn | nạn | vl,,partial_match,xlmr_token_classifier,348.0
vihos_test_349,test,"Le Viet Anh nếu nhà t có ng bị thì sẽ xung phong đi cách ly chứ ko để lâu ngày đâu mà bị lm sao cả, chỉ có mấy loại cm trốn cách ly ko chữa kịp mới chết thôi, loại như cm thì nên chết sớm ko lại lây ra cộng đồng",,,,,,,,,,,"[20, 116, 117, 148, 149, 150, 151, 168, 169, 179, 180, 181, 182]","[[20, 21], [116, 118], [148, 152], [168, 170], [179, 183]]",t | cm | chết | cm | chết,,,"[20, 90, 111, 112, 113, 114, 116, 117, 148, 149, 150, 151, 159, 160, 161, 162, 168, 169, 179, 180, 181, 182, 184, 185, 186]","[[20, 21], [90, 91], [111, 115], [116, 118], [148, 152], [159, 163], [168, 170], [179, 183], [184, 187]]",t | m | loại | cm | chết | loại | cm | chết | sớm,,partial_match,xlmr_token_classifier,349.0
vihos_test_352,test,"Ngày xưa, khi giấy vệ sinh chưa phổ biến thì mỗi gia đình đều thấm nhuần tư tưởng đảng mỗi ngày. Ngày nay, khi giấy vệ sinh quá phổ biến, nhiều mẫu mã, giá cả phải chăng, mềm mại chất lượng hơn hẳn thì đại đa số dân chúng trở nên lệch lạc tư tưởng chính trị",,,,,,,,,,,"[14, 15, 16, 17, 18, 19, 20, 21, 22, 23, 24, 25, 111, 112, 113, 114, 115, 116, 117, 118, 119, 120, 121, 122, 230, 231, 232, 233, 234, 235, 236, 237]","[[14, 26], [111, 123], [230, 238]]",giấy vệ sinh | giấy vệ sinh | lệch lạc,,,"[216, 217, 218, 219, 220, 230, 231, 232, 233, 235, 236, 237, 242, 243, 244, 245, 246]","[[216, 221], [230, 234], [235, 238], [242, 247]]",chúng | lệch | lạc | tưởng,,partial_match,xlmr_token_classifier,352.0
vihos_test_353,test,Thằng hùng vs bà  4 Nha đụ nín thở nhe a tuân.,,,,,,,,,,,"[0, 1, 2, 3, 4, 24, 25]","[[0, 5], [24, 26]]",Thằng | đụ,,,"[0, 1, 2, 3, 4, 6, 7, 8, 9, 24, 25]","[[0, 5], [6, 10], [24, 26]]",Thằng | hùng | đụ,,partial_match,xlmr_token_classifier,353.0
vihos_test_356,test,Bóc lột còn hơn cả bọn Thực Dân nữa !,,,,,,,,,,,"[0, 1, 2, 3, 4, 5, 6, 19, 20, 21]","[[0, 7], [19, 22]]",Bóc lột | bọn,,,"[0, 1, 2, 4, 5, 6, 8, 9, 10, 12, 13, 14, 16, 17, 19, 20, 21, 23, 24, 25, 26, 28, 29, 30]","[[0, 3], [4, 7], [8, 11], [12, 15], [16, 18], [19, 22], [23, 27], [28, 31]]",Bóc | lột | còn | hơn | cả | bọn | Thực | Dân,,partial_match,xlmr_token_classifier,356.0
vihos_test_359,test,"Ai cũng biết. Đã là chửi thì chửi thẳng, vòng vo nói nho nữa thì đổi tên page đi. Đậu má rau xanh.",,,,,,,,,,,"[20, 21, 22, 23, 29, 30, 31, 32, 82, 83, 84, 85, 86, 87, 88, 89, 90, 91, 92, 93, 94, 95, 96]","[[20, 24], [29, 33], [82, 97]]",chửi | chửi | Đậu má rau xanh,,,"[20, 21, 22, 23, 29, 30, 31, 32, 82, 83, 84, 86, 87, 89, 90, 91, 93, 94, 95, 96]","[[20, 24], [29, 33], [82, 85], [86, 88], [89, 92], [93, 97]]",chửi | chửi | Đậu | má | rau | xanh,,partial_match,xlmr_token_classifier,359.0
vihos_test_364,test,Cùm măn chằn lai cầm tay bự hơn bóp l.. nghe ko 😂😂😂,,,,,,,,,,,[36],"[[36, 37]]",l,,,"[32, 33, 34, 36]","[[32, 35], [36, 37]]",bóp | l,,partial_match,xlmr_token_classifier,364.0
vihos_test_365,test,Bắn bỏ nó đê,,,,,,,,,,,"[0, 1, 2, 3, 4, 5, 7, 8]","[[0, 6], [7, 9]]",Bắn bỏ | nó,,,"[0, 1, 2, 4, 5, 7, 8]","[[0, 3], [4, 6], [7, 9]]",Bắn | bỏ | nó,,partial_match,xlmr_token_classifier,365.0
vihos_test_366,test,nhờ nó tố cáo mà khỏi ai thắc mắc thằng nào là thằng mặt heo 😃😃😃😃,,,,,,,,,,,"[4, 5, 34, 35, 36, 37, 38, 47, 48, 49, 50, 51, 52, 53, 54, 55, 56, 57, 58, 59]","[[4, 6], [34, 39], [47, 60]]",nó | thằng | thằng mặt heo,,,"[4, 5, 34, 35, 36, 37, 38, 47, 48, 49, 50, 51, 53, 54, 55, 57, 58, 59]","[[4, 6], [34, 39], [47, 52], [53, 56], [57, 60]]",nó | thằng | thằng | mặt | heo,,partial_match,xlmr_token_classifier,366.0
vihos_test_369,test,Mồ tổ cha bọn nó làm trò hề với dân ...một bè lủ hành dân để làm moi tiền dân ..,,,,,,,,,,,"[0, 1, 2, 3, 4, 5, 6, 7, 8, 10, 11, 12, 13, 14, 15, 21, 22, 23, 24, 25, 26, 43, 44, 45, 46, 47, 49, 50, 51, 52, 65, 66, 67]","[[0, 9], [10, 16], [21, 27], [43, 48], [49, 53], [65, 68]]",Mồ tổ cha | bọn nó | trò hề | bè lủ | hành | moi,,,"[0, 1, 3, 4, 6, 7, 8, 10, 11, 12, 14, 15, 21, 22, 23, 25, 26, 39, 43, 44, 46, 47, 49, 50, 51, 52, 54, 55, 56, 58, 59, 65, 66, 67, 69, 70, 71, 72]","[[0, 2], [3, 5], [6, 9], [10, 13], [14, 16], [21, 24], [25, 27], [39, 40], [43, 45], [46, 48], [49, 53], [54, 57], [58, 60], [65, 68], [69, 73]]",Mồ | tổ | cha | bọn | nó | trò | hề | m | bè | lủ | hành | dân | để | moi | tiền,,partial_match,xlmr_token_classifier,369.0
vihos_test_373,test,Đỷ chị minh hiếu,,,,,,,,,,,"[0, 1]","[[0, 2]]",Đỷ,,,[],[],,,false_negative,xlmr_token_classifier,373.0
vihos_test_374,test,Chửi bậy cũng có phải có văn hoá !!! page này giải trí vĩ lòn. Thích thích,,,,,,,,,,,"[0, 1, 2, 3, 4, 5, 6, 7, 55, 56, 57, 58, 59, 60]","[[0, 8], [55, 61]]",Chửi bậy | vĩ lòn,,,"[0, 1, 2, 3, 5, 6, 7, 9, 10, 11, 12, 14, 15, 17, 18, 19, 20, 22, 23, 25, 26, 27, 29, 30, 31, 55, 56, 58, 59, 60]","[[0, 4], [5, 8], [9, 13], [14, 16], [17, 21], [22, 24], [25, 28], [29, 32], [55, 57], [58, 61]]",Chửi | bậy | cũng | có | phải | có | văn | hoá | vĩ | lòn,,partial_match,xlmr_token_classifier,374.0
vihos_test_380,test,Giống nhau như 2 giọt nước. Mà mỗi cái là 1 giọt nước mắt với 1 giọt nước 💩 thôi ạ 😂😂,,,,,,,,,,,[74],"[[74, 75]]",💩,,,[],[],,,false_negative,xlmr_token_classifier,380.0
vihos_test_381,test,Bớt bớt dô diên dùm cái nha 😒,,,,,,,,,,,"[0, 1, 2, 3, 4, 5, 6, 7, 8, 9, 10, 11, 12, 13, 14, 15, 16, 17, 18]","[[0, 19]]",Bớt bớt dô diên dùm,,,"[8, 9, 11, 12, 13, 14, 28]","[[8, 10], [11, 15], [28, 29]]",dô | diên | 😒,,partial_match,xlmr_token_classifier,381.0
vihos_test_382,test,@Tủn 3k rồi ăn nhiu tiền r mà binh dữ,,,,,,,,,,,[],[],,,,"[6, 12, 13, 15, 16, 17, 18, 20, 21, 22, 23]","[[6, 7], [12, 14], [15, 19], [20, 24]]",k | ăn | nhiu | tiền,,false_positive,xlmr_token_classifier,382.0
vihos_test_384,test,"Nhật Phát Càng nói càng thấy bạn ngu =)) thế những người nuôi bò dê lợn gà vì yêu thương nó, giờ họ cấm bạn ăn bạn chịu không =))) đến thua với lí luận ngu si",,,,,,,,,,,"[33, 34, 35, 152, 153, 154, 155, 156, 157]","[[33, 36], [152, 158]]",ngu | ngu si,,,"[33, 34, 35, 152, 153, 154, 156, 157]","[[33, 36], [152, 155], [156, 158]]",ngu | ngu | si,,partial_match,xlmr_token_classifier,384.0
vihos_test_387,test,Chén mẻ chứ chén kiểu mẹ gì,,,,,,,,,,,"[0, 1, 2, 3, 4, 5, 6, 12, 13, 14, 15, 22, 23]","[[0, 7], [12, 16], [22, 24]]",Chén mẻ | chén | mẹ,,,"[22, 23]","[[22, 24]]",mẹ,,partial_match,xlmr_token_classifier,387.0
vihos_test_389,test,hiếp tao,,,,,,,,,,,"[0, 1, 2, 3, 4, 5, 6, 7]","[[0, 8]]",hiếp tao,,,"[0, 1, 2, 3, 5, 6, 7]","[[0, 4], [5, 8]]",hiếp | tao,,partial_match,xlmr_token_classifier,389.0
vihos_test_390,test,Đây là quần què à,,,,,,,,,,,"[7, 8, 9, 10, 11, 12, 13, 14]","[[7, 15]]",quần què,,,"[7, 8, 9, 10, 12, 13, 14]","[[7, 11], [12, 15]]",quần | què,,partial_match,xlmr_token_classifier,390.0
vihos_test_393,test,Rank Việt Nam mà yasuo tt6 tt5 thì del phải người Việt Nam r,,,,,,,,,,,"[35, 36, 37]","[[35, 38]]",del,,,[],[],,,false_negative,xlmr_token_classifier,393.0
vihos_test_394,test,8 keo đang vật vã với 29 thứ tiếng rồi nên không làm phụ bếp được nữa kaka,,,,,,,,,,,"[6, 7, 8, 9, 10, 11, 12, 13, 14, 15, 16, 17, 18, 19, 20, 21, 22, 23, 24, 25, 26, 27, 28, 29, 30, 31, 32, 33, 34, 35, 36, 37, 38, 39, 40, 41, 42, 43, 44, 45, 46, 47, 48, 49, 50, 51, 52, 53, 54, 55, 56, 57, 58, 59, 60, 61, 62, 63, 64, 65, 66, 67, 68]","[[6, 69]]",đang vật vã với 29 thứ tiếng rồi nên không làm phụ bếp được nữa,,,[],[],,,false_negative,xlmr_token_classifier,394.0
vihos_test_396,test,Cái mặt đàn ông cái tiếng đàn bà bán nam bán nữ,,,,,,,,,,,"[0, 1, 2, 3, 4, 5, 6, 7, 8, 9, 10, 11, 12, 13, 14, 15, 16, 17, 18, 19, 20, 21, 22, 23, 24, 25, 26, 27, 28, 29, 30, 31, 32, 33, 34, 35, 36, 37, 38, 39, 40, 41, 42, 43, 44, 45, 46]","[[0, 47]]",Cái mặt đàn ông cái tiếng đàn bà bán nam bán nữ,,,"[8, 9, 10, 12, 13, 14, 20, 21, 22, 23, 24, 26, 27, 28, 30, 31, 33, 34, 35, 37, 38, 39, 41, 42, 43, 45, 46]","[[8, 11], [12, 15], [20, 25], [26, 29], [30, 32], [33, 36], [37, 40], [41, 44], [45, 47]]",đàn | ông | tiếng | đàn | bà | bán | nam | bán | nữ,,partial_match,xlmr_token_classifier,396.0
vihos_test_398,test,Nguyễn Định mất não be like,,,,,,,,,,,[],[],,,,"[12, 13, 14, 16, 17, 18]","[[12, 15], [16, 19]]",mất | não,,false_positive,xlmr_token_classifier,398.0
vihos_test_399,test,tội cho má nó...nghe nó nói vầy đau l... phải biết !,,,,,,,,,,,"[11, 12, 21, 22, 36]","[[11, 13], [21, 23], [36, 37]]",nó | nó | l,,,"[8, 9, 11, 12, 21, 22, 36]","[[8, 10], [11, 13], [21, 23], [36, 37]]",má | nó | nó | l,,partial_match,xlmr_token_classifier,399.0
vihos_test_400,test,Hàn quốc thuợng đẳng lắm mọi người đừng lo cho Hàn Quốc nha,,,,,,,,,,,"[0, 1, 2, 3, 4, 5, 6, 7, 8, 9, 10, 11, 12, 13, 14, 15, 16, 17, 18, 19]","[[0, 20]]",Hàn quốc thuợng đẳng,,,[],[],,,false_negative,xlmr_token_classifier,400.0
vihos_test_402,test,Nguyễn Thuận trước khi phát ngôn ko chịu suy nghĩ xem chủ tus nó nói gì...thì ăn chửi là đúng thằng ngu ạ :)),,,,,,,,,,,"[62, 63, 81, 82, 83, 84, 94, 95, 96, 97, 98, 99, 100, 101, 102]","[[62, 64], [81, 85], [94, 103]]",nó | chửi | thằng ngu,,,"[62, 63, 81, 82, 83, 84, 94, 95, 96, 97, 98, 100, 101, 102]","[[62, 64], [81, 85], [94, 99], [100, 103]]",nó | chửi | thằng | ngu,,partial_match,xlmr_token_classifier,402.0
vihos_test_407,test,"@Ngoc Quynh Nhu Nguyen Thằng lồn cha với con đĩ mẹ mày không biết dạy mày nên mày mới dựng lồn lên xem vào chuyện của người khác, bộ tao ăn hết của ông nội mày sao mà mày lôi tao vào. Từ đầu tao đâu có lôi tên con đĩ mẹ mày ra nói đâu",,,,,,,,,,,"[23, 24, 25, 26, 27, 28, 29, 30, 31, 41, 42, 43, 44, 45, 46, 47, 48, 49, 50, 51, 52, 53, 55, 56, 57, 58, 59, 60, 61, 62, 63, 64, 65, 66, 67, 68, 70, 71, 72, 78, 79, 80, 86, 87, 88, 89, 90, 91, 92, 93, 133, 134, 135, 137, 138, 139, 140, 141, 142, 143, 144, 145, 146, 147, 148, 149, 150, 151, 152, 153, 154, 155, 156, 157, 158, 167, 168, 169, 175, 176, 177, 191, 192, 193, 210, 211, 212, 213, 214, 215, 216, 217, 218, 219, 220, 221, 222]","[[23, 32], [41, 54], [55, 69], [70, 73], [78, 81], [86, 94], [133, 136], [137, 159], [167, 170], [175, 178], [191, 194], [210, 223]]",Thằng lồn | con đĩ mẹ mày | không biết dạy | mày | mày | dựng lồn | tao | ăn hết của ông nội mày | mày | tao | tao | con đĩ mẹ mày,,,"[23, 24, 25, 26, 27, 29, 30, 31, 33, 34, 35, 41, 42, 43, 45, 46, 48, 49, 51, 52, 53, 55, 56, 57, 58, 59, 61, 62, 63, 64, 66, 67, 68, 70, 71, 72, 78, 79, 80, 86, 87, 88, 89, 91, 92, 93, 133, 134, 135, 137, 138, 140, 141, 142, 144, 145, 146, 148, 149, 150, 152, 153, 154, 156, 157, 158, 167, 168, 169, 175, 176, 177, 191, 192, 193, 210, 211, 212, 214, 215, 217, 218, 220, 221, 222]","[[23, 28], [29, 32], [33, 36], [41, 44], [45, 47], [48, 50], [51, 54], [55, 60], [61, 65], [66, 69], [70, 73], [78, 81], [86, 90], [91, 94], [133, 136], [137, 139], [140, 143], [144, 147], [148, 151], [152, 155], [156, 159], [167, 170], [175, 178], [191, 194], [210, 213], [214, 216], [217, 219], [220, 223]]",Thằng | lồn | cha | con | đĩ | mẹ | mày | không | biết | dạy | mày | mày | dựng | lồn | tao | ăn | hết | của | ông | nội | mày | mày | tao | tao | con | đĩ | mẹ | mày,,partial_match,xlmr_token_classifier,407.0
vihos_test_408,test,Người có tiếng mặc cái lìn gì chẳng đẹp . Người bt nó bảo là điên,,,,,,,,,,,"[23, 24, 25, 51, 52, 61, 62, 63, 64]","[[23, 26], [51, 53], [61, 65]]",lìn | nó | điên,,,"[23, 24, 25, 27, 28, 30, 31, 32, 33, 34, 51, 52, 61, 62, 63, 64]","[[23, 26], [27, 29], [30, 35], [51, 53], [61, 65]]",lìn | gì | chẳng | nó | điên,,partial_match,xlmr_token_classifier,408.0
vihos_test_411,test,Fl duck.fuu mình trả bằng pos.142,,,,,,,,,,,[],[],,,,"[0, 1]","[[0, 2]]",Fl,,false_positive,xlmr_token_classifier,411.0
vihos_test_413,test,Ad ăn phân con j mà ngu thế......????,,,,,,,,,,,"[6, 7, 8, 9, 20, 21, 22]","[[6, 10], [20, 23]]",phân | ngu,,,"[3, 4, 6, 7, 8, 9, 11, 12, 13, 15, 20, 21, 22]","[[3, 5], [6, 10], [11, 14], [15, 16], [20, 23]]",ăn | phân | con | j | ngu,,partial_match,xlmr_token_classifier,413.0
vihos_test_414,test,Thu Hít k nghe thì thou bớt khịa dùm.,,,,,,,,,,,"[28, 29, 30, 31]","[[28, 32]]",khịa,,,[],[],,,false_negative,xlmr_token_classifier,414.0
vihos_test_415,test,Oh shjt,,,,,,,,,,,"[3, 4, 5, 6]","[[3, 7]]",shjt,,,[],[],,,false_negative,xlmr_token_classifier,415.0
vihos_test_416,test,Cười vô mặt mày một cái... cặn bã ạ... hãy tự biến mất luôn đi,,,,,,,,,,,"[12, 13, 14, 27, 28, 29, 30, 31, 32, 39, 40, 41, 42, 43, 44, 45, 46, 47, 48, 49, 50, 51, 52, 53, 54, 55, 56, 57, 58, 59, 60, 61]","[[12, 15], [27, 33], [39, 62]]",mày | cặn bã | hãy tự biến mất luôn đi,,,"[8, 9, 10, 12, 13, 14, 27, 28, 29, 31, 32, 46, 47, 48, 49, 51, 52, 53]","[[8, 11], [12, 15], [27, 30], [31, 33], [46, 50], [51, 54]]",mặt | mày | cặn | bã | biến | mất,,partial_match,xlmr_token_classifier,416.0
vihos_test_417,test,Tại sao những đứa như này lại tồn tại trong khi những người tốt thì lại bị tan nạn & mất mạng vì lũ lụt mà méo do thiên tai gây ra nhể ???,,,,,,,,,,,"[14, 15, 16, 107, 108, 109]","[[14, 17], [107, 110]]",đứa | méo,,,"[8, 9, 10, 11, 12, 14, 15, 16, 75, 76, 77, 79, 80, 81, 85, 86, 87, 89, 90, 91, 92, 107, 108, 109]","[[8, 13], [14, 17], [75, 78], [79, 82], [85, 88], [89, 93], [107, 110]]",những | đứa | tan | nạn | mất | mạng | méo,,partial_match,xlmr_token_classifier,417.0
vihos_test_418,test,Cám ơn đảng. Cám ơn nhà nc 😏,,,,,,,,,,,[],[],,,,[27],"[[27, 28]]",😏,,false_positive,xlmr_token_classifier,418.0
vihos_test_419,test,Trần Thị Ngọc Anh t chỉ nói k biết thực hư thế nào thì đừng cào phím.còn t cmt cho vui thôi.động gì đến mồ mả nhà bạn đâu mà dựng lông lên thế.,,,,,,,,,,,"[18, 60, 61, 62, 63, 64, 65, 66, 67, 73, 104, 105, 106, 107, 108, 125, 126, 127, 128, 129, 130, 131, 132, 133]","[[18, 19], [60, 68], [73, 74], [104, 109], [125, 134]]",t | cào phím | t | mồ mả | dựng lông,,,"[18, 73, 92, 93, 94, 95, 97, 98, 100, 101, 102, 104, 105, 107, 108, 110, 111, 112, 114, 115, 116, 125, 126, 127, 128, 130, 131, 132, 133, 135, 136, 137]","[[18, 19], [73, 74], [92, 96], [97, 99], [100, 103], [104, 106], [107, 109], [110, 113], [114, 117], [125, 129], [130, 134], [135, 138]]",t | t | động | gì | đến | mồ | mả | nhà | bạn | dựng | lông | lên,,partial_match,xlmr_token_classifier,419.0
vihos_test_424,test,Cân thận nó lại keu phản động :v,,,,,,,,,,,"[9, 10, 20, 21, 22, 23, 24, 25, 26, 27, 28]","[[9, 11], [20, 29]]",nó | phản động,,,"[9, 10, 18, 20, 21, 22, 23, 25, 26, 27, 28]","[[9, 11], [18, 19], [20, 24], [25, 29]]",nó | u | phản | động,,partial_match,xlmr_token_classifier,424.0
vihos_test_426,test,"Toi dong y cung quan diem  voi ong  nhung  chua het dau  toi cung chac voi ong se con nhung cai tham cao  doc hai khong bao ngo duoc neu co duoc quyen  toi se tieu diet  tau ,hay xoa sach het tau, the gioi  moi binh yen  ,toi khong phai la nguoi  co tai , nhung chac Chan bon tau da am muu dung nhu vay   Dung dung vay",,,,,,,,,,,"[96, 97, 98, 99, 100, 101, 102, 103, 104, 105, 106, 107, 108, 109, 110, 111, 112, 159, 160, 161, 162, 163, 164, 165, 166, 167, 179, 180, 181, 182, 183, 184, 185, 186, 272, 273, 274]","[[96, 113], [159, 168], [179, 187], [272, 275]]",tham cao  doc hai | tieu diet | xoa sach | bon,,,"[52, 53, 54, 75, 76, 77, 79, 80, 82, 83, 84, 96, 97, 98, 99, 101, 102, 103, 159, 160, 161, 162, 164, 165, 166, 167]","[[52, 55], [75, 78], [79, 81], [82, 85], [96, 100], [101, 104], [159, 163], [164, 168]]",dau | ong | se | con | tham | cao | tieu | diet,,partial_match,xlmr_token_classifier,426.0
vihos_test_427,test,Admin đánh rơi não trước khi đăng bài này?,,,,,,,,,,,"[6, 7, 8, 9, 10, 11, 12, 13, 14, 15, 16, 17]","[[6, 18]]",đánh rơi não,,,"[6, 7, 8, 9, 11, 12, 13, 15, 16, 17]","[[6, 10], [11, 14], [15, 18]]",đánh | rơi | não,,partial_match,xlmr_token_classifier,427.0
vihos_test_430,test,Câu cữa miệng đụ má nó 😁,,,,,,,,,,,"[14, 15, 16, 17, 18, 19, 20, 21]","[[14, 22]]",đụ má nó,,,"[5, 6, 8, 9, 10, 11, 12, 14, 15, 17, 18, 20, 21]","[[5, 7], [8, 13], [14, 16], [17, 19], [20, 22]]",ữa | miệng | đụ | má | nó,,partial_match,xlmr_token_classifier,430.0
vihos_test_433,test,Mồm loz adm ns ngu bm.,,,,,,,,,,,"[0, 1, 2, 3, 4, 5, 6, 15, 16, 17, 18, 19, 20]","[[0, 7], [15, 21]]",Mồm loz | ngu bm,,,"[0, 1, 2, 4, 5, 6, 15, 16, 17, 19, 20]","[[0, 3], [4, 7], [15, 18], [19, 21]]",Mồm | loz | ngu | bm,,partial_match,xlmr_token_classifier,433.0
vihos_test_436,test,ditme tối nay ao làng anh ơi,,,,,,,,,,,[],[],,,,"[0, 1, 2, 3, 4]","[[0, 5]]",ditme,,false_positive,xlmr_token_classifier,436.0
vihos_test_439,test,84% tham nhũng :),,,,,,,,,,,"[0, 1, 2, 3, 4, 5, 6, 7, 8, 9, 10, 11, 12, 13]","[[0, 14]]",84% tham nhũng,,,"[4, 5, 6, 7, 9, 10, 11, 12, 13]","[[4, 8], [9, 14]]",tham | nhũng,,partial_match,xlmr_token_classifier,439.0
vihos_test_441,test,Hot link em gái ngon ngọt nước cho ae nè,,,,,,,,,,,"[9, 10, 11, 12, 13, 14, 15, 16, 17, 18, 19, 20, 21, 22, 23, 24, 25, 26, 27, 28, 29]","[[9, 30]]",em gái ngon ngọt nước,,,[],[],,,false_negative,xlmr_token_classifier,441.0
vihos_test_443,test,đến cức tôi còn nhìn lần cuối rồi xả nước chứ như bọn hàn quắc đéo bh xem phim,,,,,,,,,,,"[4, 5, 6, 50, 51, 52, 54, 55, 56, 57, 58, 59, 60, 61, 63, 64, 65]","[[4, 7], [50, 53], [54, 62], [63, 66]]",cức | bọn | hàn quắc | đéo,,,"[4, 5, 6, 34, 35, 37, 38, 39, 40, 50, 51, 52, 63, 64, 65]","[[4, 7], [34, 36], [37, 41], [50, 53], [63, 66]]",cức | xả | nước | bọn | đéo,,partial_match,xlmr_token_classifier,443.0
vihos_test_446,test,toàn chó k,,,,,,,,,,,"[5, 6, 7]","[[5, 8]]",chó,,,"[5, 6, 7, 9]","[[5, 8], [9, 10]]",chó | k,,partial_match,xlmr_token_classifier,446.0
vihos_test_447,test,địt cụ m thành lê nhé,,,,,,,,,,,"[0, 1, 2, 3, 4, 5, 6, 7]","[[0, 8]]",địt cụ m,,,"[0, 1, 2, 4, 5, 7]","[[0, 3], [4, 6], [7, 8]]",địt | cụ | m,,partial_match,xlmr_token_classifier,447.0
vihos_test_448,test,Nể mấy đứa cmt kêu ghép :> Ghép ghép cl nekk chứ ghép,,,,,,,,,,,"[7, 8, 9, 37, 38]","[[7, 10], [37, 39]]",đứa | cl,,,"[37, 38]","[[37, 39]]",cl,,partial_match,xlmr_token_classifier,448.0
vihos_test_454,test,Phạm Văn Lộc con đỉ mẹ mày tus nào cũng thấy liếm fame,,,,,,,,,,,"[13, 14, 15, 16, 17, 18, 19, 20, 21, 22, 23, 24, 25, 45, 46, 47, 48, 49, 50, 51, 52, 53]","[[13, 26], [45, 54]]",con đỉ mẹ mày | liếm fame,,,"[13, 14, 15, 17, 18, 20, 21, 23, 24, 25, 27, 28, 29, 45, 46, 47, 48, 50, 51, 52, 53]","[[13, 16], [17, 19], [20, 22], [23, 26], [27, 30], [45, 49], [50, 54]]",con | đỉ | mẹ | mày | tus | liếm | fame,,partial_match,xlmr_token_classifier,454.0
vihos_test_457,test,Nhìn ngok nghếch vcđ,,,,,,,,,,,"[5, 6, 7, 8, 9, 10, 11, 12, 13, 14, 15, 17, 18, 19]","[[5, 16], [17, 20]]",ngok nghếch | vcđ,,,"[17, 18, 19]","[[17, 20]]",vcđ,,partial_match,xlmr_token_classifier,457.0
vihos_test_458,test,Đéo thấy thằng ad giúp ai dc cái cc j mà toàn ở đó bô lô ba la nhãm cức,,,,,,,,,,,"[0, 1, 2, 9, 10, 11, 12, 13, 33, 34, 51, 52, 53, 54, 55, 56, 57, 58, 59, 60, 61, 63, 64, 65, 66, 67, 68, 69, 70]","[[0, 3], [9, 14], [33, 35], [51, 62], [63, 71]]",Đéo | thằng | cc | bô lô ba la | nhãm cức,,,"[0, 1, 2, 9, 10, 11, 12, 13, 33, 34, 51, 52, 54, 55, 57, 58, 60, 61, 63, 64, 65, 66, 68, 69, 70]","[[0, 3], [9, 14], [33, 35], [51, 53], [54, 56], [57, 59], [60, 62], [63, 67], [68, 71]]",Đéo | thằng | cc | bô | lô | ba | la | nhãm | cức,,partial_match,xlmr_token_classifier,458.0
vihos_test_459,test,đơn phương là tự nguyện đau là âm thầm nhớ :)))) gán chịu đi dmm mi,,,,,,,,,,,"[61, 62, 63]","[[61, 64]]",dmm,,,"[49, 50, 51, 61, 62, 63, 65, 66]","[[49, 52], [61, 64], [65, 67]]",gán | dmm | mi,,partial_match,xlmr_token_classifier,459.0
vihos_test_463,test,Tóc tai như cái lông chổi :v,,,,,,,,,,,"[0, 1, 2, 3, 4, 5, 6, 7, 8, 9, 10, 11, 12, 13, 14, 15, 16, 17, 18, 19, 20, 21, 22, 23, 24]","[[0, 25]]",Tóc tai như cái lông chổi,,,"[8, 9, 10, 12, 13, 14, 16, 17, 18, 19, 21, 22, 23, 24]","[[8, 11], [12, 15], [16, 20], [21, 25]]",như | cái | lông | chổi,,partial_match,xlmr_token_classifier,463.0
vihos_test_465,test,thằng lồn này chỉ biết tham Mu chứ biết cc gì,,,,,,,,,,,"[0, 1, 2, 3, 4, 5, 6, 7, 8, 23, 24, 25, 26, 27, 28, 29, 40, 41]","[[0, 9], [23, 30], [40, 42]]",thằng lồn | tham Mu | cc,,,"[0, 1, 2, 3, 4, 6, 7, 8, 23, 24, 25, 26, 28, 29, 40, 41]","[[0, 5], [6, 9], [23, 27], [28, 30], [40, 42]]",thằng | lồn | tham | Mu | cc,,partial_match,xlmr_token_classifier,465.0
vihos_test_467,test,Dm anh xấu vl. Mé,,,,,,,,,,,"[0, 1, 7, 8, 9, 10, 11, 12, 15, 16]","[[0, 2], [7, 13], [15, 17]]",Dm | xấu vl | Mé,,,"[0, 1, 7, 8, 9, 11, 12, 15, 16]","[[0, 2], [7, 10], [11, 13], [15, 17]]",Dm | xấu | vl | Mé,,partial_match,xlmr_token_classifier,467.0
vihos_test_470,test,Bán dân để trá nợ,,,,,,,,,,,"[0, 1, 2, 3, 4, 5, 6, 7, 8, 9, 10, 11, 12, 13, 14, 15, 16]","[[0, 17]]",Bán dân để trá nợ,,,"[0, 1, 2, 4, 5, 6, 8, 9, 11, 12, 13, 15, 16]","[[0, 3], [4, 7], [8, 10], [11, 14], [15, 17]]",Bán | dân | để | trá | nợ,,partial_match,xlmr_token_classifier,470.0
vihos_test_472,test,Ông Thầy này muốn ngủ gầm cầu lắm rồy nè !!!!!!,,,,,,,,,,,"[18, 19, 20, 21, 22, 23, 24, 25, 26, 27, 28]","[[18, 29]]",ngủ gầm cầu,,,[],[],,,false_negative,xlmr_token_classifier,472.0
vihos_test_473,test,Khổ quá,,,,,,,,,,,"[0, 1, 2]","[[0, 3]]",Khổ,,,[],[],,,false_negative,xlmr_token_classifier,473.0
vihos_test_474,test,Mạng mẽo như đầu b 😏,,,,,,,,,,,"[13, 14, 15, 16, 17, 19]","[[13, 18], [19, 20]]",đầu b | 😏,,,"[0, 1, 2, 3, 5, 6, 7, 9, 10, 11, 13, 14, 15, 17, 19]","[[0, 4], [5, 8], [9, 12], [13, 16], [17, 18], [19, 20]]",Mạng | mẽo | như | đầu | b | 😏,,partial_match,xlmr_token_classifier,474.0
vihos_test_475,test,Kênh như con c,,,,,,,,,,,[13],"[[13, 14]]",c,,,"[9, 10, 11, 13]","[[9, 12], [13, 14]]",con | c,,partial_match,xlmr_token_classifier,475.0
vihos_test_478,test,Máu cộng sản ăn vào người rùi nên vậy.,,,,,,,,,,,[],[],,,,"[0, 1, 2, 13, 14, 16, 17, 18, 20, 21, 22, 23, 24]","[[0, 3], [13, 15], [16, 19], [20, 25]]",Máu | ăn | vào | người,,false_positive,xlmr_token_classifier,478.0
vihos_test_481,test,Gu thời trang gạ địt à 😀,,,,,,,,,,,"[14, 15, 16, 17, 18, 19]","[[14, 20]]",gạ địt,,,"[14, 15, 17, 18, 19]","[[14, 16], [17, 20]]",gạ | địt,,partial_match,xlmr_token_classifier,481.0
vihos_test_486,test,Yêu Thầy Ba vãi cẹt 😚,,,,,,,,,,,"[12, 13, 14, 15, 16, 17, 18]","[[12, 19]]",vãi cẹt,,,"[12, 13, 14, 16, 17, 18]","[[12, 15], [16, 19]]",vãi | cẹt,,partial_match,xlmr_token_classifier,486.0
vihos_test_489,test,Lợi cái đầu buồi j hả,,,,,,,,,,,"[8, 9, 10, 11, 12, 13, 14, 15]","[[8, 16]]",đầu buồi,,,"[8, 9, 10, 12, 13, 14, 15]","[[8, 11], [12, 16]]",đầu | buồi,,partial_match,xlmr_token_classifier,489.0
vihos_test_492,test,Phạm Đăng the mat nước do roi ma k biet ngu ma con kich voi dong,,,,,,,,,,,"[14, 15, 16, 17, 18, 19, 20, 21, 22, 41, 42, 43]","[[14, 23], [41, 44]]",mat nước | ngu,,,"[41, 42, 43, 48, 49, 50, 52, 53, 54, 55, 61, 62, 63, 64]","[[41, 44], [48, 51], [52, 56], [61, 65]]",ngu | con | kich | dong,,partial_match,xlmr_token_classifier,492.0
vihos_test_493,test,Hi bức xúc quá không chịu được phải chửi cho hả hơi,,,,,,,,,,,[],[],,,,"[36, 37, 38, 39]","[[36, 40]]",chửi,,false_positive,xlmr_token_classifier,493.0
vihos_test_495,test,Nam Thành cmt của ông kia chỉ mang tính chất vả vào mồm mấy đứa tự nhục lúc nào cũng nói nhật là số 1 nhật là is the best từ đó cho ta thấy thì nhật cũng chẳng phải tốt đẹp lắm,,,,,,,,,,,"[45, 46, 60, 61, 62, 64, 65, 66, 67, 68, 69, 70]","[[45, 47], [60, 63], [64, 71]]",vả | đứa | tự nhục,,,"[45, 46, 52, 53, 54, 60, 61, 62, 64, 65, 67, 68, 69, 70]","[[45, 47], [52, 55], [60, 63], [64, 66], [67, 71]]",vả | mồm | đứa | tự | nhục,,partial_match,xlmr_token_classifier,495.0
vihos_test_497,test,Chụt Chụt thông kiểu đéo gì =)) toang thật sự r,,,,,,,,,,,"[10, 11, 12, 13, 14, 21, 22, 23, 32, 33, 34, 35, 36]","[[10, 15], [21, 24], [32, 37]]",thông | đéo | toang,,,"[21, 22, 23]","[[21, 24]]",đéo,,partial_match,xlmr_token_classifier,497.0
vihos_test_503,test,"Có thể là do thế lực thù địch lợi dụng những hôm đêm tối đã ra đào bới bờ kè, khiến cho bờ kè bị sạt lở. Đây là 1 trong những chiêu trò kích động người dân của bè lũ phản động. :3",,,,,,,,,,,"[126, 127, 128, 129, 130, 131, 132, 133, 134, 135, 136, 137, 138, 139, 140, 141, 142, 143, 144, 160, 161, 162, 163, 164, 165, 166, 167, 168, 169, 170, 171, 172, 173, 174]","[[126, 145], [160, 175]]",chiêu trò kích động | bè lũ phản động,,,"[136, 137, 138, 139, 141, 142, 143, 144, 160, 161, 163, 164, 166, 167, 168, 169, 171, 172, 173, 174]","[[136, 140], [141, 145], [160, 162], [163, 165], [166, 170], [171, 175]]",kích | động | bè | lũ | phản | động,,partial_match,xlmr_token_classifier,503.0
vihos_test_504,test,toàn các cô gái ngồi xổm trym quệt đất ạ..,,,,,,,,,,,"[25, 26, 27, 28]","[[25, 29]]",trym,,,[],[],,,false_negative,xlmr_token_classifier,504.0
vihos_test_507,test,"Dạo này bệnh lợn tả châu phi tạm yên !! Bây giờ lại bắt đầu bệnh bò điên hoang tưởng , rối loạn phân liệt ông giáo ạh ! Thế có nguy ko chứ",,,,,,,,,,,"[65, 66, 67, 68, 69, 70, 71, 72, 73, 74, 75, 76, 77, 78, 79, 80, 81, 82, 83]","[[65, 84]]",bò điên hoang tưởng,,,"[13, 14, 15, 17, 18, 65, 66, 68, 69, 70, 71, 73, 74, 75, 76, 77, 79, 80, 81, 82, 83, 87, 88, 89, 91, 92, 93, 94]","[[13, 16], [17, 19], [65, 67], [68, 72], [73, 78], [79, 84], [87, 90], [91, 95]]",lợn | tả | bò | điên | hoang | tưởng | rối | loạn,,partial_match,xlmr_token_classifier,507.0
vihos_test_508,test,Kiếp này coi như bỏ,,,,,,,,,,,[],[],,,,"[0, 1, 2, 3, 17, 18]","[[0, 4], [17, 19]]",Kiếp | bỏ,,false_positive,xlmr_token_classifier,508.0
vihos_test_512,test,Danh cho banh cai lon luông con lin loc,,,,,,,,,,,"[0, 1, 2, 3, 14, 15, 16, 17, 18, 19, 20, 28, 29, 30]","[[0, 4], [14, 21], [28, 31]]",Danh | cai lon | con,,,"[18, 19, 20, 28, 29, 30, 32, 33, 34, 36, 37, 38]","[[18, 21], [28, 31], [32, 35], [36, 39]]",lon | con | lin | loc,,partial_match,xlmr_token_classifier,512.0
vihos_test_514,test,Cs toàn bọn nói láo,,,,,,,,,,,"[8, 9, 10, 12, 13, 14, 15, 16, 17, 18]","[[8, 11], [12, 19]]",bọn | nói láo,,,"[0, 1, 8, 9, 10, 12, 13, 14, 16, 17, 18]","[[0, 2], [8, 11], [12, 15], [16, 19]]",Cs | bọn | nói | láo,,partial_match,xlmr_token_classifier,514.0
vihos_test_515,test,Dell còn gì để nói :3,,,,,,,,,,,"[0, 1, 2, 3]","[[0, 4]]",Dell,,,[],[],,,false_negative,xlmr_token_classifier,515.0
vihos_test_516,test,Sắp xuống lỗ rồi,,,,,,,,,,,"[4, 5, 6, 7, 8, 9, 10, 11]","[[4, 12]]",xuống lỗ,,,[],[],,,false_negative,xlmr_token_classifier,516.0
vihos_test_520,test,Cái bọn trẻ trâu miền bắc hô hô miệng Việt kiều hàn mang bịnh dìa. R bảo viết thì nói chung chung Việt kiều.,,,,,,,,,,,"[0, 1, 2, 3, 4, 5, 6, 7, 8, 9, 10, 11, 12, 13, 14, 15]","[[0, 16]]",Cái bọn trẻ trâu,,,"[4, 5, 6, 8, 9, 10, 12, 13, 14, 15, 57, 58, 59, 60, 62, 63, 64]","[[4, 7], [8, 11], [12, 16], [57, 61], [62, 65]]",bọn | trẻ | trâu | bịnh | dìa,,partial_match,xlmr_token_classifier,520.0
vihos_test_526,test,con linh này nói tục ko có duyên đồ mất nết 😎,,,,,,,,,,,"[0, 1, 2, 17, 18, 19, 33, 34, 35, 36, 37, 38, 39, 40, 41, 42]","[[0, 3], [17, 20], [33, 43]]",con | tục | đồ mất nết,,,"[0, 1, 2, 36, 37, 38, 40, 41, 42]","[[0, 3], [36, 39], [40, 43]]",con | mất | nết,,partial_match,xlmr_token_classifier,526.0
vihos_test_530,test,Từ bi mà chửi đụ má đụ mẹ,,,,,,,,,,,"[9, 10, 11, 12, 14, 15, 16, 17, 18, 19, 20, 21, 22, 23, 24]","[[9, 13], [14, 25]]",chửi | đụ má đụ mẹ,,,"[9, 10, 11, 12, 14, 15, 17, 18, 20, 21, 23, 24]","[[9, 13], [14, 16], [17, 19], [20, 22], [23, 25]]",chửi | đụ | má | đụ | mẹ,,partial_match,xlmr_token_classifier,530.0
vihos_test_533,test,Chụp hình sao ngủ vậyy mẹ mít =))),,,,,,,,,,,[],[],,,,"[23, 24, 26, 27, 28]","[[23, 25], [26, 29]]",mẹ | mít,,false_positive,xlmr_token_classifier,533.0
vihos_test_535,test,mẹ nó sủa nge mà thối qúa trời,,,,,,,,,,,"[0, 1, 2, 3, 4, 5, 6, 7, 8, 17, 18, 19, 20]","[[0, 9], [17, 21]]",mẹ nó sủa | thối,,,"[0, 1, 3, 4, 6, 7, 8, 10, 11, 12, 17, 18, 19, 20]","[[0, 2], [3, 5], [6, 9], [10, 13], [17, 21]]",mẹ | nó | sủa | nge | thối,,partial_match,xlmr_token_classifier,535.0
vihos_test_536,test,hồi nhỏ tính để tóc như khánh phương akira hkt như vầy nhưng mẹ không cho lớn lên mới biết tuổi trẻ ai cũng mất sai lầm:v,,,,,,,,,,,[],[],,,,"[116, 117, 118]","[[116, 119]]",lầm,,false_positive,xlmr_token_classifier,536.0
vihos_test_538,test,Trong một diễn biến khác. Lại có cờ mẫu quốc phấp phới đâu đây,,,,,,,,,,,[],[],,,,"[33, 34, 36, 37, 38, 40, 41, 42, 43, 45, 46, 47, 48, 50, 51, 52, 53]","[[33, 35], [36, 39], [40, 44], [45, 49], [50, 54]]",cờ | mẫu | quốc | phấp | phới,,false_positive,xlmr_token_classifier,538.0
vihos_test_541,test,bóng già chuyển giới. CÔ CÔ nghe mắc ỉa. súc vật lũ bongs chó tởm lợm,,,,,,,,,,,"[0, 1, 2, 3, 4, 5, 6, 7, 8, 9, 10, 11, 12, 13, 14, 15, 16, 17, 18, 19, 37, 38, 41, 42, 43, 44, 45, 46, 47, 49, 50, 51, 52, 53, 54, 55, 56, 57, 58, 59, 60, 62, 63, 64, 65, 66, 67, 68]","[[0, 20], [37, 39], [41, 48], [49, 61], [62, 69]]",bóng già chuyển giới | ỉa | súc vật | lũ bongs chó | tởm lợm,,,"[0, 1, 2, 3, 5, 6, 7, 22, 23, 25, 26, 33, 34, 35, 37, 38, 41, 42, 43, 45, 46, 47, 49, 50, 52, 53, 54, 55, 56, 58, 59, 60, 62, 63, 64, 66, 67, 68]","[[0, 4], [5, 8], [22, 24], [25, 27], [33, 36], [37, 39], [41, 44], [45, 48], [49, 51], [52, 57], [58, 61], [62, 65], [66, 69]]",bóng | già | CÔ | CÔ | mắc | ỉa | súc | vật | lũ | bongs | chó | tởm | lợm,,partial_match,xlmr_token_classifier,541.0
vihos_test_542,test,Loanh quanh đằng đít lại đằng đầu . Vẫn là một lũ xạo loz với nhau . Giờ khó kiếm ăn quay Ra cắn xé,,,,,,,,,,,"[12, 13, 14, 15, 16, 17, 18, 19, 20, 21, 22, 23, 24, 25, 26, 27, 28, 29, 30, 31, 32, 47, 48, 49, 50, 51, 52, 53, 54, 55, 56, 73, 74, 75, 76, 77, 78, 79, 80, 81, 82, 83, 84, 85, 86, 87, 88, 89, 90, 91, 92, 93, 94, 95, 96, 97, 98]","[[12, 33], [47, 57], [73, 99]]",đằng đít lại đằng đầu | lũ xạo loz | khó kiếm ăn quay Ra cắn xé,,,"[12, 13, 14, 15, 17, 18, 19, 21, 22, 23, 25, 26, 27, 28, 30, 31, 32, 47, 48, 50, 51, 52, 54, 55, 56, 93, 94, 95, 97, 98]","[[12, 16], [17, 20], [21, 24], [25, 29], [30, 33], [47, 49], [50, 53], [54, 57], [93, 96], [97, 99]]",đằng | đít | lại | đằng | đầu | lũ | xạo | loz | cắn | xé,,partial_match,xlmr_token_classifier,542.0
vihos_test_544,test,"Xam quá đi , gặp mấy con quỷ khùng cười muốn sạc luôn",,,,,,,,,,,"[0, 1, 2, 21, 22, 23, 24, 25, 26, 27, 29, 30, 31, 32, 33]","[[0, 3], [21, 28], [29, 34]]",Xam | con quỷ | khùng,,,"[0, 1, 2, 21, 22, 23, 25, 26, 27, 29, 30, 31, 32, 33]","[[0, 3], [21, 24], [25, 28], [29, 34]]",Xam | con | quỷ | khùng,,partial_match,xlmr_token_classifier,544.0
vihos_test_545,test,Ngu na noi tren troi duoi dat k,,,,,,,,,,,"[0, 1, 2, 7, 8, 9, 10, 11, 12, 13, 14, 15, 16, 17, 18, 19, 20, 21, 22, 23, 24, 25, 26, 27, 28]","[[0, 3], [7, 29]]",Ngu | noi tren troi duoi dat,,,[],[],,,false_negative,xlmr_token_classifier,545.0
vihos_test_548,test,Chậm cái l nhanh chậm kệ mẹ ngta đi cmt lắm ăn l àaaaaaaa 🤞🏿,,,,,,,,,,,"[9, 22, 23, 24, 25, 26, 47, 58, 59]","[[9, 10], [22, 27], [47, 48], [58, 60]]",l | kệ mẹ | l | 🤞🏿,,,"[9, 25, 26, 47]","[[9, 10], [25, 27], [47, 48]]",l | mẹ | l,,partial_match,xlmr_token_classifier,548.0
vihos_test_549,test,Ổ mono lớn mở tỷ sốbom,,,,,,,,,,,[],[],,,,"[2, 3, 4, 5, 19, 20, 21]","[[2, 6], [19, 22]]",mono | bom,,false_positive,xlmr_token_classifier,549.0
vihos_test_551,test,Tuấn thượng đẳng :)),,,,,,,,,,,[],[],,,,"[5, 6, 7, 8, 9, 10, 12, 13, 14, 15]","[[5, 11], [12, 16]]",thượng | đẳng,,false_positive,xlmr_token_classifier,551.0
vihos_test_554,test,Lily Trịnh vụt đè tứ quý há hốc mõm,,,,,,,,,,,[],[],,,,"[11, 12, 13, 15, 16, 28, 29, 30, 32, 33, 34]","[[11, 14], [15, 17], [28, 31], [32, 35]]",vụt | đè | hốc | mõm,,false_positive,xlmr_token_classifier,554.0
vihos_test_558,test,Để bố xọc chết con mẹ nó,,,,,,,,,,,"[7, 8, 9, 10, 11, 12, 13, 14, 15, 16, 17, 18, 19, 20, 21, 22, 23, 24, 25]","[[7, 26]]",xọc chết con mẹ nó,,,"[7, 8, 9, 10, 12, 13, 14, 15, 17, 18, 19, 21, 22, 24, 25]","[[7, 11], [12, 16], [17, 20], [21, 23], [24, 26]]",xọc | chết | con | mẹ | nó,,partial_match,xlmr_token_classifier,558.0
vihos_test_559,test,xem giọng cười mình lại chán đéo muốn nói 🤦,,,,,,,,,,,"[24, 25, 26, 27, 29, 30, 31, 42]","[[24, 28], [29, 32], [42, 43]]",chán | đéo | 🤦,,,"[29, 30, 31]","[[29, 32]]",đéo,,partial_match,xlmr_token_classifier,559.0
vihos_test_561,test,Đồ dỡ hơi,,,,,,,,,,,"[0, 1, 2, 3, 4, 5, 6, 7, 8]","[[0, 9]]",Đồ dỡ hơi,,,"[0, 1, 3, 4, 6, 7, 8]","[[0, 2], [3, 5], [6, 9]]",Đồ | dỡ | hơi,,partial_match,xlmr_token_classifier,561.0
vihos_test_563,test,Dân băc minh ko xu đep con cho nay,,,,,,,,,,,"[0, 1, 2, 3, 4, 5, 6, 16, 17, 18, 19, 20, 21, 23, 24, 25, 26, 27, 28, 29]","[[0, 7], [16, 22], [23, 30]]",Dân băc | xu đep | con cho,,,"[20, 21, 23, 24, 25]","[[20, 22], [23, 26]]",ep | con,,partial_match,xlmr_token_classifier,563.0
vihos_test_564,test,"Đm trang này phản động mọi người ạ. THP là doanh nghiệp nhà nước làm gì có chuyện sai trái bao giờ, bọn nó đào bùn lấy cặn đấy.",,,,,,,,,,,"[0, 1, 13, 14, 15, 16, 17, 18, 19, 20, 21, 104, 105, 107, 108, 109, 110, 111, 112, 113, 114, 115, 116, 117, 118, 119, 120, 121]","[[0, 2], [13, 22], [104, 106], [107, 122]]",Đm | phản động | nó | đào bùn lấy cặn,,,"[0, 1, 13, 14, 15, 16, 18, 19, 20, 21, 100, 101, 102, 104, 105, 107, 108, 109, 111, 112, 113, 115, 116, 117, 119, 120, 121]","[[0, 2], [13, 17], [18, 22], [100, 103], [104, 106], [107, 110], [111, 114], [115, 118], [119, 122]]",Đm | phản | động | bọn | nó | đào | bùn | lấy | cặn,,partial_match,xlmr_token_classifier,564.0
vihos_test_565,test,*Tham nhũng kì diệu*,,,,,,,,,,,"[1, 2, 3, 4, 5, 6, 7, 8, 9, 10]","[[1, 11]]",Tham nhũng,,,"[1, 2, 3, 4, 6, 7, 8, 9, 10, 12, 13, 15, 16, 17, 18]","[[1, 5], [6, 11], [12, 14], [15, 19]]",Tham | nhũng | kì | diệu,,partial_match,xlmr_token_classifier,565.0
vihos_test_567,test,Hô hào tuyên truyền quyết tâm phòng dịch nhiều rồi một số người vẫn cố tình kô tuân thủ cách li ô phải dùng tới nắm đấm thôi.....,,,,,,,,,,,"[112, 113, 114, 115, 116, 117, 118]","[[112, 119]]",nắm đấm,,,[],[],,,false_negative,xlmr_token_classifier,567.0
vihos_test_568,test,Nhân cách thua con gấu bông nhà t🙂,,,,,,,,,,,"[0, 1, 2, 3, 4, 5, 6, 7, 8, 9, 10, 11, 12, 13, 14, 15, 16, 17, 18, 19, 20, 21, 22, 23, 24, 25, 26, 32]","[[0, 27], [32, 33]]",Nhân cách thua con gấu bông | t,,,"[0, 1, 2, 3, 5, 6, 7, 8, 10, 11, 12, 13, 15, 16, 17, 19, 20, 21, 23, 24, 25, 26, 32]","[[0, 4], [5, 9], [10, 14], [15, 18], [19, 22], [23, 27], [32, 33]]",Nhân | cách | thua | con | gấu | bông | t,,partial_match,xlmr_token_classifier,568.0
vihos_test_569,test,Đãng và nhà nước cùng tập đòn vtv khẳng định nước đó ko có ruồi nhé . Nên tin vào đãng chứ . Đm bọn cầm quyền .,,,,,,,,,,,"[93, 94, 96, 97, 98]","[[93, 95], [96, 99]]",Đm | bọn,,,"[0, 1, 2, 3, 53, 54, 56, 57, 59, 60, 61, 62, 82, 83, 93, 94, 96, 97, 98]","[[0, 4], [53, 55], [56, 58], [59, 63], [82, 84], [93, 95], [96, 99]]",Đãng | ko | có | ruồi | đã | Đm | bọn,,partial_match,xlmr_token_classifier,569.0
vihos_test_570,test,"Cần gì tâm sự, làm ván pubg r đi ngủ sớm chuẩn bị đón chờ ngày mai khoẻ khoắn",,,,,,,,,,,[],[],,,,"[19, 20, 21, 26]","[[19, 22], [26, 27]]",ván | g,,false_positive,xlmr_token_classifier,570.0
vihos_test_571,test,Sao chúng mày ko nhịn tham ô cửa quyền đi .,,,,,,,,,,,"[4, 5, 6, 7, 8, 9, 10, 11, 12, 22, 23, 24, 25, 26, 27, 28, 29, 30, 31, 32, 33, 34, 35, 36, 37]","[[4, 13], [22, 38]]",chúng mày | tham ô cửa quyền,,,"[4, 5, 6, 7, 8, 10, 11, 12, 22, 23, 24, 25, 27, 29, 30, 31, 33, 34, 35, 36, 37]","[[4, 9], [10, 13], [22, 26], [27, 28], [29, 32], [33, 38]]",chúng | mày | tham | ô | cửa | quyền,,partial_match,xlmr_token_classifier,571.0
vihos_test_573,test,Con nay noi chuyen qua la mat day CDM phai cho con nay mot bai hoc nho doi,,,,,,,,,,,"[0, 1, 2, 3, 4, 5, 6, 26, 27, 28, 29, 30, 31, 32, 47, 48, 49, 50, 51, 52, 53]","[[0, 7], [26, 33], [47, 54]]",Con nay | mat day | con nay,,,"[0, 1, 2, 12, 13, 14, 15, 16, 17, 26, 27, 28]","[[0, 3], [12, 18], [26, 29]]",Con | chuyen | mat,,partial_match,xlmr_token_classifier,573.0
vihos_test_575,test,Chi ba bi ngao đa ha chi 3,,,,,,,,,,,"[10, 11, 12, 13, 14, 15, 16]","[[10, 17]]",ngao đa,,,[],[],,,false_negative,xlmr_token_classifier,575.0
vihos_test_576,test,Bt các bạn phan cuồng chửi vậy mik đã ko nêu ra ý kiến cá nhân,,,,,,,,,,,[],[],,,,"[22, 23, 24, 25]","[[22, 26]]",chửi,,false_positive,xlmr_token_classifier,576.0
vihos_test_578,test,Mặt quần biết khùng,,,,,,,,,,,"[14, 15, 16, 17, 18]","[[14, 19]]",khùng,,,"[0, 1, 2, 4, 5, 6, 7, 9, 10, 11, 12, 14, 15, 16, 17, 18]","[[0, 3], [4, 8], [9, 13], [14, 19]]",Mặt | quần | biết | khùng,,partial_match,xlmr_token_classifier,578.0
vihos_test_581,test,chị vạch loz ra cho em xem vs,,,,,,,,,,,"[4, 5, 6, 7, 8, 9, 10, 11]","[[4, 12]]",vạch loz,,,"[9, 10, 11]","[[9, 12]]",loz,,partial_match,xlmr_token_classifier,581.0
vihos_test_583,test,"Ổng tư tưởng tiến bộ lên rồi, hết 3 que r",,,,,,,,,,,"[34, 35, 36, 37, 38]","[[34, 39]]",3 que,,,"[34, 36, 37, 38]","[[34, 35], [36, 39]]",3 | que,,partial_match,xlmr_token_classifier,583.0
vihos_test_584,test,Nơi sản sinh ra tham nhũng mà k có tham nhũng.cũng lạ,,,,,,,,,,,"[16, 17, 18, 19, 20, 21, 22, 23, 24, 25, 35, 36, 37, 38, 39, 40, 41, 42, 43, 44]","[[16, 26], [35, 45]]",tham nhũng | tham nhũng,,,"[4, 5, 6, 8, 9, 10, 11, 16, 17, 18, 19, 21, 22, 23, 24, 25, 32, 33, 35, 36, 37, 38, 40, 41, 42, 43, 44]","[[4, 7], [8, 12], [16, 20], [21, 26], [32, 34], [35, 39], [40, 45]]",sản | sinh | tham | nhũng | có | tham | nhũng,,partial_match,xlmr_token_classifier,584.0
vihos_test_586,test,"nhận hết trách nhiệm đi, anh đưa tiền cho phạt. Nhớ nói là: em làm mạnh tay, đè mấy chai Dr. Thanh chứ cty an toàn lắm. càng pr cty tết này anh thưởng nhìu cho",,,,,,,,,,,"[77, 78]","[[77, 79]]",đè,,,[],[],,,false_negative,xlmr_token_classifier,586.0
vihos_test_588,test,Địt mẹ thiên đường ad nhỉ,,,,,,,,,,,"[0, 1, 2, 3, 4, 5]","[[0, 6]]",Địt mẹ,,,"[0, 1, 2, 4, 5]","[[0, 3], [4, 6]]",Địt | mẹ,,partial_match,xlmr_token_classifier,588.0
vihos_test_592,test,Hai chi em ba nay mat dai an noi tuc tiu lon roi an noi mat dai hai chi em may no khoe,,,,,,,,,,,"[18, 19, 20, 21, 22, 23, 24, 33, 34, 35, 36, 37, 38, 39, 56, 57, 58, 59, 60, 61, 62, 75, 76, 77]","[[18, 25], [33, 40], [56, 63], [75, 78]]",mat dai | tuc tiu | mat dai | may,,,"[41, 42, 43, 75, 76, 77, 79, 80]","[[41, 44], [75, 78], [79, 81]]",lon | may | no,,partial_match,xlmr_token_classifier,592.0
vihos_test_594,test,Diện Trần có con r mà còn ngu mà rảnh lòn ghê,,,,,,,,,,,"[26, 27, 28, 38, 39, 40]","[[26, 29], [38, 41]]",ngu | lòn,,,"[26, 27, 28, 30, 31, 33, 34, 35, 36, 38, 39, 40]","[[26, 29], [30, 32], [33, 37], [38, 41]]",ngu | mà | rảnh | lòn,,partial_match,xlmr_token_classifier,594.0
vihos_test_595,test,Add ngu vãi nồi,,,,,,,,,,,"[4, 5, 6, 7, 8, 9, 10, 11, 12, 13, 14]","[[4, 15]]",ngu vãi nồi,,,"[4, 5, 6, 8, 9, 10, 12, 13, 14]","[[4, 7], [8, 11], [12, 15]]",ngu | vãi | nồi,,partial_match,xlmr_token_classifier,595.0
vihos_test_599,test,"Tuổi cũng cao rồi mụ già ơi. Sống sao cho con cháu bạn bè quê hương tôn trọng quý mến
Sau này mụ chết cũng về với cát bụi thôi",,,,,,,,,,,"[18, 19, 20, 21, 22, 23, 94, 95, 97, 98, 99, 100]","[[18, 24], [94, 96], [97, 101]]",mụ già | mụ | chết,,,"[18, 19, 94, 95, 97, 98, 99, 100]","[[18, 20], [94, 96], [97, 101]]",mụ | mụ | chết,,partial_match,xlmr_token_classifier,599.0
vihos_test_600,test,Nghĩ đến chỉ muốn băm con chó đĩ ấy trận,,,,,,,,,,,"[18, 19, 20, 21, 22, 23, 24, 25, 26, 27, 28, 29, 30, 31, 36, 37, 38, 39]","[[18, 32], [36, 40]]",băm con chó đĩ | trận,,,"[18, 19, 20, 26, 27, 28, 30, 31]","[[18, 21], [26, 29], [30, 32]]",băm | chó | đĩ,,partial_match,xlmr_token_classifier,600.0
vihos_test_604,test,"lolz mắc cười, toàn 1 lủ ở vùng xa vùng xôi ở ... nói chung là chỉ biết và thờ cái Ba Đình, đéo làm được gì thì ngậm cái mổm ăn c..c lại, ko nói, ko ai nói miệng thối đâu mấy con chó DLV ạh",,,,,,,,,,,"[0, 1, 2, 3, 22, 23, 92, 93, 94, 121, 122, 123, 128, 129, 130, 131, 175, 176, 177, 178, 179, 180, 181, 182, 183, 184, 185]","[[0, 4], [22, 24], [92, 95], [121, 124], [128, 132], [175, 186]]",lolz | lủ | đéo | mổm | c..c | con chó DLV,,,"[0, 1, 2, 3, 5, 6, 7, 9, 10, 11, 12, 22, 23, 92, 93, 94, 112, 113, 114, 115, 117, 118, 119, 121, 122, 123, 125, 126, 128, 129, 130, 131, 162, 163, 164, 165, 175, 176, 177, 179, 180, 181, 183, 184, 185]","[[0, 4], [5, 8], [9, 13], [22, 24], [92, 95], [112, 116], [117, 120], [121, 124], [125, 127], [128, 132], [162, 166], [175, 178], [179, 182], [183, 186]]",lolz | mắc | cười | lủ | đéo | ngậm | cái | mổm | ăn | c..c | thối | con | chó | DLV,,partial_match,xlmr_token_classifier,604.0
vihos_test_605,test,Già mà non,,,,,,,,,,,"[0, 1, 2, 3, 4, 5, 6, 7, 8, 9]","[[0, 10]]",Già mà non,,,"[0, 1, 2, 4, 5, 7, 8, 9]","[[0, 3], [4, 6], [7, 10]]",Già | mà | non,,partial_match,xlmr_token_classifier,605.0
vihos_test_610,test,Chào thầy ba girl😌nứng vcl,,,,,,,,,,,"[18, 19, 20, 21, 22, 23, 24, 25]","[[18, 26]]",nứng vcl,,,"[18, 19, 20, 21, 23, 24, 25]","[[18, 22], [23, 26]]",nứng | vcl,,partial_match,xlmr_token_classifier,610.0
vihos_test_614,test,Ở đấy ngột ngạt quá thì đưa nó qua vũ hán cho nó thoáng mát😡😡,,,,,,,,,,,"[28, 29, 59, 60]","[[28, 30], [59, 61]]",nó | 😡😡,,,"[6, 7, 8, 9, 11, 12, 13, 14, 28, 29, 35, 36, 38, 39, 40, 46, 47]","[[6, 10], [11, 15], [28, 30], [35, 37], [38, 41], [46, 48]]",ngột | ngạt | nó | vũ | hán | nó,,partial_match,xlmr_token_classifier,614.0
vihos_test_615,test,"“Ông già đem hết tiền đãi bạn,dm tháng này thiếu sữa rồi” :)))",,,,,,,,,,,"[1, 2, 3, 4, 5, 6, 7, 30, 31]","[[1, 8], [30, 32]]",Ông già | dm,,,"[30, 31]","[[30, 32]]",dm,,partial_match,xlmr_token_classifier,615.0
vihos_test_616,test,Nhật bản hẩy kiện thằng chủ tịt Hanoi cho nó biết thế nào là bố láo !,,,,,,,,,,,"[18, 19, 20, 21, 22, 24, 25, 26, 27, 28, 29, 30, 42, 43, 61, 62, 63, 64, 65, 66]","[[18, 23], [24, 31], [42, 44], [61, 67]]",thằng | chủ tịt | nó | bố láo,,,"[18, 19, 20, 21, 22, 24, 25, 26, 28, 29, 30, 42, 43, 61, 62, 64, 65, 66]","[[18, 23], [24, 27], [28, 31], [42, 44], [61, 63], [64, 67]]",thằng | chủ | tịt | nó | bố | láo,,partial_match,xlmr_token_classifier,616.0
vihos_test_618,test,nứng nứng,,,,,,,,,,,"[0, 1, 2, 3, 4, 5, 6, 7, 8]","[[0, 9]]",nứng nứng,,,"[0, 1, 2, 3, 5, 6, 7, 8]","[[0, 4], [5, 9]]",nứng | nứng,,partial_match,xlmr_token_classifier,618.0
vihos_test_620,test,thằng VC nào thì củng đều là lưu manh và gian trá .... chức quyền càng cao thì độ lưu manh càng lớn .... ĐM bọn VC ...!!,,,,,,,,,,,"[0, 1, 2, 3, 4, 29, 30, 31, 32, 33, 34, 35, 36, 41, 42, 43, 44, 45, 46, 47, 48, 82, 83, 84, 85, 86, 87, 88, 89, 105, 106]","[[0, 5], [29, 37], [41, 49], [82, 90], [105, 107]]",thằng | lưu manh | gian trá | lưu manh | ĐM,,,"[0, 1, 2, 3, 4, 29, 30, 31, 33, 34, 35, 36, 41, 42, 43, 44, 46, 47, 48, 82, 83, 84, 86, 87, 88, 89, 105, 106, 108, 109, 110, 112, 113]","[[0, 5], [29, 32], [33, 37], [41, 45], [46, 49], [82, 85], [86, 90], [105, 107], [108, 111], [112, 114]]",thằng | lưu | manh | gian | trá | lưu | manh | ĐM | bọn | VC,,partial_match,xlmr_token_classifier,620.0
vihos_test_622,test,"Vậy mà có cái bè lũ đòi huy động vàng trong dân, ngoại tệ trong dân, ngoại tệ đó từ nước ngoài gởi về chứ có in ra đâu thím 7, ngoài ra đám con cháu của cái hội gì đấy qua ở chung với bọn đu càng chắc cũng ăn bám trợ cấp của chính phủ nước sở tại hay ăn từ tiền ba mẹ tụi nó đi hút máu đi bán đất vậy thím 7, so ra cái nào nhục hơn ?",,,,,,,,,,,"[136, 137, 138, 184, 185, 186, 187, 188, 189, 190, 191, 192, 193, 194, 209, 210, 211, 268, 269, 270, 271, 272, 273, 278, 279, 280, 281, 282, 283, 284, 323, 324, 325, 326]","[[136, 139], [184, 195], [209, 212], [268, 274], [278, 285], [323, 327]]",đám | bọn đu càng | bám | tụi nó | hút máu | nhục,,,"[14, 15, 17, 18, 136, 137, 138, 144, 145, 146, 147, 184, 185, 186, 188, 189, 191, 192, 193, 194, 206, 207, 209, 210, 211, 262, 263, 265, 266, 268, 269, 270, 272, 273, 278, 279, 280, 282, 283, 284, 286, 287, 289, 290, 291, 293, 294, 295, 323, 324, 325, 326]","[[14, 16], [17, 19], [136, 139], [144, 148], [184, 187], [188, 190], [191, 195], [206, 208], [209, 212], [262, 264], [265, 267], [268, 271], [272, 274], [278, 281], [282, 285], [286, 288], [289, 292], [293, 296], [323, 327]]",bè | lũ | đám | cháu | bọn | đu | càng | ăn | bám | ba | mẹ | tụi | nó | hút | máu | đi | bán | đất | nhục,,partial_match,xlmr_token_classifier,622.0
vihos_test_623,test,"Nền giáo dục phương tây đã dạy gì cho những \""ai kia\""☹️. Nghĩ nó chán, sang chảnh mà ý thức l0l😑",,,,,,,,,,,"[61, 62, 98, 99, 100, 101, 102, 103, 104, 105, 106, 107, 108, 109, 110]","[[61, 63], [98, 111]]",☹️ | ý thức l0l😑,,,"[71, 72, 82, 83, 84, 85, 87, 88, 89, 91, 92, 94, 95, 98, 101, 102, 103, 104, 105, 107, 108, 109]","[[71, 73], [82, 86], [87, 90], [91, 93], [94, 96], [98, 99], [101, 106], [107, 110]]",no | sang | cha | nh | ma | y | thức | l0l,,partial_match,xlmr_token_classifier,623.0
vihos_test_625,test,"Tôi vẫn chưa hiểu, tại sao Saigon, một thành phố ""Ngụy"" đói khổ, bị bọn Mỹ ""Ngụy"" đàn áp, bóc lột, cần chế độ CS ta giải phóng, cứu đói, mà lại nộp ngân sách nhiều thế ! (bằng 55 tỉnh thành khác).",,,,,,,,,,,"[50, 51, 52, 53, 76, 77, 78, 79, 82, 83, 84, 85, 86, 87, 90, 91, 92, 93, 94, 95, 96]","[[50, 54], [76, 80], [82, 88], [90, 97]]",Ngụy | Ngụy | đàn áp | bóc lột,,,"[50, 51, 52, 53, 68, 69, 70, 75, 76, 77, 78, 79, 80, 82, 83, 84, 86, 87, 90, 91, 92, 94, 95, 96]","[[50, 54], [68, 71], [75, 81], [82, 85], [86, 88], [90, 93], [94, 97]]","Ngụy | bọn | ""Ngụy"" | đàn | áp | bóc | lột",,partial_match,xlmr_token_classifier,625.0
vihos_test_629,test,còn tư bản giãy chết m dám nói ko phải từ mõm của đảng đi,,,,,,,,,,,"[11, 12, 13, 14, 15, 16, 17, 18, 19, 21, 42, 43, 44]","[[11, 20], [21, 22], [42, 45]]",giãy chết | m | mõm,,,"[11, 12, 13, 14, 16, 17, 18, 19, 21, 34, 35, 36, 37, 39, 40, 42, 43, 44, 46, 47, 48, 50, 51, 52, 53]","[[11, 15], [16, 20], [21, 22], [34, 38], [39, 41], [42, 45], [46, 49], [50, 54]]",giãy | chết | m | phải | từ | mõm | của | đảng,,partial_match,xlmr_token_classifier,629.0
vihos_test_630,test,Hồ Nguyễn Quốc Phú mấy thằng đầu buồi này rp làm mẹ gì thứ như nó ngoài đầy rp tới sáng chưa hết :)),,,,,,,,,,,"[23, 24, 25, 26, 27, 28, 29, 30, 31, 32, 33, 34, 35, 36, 49, 50, 55, 56, 57, 63, 64]","[[23, 37], [49, 51], [55, 58], [63, 65]]",thằng đầu buồi | mẹ | thứ | nó,,,"[23, 24, 25, 26, 27, 29, 30, 31, 33, 34, 35, 36, 49, 50, 63, 64]","[[23, 28], [29, 32], [33, 37], [49, 51], [63, 65]]",thằng | đầu | buồi | mẹ | nó,,partial_match,xlmr_token_classifier,630.0
vihos_test_632,test,Nhị Thắng cực địt lol mẹ mày,,,,,,,,,,,"[14, 15, 16, 17, 18, 19, 20, 21, 22, 23, 24, 25, 26, 27]","[[14, 28]]",địt lol mẹ mày,,,"[14, 15, 16, 18, 19, 20, 22, 23, 25, 26, 27]","[[14, 17], [18, 21], [22, 24], [25, 28]]",địt | lol | mẹ | mày,,partial_match,xlmr_token_classifier,632.0
vihos_test_634,test,Nhìn cái mặt muốn xịt chó cắn,,,,,,,,,,,"[22, 23, 24, 25, 26, 27, 28]","[[22, 29]]",chó cắn,,,"[9, 10, 11, 13, 14, 15, 16, 18, 19, 20, 22, 23, 24, 26, 27, 28]","[[9, 12], [13, 17], [18, 21], [22, 25], [26, 29]]",mặt | muốn | xịt | chó | cắn,,partial_match,xlmr_token_classifier,634.0
vihos_test_635,test,Con C.A nhổ nuoc bọt voi danh dan thì xloi song huề,,,,,,,,,,,"[0, 1, 2, 3, 4, 5, 6, 7, 8, 9, 10, 11, 12, 13, 14, 15, 16, 17, 18, 19, 20, 21, 22, 23, 24, 25, 26, 27, 28, 29, 30, 31, 32, 33, 34, 35, 36, 37, 38, 39, 40, 41, 42, 43, 44, 45, 46, 47, 48, 49, 50]","[[0, 51]]",Con C.A nhổ nuoc bọt voi danh dan thì xloi song huề,,,"[0, 1, 2, 38, 39, 40, 41]","[[0, 3], [38, 42]]",Con | xloi,,partial_match,xlmr_token_classifier,635.0
vihos_test_637,test,Chụp màn hình làm cl gì thế con bò :))),,,,,,,,,,,"[18, 19, 28, 29, 30, 31, 32, 33]","[[18, 20], [28, 34]]",cl | con bò,,,"[18, 19, 28, 29, 30, 32, 33]","[[18, 20], [28, 31], [32, 34]]",cl | con | bò,,partial_match,xlmr_token_classifier,637.0
vihos_test_639,test,Cái mặt là nhìn dell ưa nổi với bị nứng lâu năm,,,,,,,,,,,"[16, 17, 18, 19, 20, 21, 22, 32, 33, 34, 35, 36, 37, 38]","[[16, 23], [32, 39]]",dell ưa | bị nứng,,,"[16, 17, 18, 19, 21, 22, 24, 25, 26, 35, 36, 37, 38]","[[16, 20], [21, 23], [24, 27], [35, 39]]",dell | ưa | nổi | nứng,,partial_match,xlmr_token_classifier,639.0
vihos_test_641,test,Hải Yến xinh gái mà cmt thúi hoắc à 🤭,,,,,,,,,,,"[8, 9, 10, 11, 12, 13, 14, 15, 16, 17, 18, 19, 20, 21, 22, 23, 24, 25, 26, 27, 28, 29, 30, 31, 32]","[[8, 33]]",xinh gái mà cmt thúi hoắc,,,"[24, 25, 26, 27, 29, 30, 31, 32]","[[24, 28], [29, 33]]",thúi | hoắc,,partial_match,xlmr_token_classifier,641.0
vihos_test_642,test,Bọn chó,,,,,,,,,,,"[0, 1, 2, 3, 4, 5, 6]","[[0, 7]]",Bọn chó,,,"[0, 1, 2, 4, 5, 6]","[[0, 3], [4, 7]]",Bọn | chó,,partial_match,xlmr_token_classifier,642.0
vihos_test_646,test,Haizz. Nthe này thì dân khổ quá,,,,,,,,,,,[],[],,,,"[7, 8, 9, 10, 24, 25, 26]","[[7, 11], [24, 27]]",Nthe | khổ,,false_positive,xlmr_token_classifier,646.0
vihos_test_648,test,Ánh sáng của đảng sẽ giết mày,,,,,,,,,,,"[21, 22, 23, 24, 26, 27, 28]","[[21, 25], [26, 29]]",giết | mày,,,"[1, 2, 4, 5, 6, 7, 9, 10, 11, 13, 14, 15, 16, 21, 22, 23, 24, 26, 27, 28]","[[1, 3], [4, 8], [9, 12], [13, 17], [21, 25], [26, 29]]",nh | sáng | của | đảng | giết | mày,,partial_match,xlmr_token_classifier,648.0
vihos_test_649,test,Do con di nug lon,,,,,,,,,,,"[3, 4, 5, 6, 7, 8, 10, 11, 12, 13, 14, 15, 16]","[[3, 9], [10, 17]]",con di | nug lon,,,"[0, 1, 3, 4, 5, 7, 8, 10, 11, 12, 14, 15, 16]","[[0, 2], [3, 6], [7, 9], [10, 13], [14, 17]]",Do | con | di | nug | lon,,partial_match,xlmr_token_classifier,649.0
vihos_test_651,test,Chửi bới công an nó cho ra đảo rùi chán ghê!,,,,,,,,,,,"[0, 1, 2, 3, 4, 5, 6, 7, 17, 18]","[[0, 8], [17, 19]]",Chửi bới | nó,,,"[0, 1, 2, 3, 5, 6, 7, 17, 18]","[[0, 4], [5, 8], [17, 19]]",Chửi | bới | nó,,partial_match,xlmr_token_classifier,651.0
vihos_test_652,test,Thâm vl bạn ơi,,,,,,,,,,,"[0, 1, 2, 3, 4, 5, 6]","[[0, 7]]",Thâm vl,,,"[0, 1, 2, 3, 5, 6]","[[0, 4], [5, 7]]",Thâm | vl,,partial_match,xlmr_token_classifier,652.0
vihos_test_653,test,Khịa pew vl,,,,,,,,,,,"[0, 1, 2, 3, 9, 10]","[[0, 4], [9, 11]]",Khịa | vl,,,"[9, 10]","[[9, 11]]",vl,,partial_match,xlmr_token_classifier,653.0
vihos_test_654,test,quan chức để lại cức đái cho đời....í lộn! cái đức.,,,,,,,,,,,"[17, 18, 19, 20, 21, 22, 23]","[[17, 24]]",cức đái,,,"[17, 18, 19, 21, 22, 23, 36, 38, 39, 40, 47, 48, 49]","[[17, 20], [21, 24], [36, 37], [38, 41], [47, 50]]",cức | đái | í | lộn | đức,,partial_match,xlmr_token_classifier,654.0
vihos_test_655,test,Điên!!! Ông này điên điên mà lai được cccđ mời khi có sự kiện. Đúng là một lũ điên có tổ chức!!!,,,,,,,,,,,"[0, 1, 2, 3, 16, 17, 18, 19, 20, 21, 22, 23, 24, 75, 76, 77, 78, 79, 80, 81, 82, 83, 84, 85, 86, 87, 88, 89, 90, 91, 92]","[[0, 4], [16, 25], [75, 93]]",Điên | điên điên | lũ điên có tổ chức,,,"[0, 1, 2, 3, 16, 17, 18, 19, 21, 22, 23, 24, 38, 39, 40, 75, 76, 78, 79, 80, 81]","[[0, 4], [16, 20], [21, 25], [38, 41], [75, 77], [78, 82]]",Điên | điên | điên | ccc | lũ | điên,,partial_match,xlmr_token_classifier,655.0
vihos_test_657,test,Sa béo nhìn ngấy vl :)),,,,,,,,,,,"[3, 4, 5, 6, 7, 8, 9, 10, 11, 12, 13, 14, 15, 17, 18]","[[3, 16], [17, 19]]",béo nhìn ngấy | vl,,,"[17, 18]","[[17, 19]]",vl,,partial_match,xlmr_token_classifier,657.0
vihos_test_658,test,Ảnh hưởng đến công việc thì kệ cụ nhà m,,,,,,,,,,,"[28, 29, 30, 31, 32, 38]","[[28, 33], [38, 39]]",kệ cụ | m,,,"[31, 32, 38]","[[31, 33], [38, 39]]",cụ | m,,partial_match,xlmr_token_classifier,658.0
vihos_test_659,test,Vấn đề nó là ở cái chế độ thôi.,,,,,,,,,,,"[0, 1, 2, 3, 4, 5, 6, 7, 8, 9, 10, 11, 12, 13, 14, 15, 16, 17, 18, 19, 20, 21, 22, 23, 24]","[[0, 25]]",Vấn đề nó là ở cái chế độ,,,[],[],,,false_negative,xlmr_token_classifier,659.0
vihos_test_661,test,cả ngàn đại biểu QH qua 6 năm vẫn không thông nổi cái luật biểu tình dù nó có sờ sờ trong hiến pháp 2013 ! trong khi đó lại vung tiền làm trò mèo hù doạ nhân dân !,,,,,,,,,,,"[34, 35, 36, 37, 38, 39, 40, 41, 42, 43, 44, 45, 46, 47, 48, 69, 70, 71, 72, 73, 74, 75, 76, 77, 78, 79, 80, 81, 82, 124, 125, 126, 127, 128, 129, 130, 131, 132, 133, 134, 135, 136, 137, 138, 139, 140, 141, 142, 143, 144, 145, 146, 147, 148, 149, 150, 151]","[[34, 49], [69, 83], [124, 152]]",không thông nổi | dù nó có sờ sờ | vung tiền làm trò mèo hù doạ,,,"[59, 60, 61, 62, 64, 65, 66, 67, 78, 79, 81, 82, 124, 125, 126, 127, 129, 130, 131, 132, 134, 135, 136, 138, 139, 140, 142, 143, 144, 146, 147, 149, 150, 151]","[[59, 63], [64, 68], [78, 80], [81, 83], [124, 128], [129, 133], [134, 137], [138, 141], [142, 145], [146, 148], [149, 152]]",biểu | tình | sờ | sờ | vung | tiền | làm | trò | mèo | hù | doạ,,partial_match,xlmr_token_classifier,661.0
vihos_test_662,test,":)) nó chửi cho đúng :)) chứ k phải là nó chửi sai.nó chửi cho khôn ra chứ nó chửi k phải là để cho tụt hậu,cho đi xuống...tuy văn phong Thô- Tục nhưng nó Thật...nên đéo thể cãi được ,thấy xấu hổ thì phải thay đổi",,,,,,,,,,,"[4, 5, 39, 40, 51, 52, 152, 153, 166, 167, 168]","[[4, 6], [39, 41], [51, 53], [152, 154], [166, 169]]",nó | nó | nó | nó | đéo,,,"[4, 5, 7, 8, 9, 10, 39, 40, 42, 43, 44, 45, 51, 52, 54, 55, 56, 57, 75, 76, 78, 79, 80, 81, 102, 104, 105, 106, 115, 116, 117, 118, 119, 137, 138, 139, 140, 142, 143, 144, 152, 153, 166, 167, 168]","[[4, 6], [7, 11], [39, 41], [42, 46], [51, 53], [54, 58], [75, 77], [78, 82], [102, 103], [104, 107], [115, 120], [137, 141], [142, 145], [152, 154], [166, 169]]",nó | chửi | nó | chửi | nó | chửi | nó | chửi | t | hậu | xuống | Thô- | Tục | nó | đéo,,partial_match,xlmr_token_classifier,662.0
vihos_test_664,test,Con người sao lại như vậy?,,,,,,,,,,,[],[],,,,"[10, 11, 12, 14, 15, 16, 18, 19, 20]","[[10, 13], [14, 17], [18, 21]]",sao | lại | như,,false_positive,xlmr_token_classifier,664.0
vihos_test_665,test,"đù cái bọn DLV lại được dịp vào ""như này mà đòi biểu tình đòi cá"". cái dm bọn này éo thấy nhục x2 thì thôi chứ, éo thể nào tả được :))",,,,,,,,,,,"[7, 8, 9, 10, 11, 12, 13, 48, 49, 50, 51, 52, 53, 54, 55, 56, 71, 72, 74, 75, 76, 82, 83, 90, 91, 92, 93, 112, 113]","[[7, 14], [48, 57], [71, 73], [74, 77], [82, 84], [90, 94], [112, 114]]",bọn DLV | biểu tình | dm | bọn | éo | nhục | éo,,,"[0, 1, 7, 8, 9, 53, 54, 55, 56, 71, 72, 74, 75, 76, 82, 83, 90, 91, 92, 93, 112, 113]","[[0, 2], [7, 10], [53, 57], [71, 73], [74, 77], [82, 84], [90, 94], [112, 114]]",đù | bọn | tình | dm | bọn | éo | nhục | éo,,partial_match,xlmr_token_classifier,665.0
vihos_test_667,test,"Tôi không xem đâu mọi người ơi. Chỉ bình luận thôi có được không. Nói thật ông trần dần này (tôi cố tình không viết hoa để thể hiện sự tôn trọng với ông ấy) . Một con người đáng khinh. Ảo tưởng không tự nhận ra mình là ai một thầy mo đúng nghĩa, chỉ có thể lừa bịp được những người dân tộc mà thôi. Nói đến ông ta ai mà không tức cười 😂😂😂😂😂😄😁😁😃😂😂😃",,,,,,,,,,,"[178, 179, 180, 181, 182, 185, 186, 187, 188, 189, 190, 191, 192, 194, 195, 196, 197, 198, 199, 200, 201, 202, 203, 204, 205, 206, 207, 208, 209, 210, 211, 212, 213, 214, 257, 258, 259, 260, 261, 262, 263, 326, 327, 328, 329, 330, 331, 332, 333]","[[178, 183], [185, 193], [194, 215], [257, 264], [326, 334]]",khinh | Ảo tưởng | không tự nhận ra mình | lừa bịp | tức cười,,,"[178, 179, 180, 181, 182, 257, 258, 259, 261, 262, 263]","[[178, 183], [257, 260], [261, 264]]",khinh | lừa | bịp,,partial_match,xlmr_token_classifier,667.0
vihos_test_668,test,Dkm chửi hết bọn chó vàng made in vietnam,,,,,,,,,,,"[0, 1, 2, 4, 5, 6, 7, 13, 14, 15, 16, 17, 18, 19, 20, 21, 22, 23, 24]","[[0, 3], [4, 8], [13, 25]]",Dkm | chửi | bọn chó vàng,,,"[0, 1, 2, 4, 5, 6, 7, 13, 14, 15, 17, 18, 19, 21, 22, 23, 24]","[[0, 3], [4, 8], [13, 16], [17, 20], [21, 25]]",Dkm | chửi | bọn | chó | vàng,,partial_match,xlmr_token_classifier,668.0
vihos_test_671,test,Cho chết mẹ nó cái đám bò đỏ đần độn,,,,,,,,,,,"[4, 5, 6, 7, 8, 9, 10, 11, 12, 13, 19, 20, 21, 22, 23, 24, 25, 26, 27, 28, 29, 30, 31, 32, 33, 34, 35]","[[4, 14], [19, 36]]",chết mẹ nó | đám bò đỏ đần độn,,,"[4, 5, 6, 7, 9, 10, 12, 13, 19, 20, 21, 23, 24, 26, 27, 29, 30, 31, 33, 34, 35]","[[4, 8], [9, 11], [12, 14], [19, 22], [23, 25], [26, 28], [29, 32], [33, 36]]",chết | mẹ | nó | đám | bò | đỏ | đần | độn,,partial_match,xlmr_token_classifier,671.0
vihos_test_672,test,"Sản phẩm chất lượng để phục vụ một lũ “cực kỳ thuyết phục” bị di căn giai đoạn cuối quả phí phạm. Toàn bọn bại não, thoái hoá văn hoá. Cứ tưởng thế là hay ho.",,,,,,,,,,,"[35, 36, 37, 38, 39, 40, 41, 42, 43, 44, 45, 46, 47, 48, 49, 50, 51, 52, 53, 54, 55, 56, 57, 58, 59, 60, 61, 62, 63, 64, 65, 66, 67, 68, 69, 70, 71, 72, 73, 74, 75, 76, 77, 78, 79, 80, 81, 82, 103, 104, 105, 106, 107, 108, 109, 110, 111, 112, 113, 116, 117, 118, 119, 120, 121, 122, 123, 124, 125, 126, 127, 128, 129, 130, 131, 132]","[[35, 83], [103, 114], [116, 133]]",lũ “cực kỳ thuyết phục” bị di căn giai đoạn cuối | bọn bại não | thoái hoá văn hoá,,,"[35, 36, 62, 63, 103, 104, 105, 107, 108, 109, 111, 112, 113, 116, 117, 118, 119, 120, 122, 123, 124, 126, 127, 128, 130, 131, 132, 138, 139, 140, 141, 142, 144, 145, 146, 148, 149, 151, 152, 153, 155, 156]","[[35, 37], [62, 64], [103, 106], [107, 110], [111, 114], [116, 121], [122, 125], [126, 129], [130, 133], [138, 143], [144, 147], [148, 150], [151, 154], [155, 157]]",lũ | di | bọn | bại | não | thoái | hoá | văn | hoá | tưởng | thế | là | hay | ho,,partial_match,xlmr_token_classifier,672.0
vihos_test_673,test,"lũ bán nước đang bú đít tụi đài loan china.dech mẹ gia đình thằng chủ tịch tỉnh QB , mả cha thằng bộ trưởng tài nguyên môi trường.lũ sâu bọ",,,,,,,,,,,"[0, 1, 2, 3, 4, 5, 6, 7, 8, 9, 10, 17, 18, 19, 20, 21, 22, 24, 25, 26, 43, 44, 45, 46, 47, 48, 49, 60, 61, 62, 63, 64, 85, 86, 87, 88, 89, 90, 92, 93, 94, 95, 96, 130, 131, 132, 133, 134, 135, 136, 137, 138]","[[0, 11], [17, 23], [24, 27], [43, 50], [60, 65], [85, 91], [92, 97], [130, 139]]",lũ bán nước | bú đít | tụi | dech mẹ | thằng | mả cha | thằng | lũ sâu bọ,,,"[0, 1, 3, 4, 5, 7, 8, 9, 10, 17, 18, 20, 21, 22, 24, 25, 26, 48, 49, 60, 61, 62, 63, 64, 85, 86, 88, 89, 90, 92, 93, 94, 95, 96, 130, 131, 133, 134, 135, 137, 138]","[[0, 2], [3, 6], [7, 11], [17, 19], [20, 23], [24, 27], [48, 50], [60, 65], [85, 87], [88, 91], [92, 97], [130, 132], [133, 136], [137, 139]]",lũ | bán | nước | bú | đít | tụi | mẹ | thằng | mả | cha | thằng | lũ | sâu | bọ,,partial_match,xlmr_token_classifier,673.0
vihos_test_676,test,Dm lũ quan tham bán nước.,,,,,,,,,,,"[0, 1, 3, 4, 5, 6, 7, 8, 9, 10, 11, 12, 13, 14, 15, 16, 17, 18, 19, 20, 21, 22, 23, 24, 25, 26]","[[0, 2], [3, 27]]",Dm | lũ quan tham bán nước,,,"[0, 1, 3, 4, 7, 8, 9, 10, 12, 13, 14, 15, 17, 18, 19, 20, 22, 23, 24, 25, 26]","[[0, 2], [3, 5], [7, 11], [12, 16], [17, 21], [22, 27]]",Dm | lu | quan | tham | bán | nước,,partial_match,xlmr_token_classifier,676.0
vihos_test_677,test,Cái tập đoàn dacosan rước giặc đây mà,,,,,,,,,,,"[0, 1, 2, 3, 4, 5, 6, 7, 8, 9, 10, 11, 12, 13, 14, 15, 16, 17, 18, 19, 20, 21, 22, 23, 24, 25, 26, 27, 28, 29]","[[0, 30]]",Cái tập đoàn dacosan rước giặc,,,[],[],,,false_negative,xlmr_token_classifier,677.0
vihos_test_678,test,Quang Chivas thằng mồm lồn. Mặc váy vl.,,,,,,,,,,,"[13, 14, 15, 16, 17, 18, 19, 20, 21, 22, 23, 24, 25, 28, 29, 30, 31, 32, 33, 34, 36, 37]","[[13, 26], [28, 35], [36, 38]]",thằng mồm lồn | Mặc váy | vl,,,"[13, 14, 15, 16, 17, 19, 20, 21, 23, 24, 25, 36, 37]","[[13, 18], [19, 22], [23, 26], [36, 38]]",thằng | mồm | lồn | vl,,partial_match,xlmr_token_classifier,678.0
vihos_test_679,test,Iu cô gái khơ me hàm răng trắng tác cái l** đen thui 🙏🙏,,,,,,,,,,,"[40, 41, 42]","[[40, 43]]",l**,,,"[11, 12, 14, 15, 40, 41, 42, 44, 45, 46]","[[11, 13], [14, 16], [40, 43], [44, 47]]",hơ | me | l** | đen,,partial_match,xlmr_token_classifier,679.0
vihos_test_681,test,Goi người ta chui người ta người ta chui lại là hue ..... kkkk,,,,,,,,,,,[],[],,,,"[13, 14, 15, 16, 36, 37, 38]","[[13, 17], [36, 39]]",chui | chu,,false_positive,xlmr_token_classifier,681.0
vihos_test_682,test,Sang đài loan nó kiện cho công ty đi tù ý còn ở việt nam thì dmcs nun,,,,,,,,,,,"[61, 62, 63, 64]","[[61, 65]]",dmcs,,,"[14, 15, 17, 18, 19, 20, 37, 38, 61, 62, 63, 64, 66, 67, 68]","[[14, 16], [17, 21], [37, 39], [61, 65], [66, 69]]",nó | kiện | tù | dmcs | nun,,partial_match,xlmr_token_classifier,682.0
vihos_test_686,test,Mấy ông đánh giầy kia ko là dân à? Cũng lỗi của dân đi :)),,,,,,,,,,,[],[],,,,"[8, 9, 10, 11, 13, 14, 15, 16, 25, 26, 28, 29, 30]","[[8, 12], [13, 17], [25, 27], [28, 31]]",đánh | giầy | là | dân,,false_positive,xlmr_token_classifier,686.0
vihos_test_689,test,Cho em coi vu chi sua co đep khong em se cho vo em sua,,,,,,,,,,,"[11, 12]","[[11, 13]]",vu,,,[],[],,,false_negative,xlmr_token_classifier,689.0
vihos_test_691,test,Mặt như buê đuê ấy nhể,,,,,,,,,,,"[8, 9, 10, 11, 12, 13, 14]","[[8, 15]]",buê đuê,,,"[8, 9, 10, 12, 13, 14]","[[8, 11], [12, 15]]",buê | đuê,,partial_match,xlmr_token_classifier,691.0
vihos_test_694,test,TRUNG QUỐC LÀ 1 BẬC THẦY VỀ HỐI LỘ. :))),,,,,,,,,,,"[28, 29, 30, 31, 32, 33]","[[28, 34]]",HỐI LỘ,,,[],[],,,false_negative,xlmr_token_classifier,694.0
vihos_test_696,test,Mn đừng ns này ns nọ chị ấy. Khẩu nghiệp mag ts tụi bây quả báo đấy con ạ.,,,,,,,,,,,"[29, 30, 31, 32, 33, 34, 35, 36, 37, 38, 39, 48, 49, 50, 51, 52, 53, 54, 56, 57, 58, 59, 60, 61, 62]","[[29, 40], [48, 55], [56, 63]]",Khẩu nghiệp | tụi bây | quả báo,,,"[29, 30, 31, 32, 34, 35, 36, 37, 38, 39, 41, 42, 43, 45, 46, 48, 49, 50, 52, 53, 54, 56, 57, 58, 60, 61, 62]","[[29, 33], [34, 40], [41, 44], [45, 47], [48, 51], [52, 55], [56, 59], [60, 63]]",Khẩu | nghiệp | mag | ts | tụi | bây | quả | báo,,partial_match,xlmr_token_classifier,696.0
vihos_test_699,test,Nguyễn Đình Tuyên hahaa lạc hậu,,,,,,,,,,,[],[],,,,"[24, 25, 26, 28, 29, 30]","[[24, 27], [28, 31]]",lạc | hậu,,false_positive,xlmr_token_classifier,699.0
vihos_test_700,test,Xao lôn k co gi vui ..chung ta k nen xao lon..,,,,,,,,,,,"[0, 1, 2, 3, 4, 5, 6, 37, 38, 39, 40, 41, 42, 43]","[[0, 7], [37, 44]]",Xao lôn | xao lon,,,"[0, 1, 2, 4, 5, 6, 37, 38, 39, 41, 42, 43]","[[0, 3], [4, 7], [37, 40], [41, 44]]",Xao | lôn | xao | lon,,partial_match,xlmr_token_classifier,700.0
vihos_test_701,test,"Căn bản lắm crush vailon , k biết tỏ tình con nào :))",,,,,,,,,,,"[18, 19, 20, 21, 22, 23, 42, 43, 44]","[[18, 24], [42, 45]]",vailon | con,,,"[18, 19, 20, 21, 22, 23]","[[18, 24]]",vailon,,partial_match,xlmr_token_classifier,701.0
vihos_test_702,test,Chị nầy là giàu thật.còn thần bóng râu đó nó sạo lồn mà.chị đừng chưỡi ba mẹ nó.e thấy tội cha mẹ nó chi ơi.chưỡi nó đi.,,,,,,,,,,,"[42, 43, 45, 46, 47, 48, 49, 50, 51, 65, 66, 67, 68, 69, 77, 78, 98, 99, 108, 109, 110, 111, 112, 114, 115]","[[42, 44], [45, 52], [65, 70], [77, 79], [98, 100], [108, 113], [114, 116]]",nó | sạo lồn | chưỡi | nó | nó | chưỡi | nó,,,"[25, 26, 27, 28, 30, 31, 32, 33, 35, 36, 37, 42, 43, 45, 46, 47, 49, 50, 51, 65, 66, 67, 68, 69, 74, 75, 77, 78, 95, 96, 98, 99, 108, 109, 110, 111, 112, 114, 115]","[[25, 29], [30, 34], [35, 38], [42, 44], [45, 48], [49, 52], [65, 70], [74, 76], [77, 79], [95, 97], [98, 100], [108, 113], [114, 116]]",thần | bóng | râu | nó | sạo | lồn | chưỡi | mẹ | nó | mẹ | nó | chưỡi | nó,,partial_match,xlmr_token_classifier,702.0
vihos_test_704,test,trời đất nào chiếm tiền của nhà nước mà thề ! nhưng bị cáo thì có! và quan trọng là tiền của nhân dân chứ nhà nước làm đách gì có tiền ! nhà nước chỉ giỏi phá tiền thôi !,,,,,,,,,,,"[119, 120, 121, 122, 146, 147, 148, 149, 150, 151, 152, 153, 154, 155, 156, 157]","[[119, 123], [146, 158]]",đách | chỉ giỏi phá,,,"[13, 14, 15, 16, 17, 19, 20, 21, 22, 55, 56, 57, 119, 120, 121, 122, 124, 125, 127, 128, 130, 131, 132, 133, 141, 142, 143, 144, 146, 147, 148, 150, 151, 152, 153, 155, 156, 157, 159, 160, 161, 162]","[[13, 18], [19, 23], [55, 58], [119, 123], [124, 126], [127, 129], [130, 134], [141, 145], [146, 149], [150, 154], [155, 158], [159, 163]]",chiếm | tiền | cáo | đách | gì | có | tiền | nước | chỉ | giỏi | phá | tiền,,partial_match,xlmr_token_classifier,704.0
vihos_test_705,test,Sao cai mieng no xau du vay.,,,,,,,,,,,"[14, 15, 17, 18, 19]","[[14, 16], [17, 20]]",no | xau,,,"[8, 9, 10, 11, 12, 14, 15, 17, 18, 19]","[[8, 13], [14, 16], [17, 20]]",mieng | no | xau,,partial_match,xlmr_token_classifier,705.0
vihos_test_707,test,Chẳng lẽ nên kêu người dân nhắn lại .. xin lỗi bác thủ tướng em bị lụt ko có điện thoại nên bác đừng nhắn đễ làm giàu cho nhà mạng,,,,,,,,,,,"[109, 110, 111, 112, 113, 114, 115, 116, 117, 118, 119, 120, 121, 122, 123, 124, 125, 126, 127, 128, 129]","[[109, 130]]",làm giàu cho nhà mạng,,,[],[],,,false_negative,xlmr_token_classifier,707.0
vihos_test_708,test,"Uh,dung roi,du ma no nua di admin",,,,,,,,,,,"[12, 13, 14, 15, 16, 17, 18, 19]","[[12, 20]]",du ma no,,,"[3, 4, 5, 6, 12, 13, 15, 16, 18, 19]","[[3, 7], [12, 14], [15, 17], [18, 20]]",dung | du | ma | no,,partial_match,xlmr_token_classifier,708.0
vihos_test_711,test,"Thằng bê nầy nổ quá, cái miệng nầy tạo nghiệp, bê ng ta coi đc bê nầy khó coi quá",,,,,,,,,,,"[0, 1, 2, 3, 4, 5, 6, 7, 8, 15, 16, 17, 42, 43, 44, 45, 46, 47, 48, 49, 50, 51, 52, 53, 56, 57, 72, 73, 80, 81, 82, 83, 84, 85, 86, 87]","[[0, 9], [15, 18], [42, 54], [56, 58], [72, 74], [80, 88]]",Thằng bê | nổ | tạo nghiệp | bê | bê | khó coi,,,"[0, 1, 2, 3, 4, 5, 7, 8, 15, 16, 17, 42, 43, 44, 45, 47, 48, 49, 50, 51, 52, 53, 56, 57, 72, 73, 80, 81, 82, 85, 86, 87]","[[0, 6], [7, 9], [15, 18], [42, 46], [47, 54], [56, 58], [72, 74], [80, 83], [85, 88]]",Thằng | bê | nổ | tạo | nghiệp | bê | bê | kho | coi,,partial_match,xlmr_token_classifier,711.0
vihos_test_714,test,hủy thằng bố mày ý :)) ngu,,,,,,,,,,,"[4, 5, 6, 7, 8, 9, 10, 11, 12, 13, 14, 15, 23, 24, 25]","[[4, 16], [23, 26]]",thằng bố mày | ngu,,,"[4, 5, 6, 7, 8, 10, 11, 13, 14, 15, 23, 24, 25]","[[4, 9], [10, 12], [13, 16], [23, 26]]",thằng | bố | mày | ngu,,partial_match,xlmr_token_classifier,714.0
vihos_test_715,test,"Khùng quá thì đi chết sớm cho đỡ mang khẩu nghiệp mẹ ơi, già sắp chết ko lo nghĩ ngơi cho khỏe, suốt ngày lên xàm lồn cho chúng ghét",,,,,,,,,,,"[0, 1, 2, 3, 4, 17, 18, 19, 20, 38, 39, 40, 41, 42, 43, 44, 45, 46, 47, 48, 49, 58, 59, 60, 61, 62, 63, 64, 65, 66, 67, 68, 69, 112, 113, 114, 115, 116, 117, 118, 124, 125, 126, 127, 128, 130, 131, 132, 133, 134]","[[0, 5], [17, 21], [38, 50], [58, 70], [112, 119], [124, 129], [130, 135]]",Khùng | chết | khẩu nghiệp | già sắp chết | xàm lồn | chúng | ghét,,,"[0, 1, 2, 3, 4, 17, 18, 19, 20, 38, 39, 40, 41, 43, 44, 45, 46, 47, 48, 49, 51, 52, 58, 59, 60, 66, 67, 68, 69, 112, 113, 114, 116, 117, 118, 124, 125, 126, 127, 128, 130, 131, 132, 134]","[[0, 5], [17, 21], [38, 42], [43, 50], [51, 53], [58, 61], [66, 70], [112, 115], [116, 119], [124, 129], [130, 133], [134, 135]]",Khùng | chết | khẩu | nghiệp | mẹ | già | chết | xàm | lồn | chúng | ghe | t,,partial_match,xlmr_token_classifier,715.0
vihos_test_717,test,Tiến Lê bố m thích đấy đạo đức cl,,,,,,,,,,,"[8, 9, 10, 11, 31, 32]","[[8, 12], [31, 33]]",bố m | cl,,,"[8, 9, 11, 31, 32]","[[8, 10], [11, 12], [31, 33]]",bố | m | cl,,partial_match,xlmr_token_classifier,717.0
vihos_test_719,test,còn bạn giúp người bằng bàn phím,,,,,,,,,,,"[8, 9, 10, 11, 12, 13, 14, 15, 16, 17, 18, 19, 20, 21, 22, 23, 24, 25, 26, 27, 28, 29, 30, 31]","[[8, 32]]",giúp người bằng bàn phím,,,[],[],,,false_negative,xlmr_token_classifier,719.0
vihos_test_720,test,"Cán Bộ, CA còn xuống cấp nghiêm trọng thảm hại.. Sao trách Dân đòi Dân phải ngoan, Thượng Bất chính Hạ ắt tắc loạn...",,,,,,,,,,,"[38, 39, 40, 41, 42, 43, 44, 45, 83, 84, 85, 86, 87, 88, 89, 90, 91, 92, 93, 94, 95, 96, 97, 98, 99, 100, 101, 102, 103, 104, 105, 106, 107, 108, 109, 110, 111, 112, 113]","[[38, 46], [83, 114]]",thảm hại | Thượng Bất chính Hạ ắt tắc loạn,,,"[90, 91, 92, 94, 95, 96, 97, 98]","[[90, 93], [94, 99]]",Bất | chính,,partial_match,xlmr_token_classifier,720.0
vihos_test_728,test,Chị là người khẩu xà nhưng tâm phật. Chấp nhất gì vs cái thứ đó chị ơi,,,,,,,,,,,[],[],,,,"[13, 14, 15, 16, 18, 19, 31, 32, 33, 34]","[[13, 17], [18, 20], [31, 35]]",khẩu | xà | phật,,false_positive,xlmr_token_classifier,728.0
vihos_test_732,test,"Viết cái cho lòng nhẹ ,đúng lúc máy bay rơi là lúc t bị chính quyền xã củ hành, thế nên a ức chế kệ mẹ bố con thằng nào chết ,người trong xã còn hành nhau thì tw nó cũng hành cút",,,,,,,,,,,"[51, 71, 72, 73, 74, 75, 76, 77, 100, 101, 103, 104, 105, 106, 107, 108, 109, 110, 111, 112, 113, 114, 115, 116, 117, 118, 120, 121, 122, 123, 162, 163, 170, 171, 172, 173, 174, 175, 176, 177]","[[51, 52], [71, 78], [100, 102], [103, 119], [120, 124], [162, 164], [170, 178]]",t | củ hành | mẹ | bố con thằng nào | chết | nó | hành cút,,,"[51, 100, 101, 110, 111, 112, 113, 114, 120, 121, 122, 123, 145, 146, 147, 148, 159, 160, 162, 163, 175, 176, 177]","[[51, 52], [100, 102], [110, 115], [120, 124], [145, 149], [159, 161], [162, 164], [175, 178]]",t | mẹ | thằng | chết | hành | tw | nó | cút,,partial_match,xlmr_token_classifier,732.0
vihos_test_735,test,Đúng đó đi thách thức danh hài đi,,,,,,,,,,,[],[],,,,"[11, 12, 13, 14, 15, 17, 18, 19, 20, 22, 23, 24, 25, 27, 28, 29]","[[11, 16], [17, 21], [22, 26], [27, 30]]",thách | thức | danh | hài,,false_positive,xlmr_token_classifier,735.0
vihos_test_739,test,Con cháu Bec và Đảng cộng sản quang vinh muôn năm...🤣🤣🤣,,,,,,,,,,,"[0, 1, 2, 3, 4, 5, 6, 7, 8, 9, 10, 11]","[[0, 12]]",Con cháu Bec,,,[],[],,,false_negative,xlmr_token_classifier,739.0
vihos_test_741,test,Ở nhà nó lụi vô đại cười rớt nước mắt,,,,,,,,,,,[],[],,,,"[6, 7, 9, 10, 11]","[[6, 8], [9, 12]]",nó | lụi,,false_positive,xlmr_token_classifier,741.0
vihos_test_747,test,Dám phản động hả? kkkk .,,,,,,,,,,,[],[],,,,"[0, 1, 2, 4, 5, 6, 7, 9, 10, 11, 12]","[[0, 3], [4, 8], [9, 13]]",Dám | phản | động,,false_positive,xlmr_token_classifier,747.0
vihos_test_750,test,Ae có link xem chưa vào đây gái ngon lắm,,,,,,,,,,,"[28, 29, 30, 31, 32, 33, 34, 35]","[[28, 36]]",gái ngon,,,"[28, 29, 30]","[[28, 31]]",gái,,partial_match,xlmr_token_classifier,750.0
vihos_test_751,test,"Ông già tham vãi lồn.. tay một cái, mồm một cái",,,,,,,,,,,"[0, 1, 2, 3, 4, 5, 6, 8, 9, 10, 11, 13, 14, 15, 16, 17, 18, 19, 36, 37, 38]","[[0, 7], [8, 12], [13, 20], [36, 39]]",Ông già | tham | vãi lồn | mồm,,,"[0, 1, 2, 4, 5, 6, 8, 9, 10, 11, 13, 14, 15, 17, 18, 19, 36, 37, 38]","[[0, 3], [4, 7], [8, 12], [13, 16], [17, 20], [36, 39]]",Ông | già | tham | vãi | lồn | mồm,,partial_match,xlmr_token_classifier,751.0
vihos_test_752,test,Tội nghiệp con này nghiệp nó nặng quá nó chết hết đầu thai,,,,,,,,,,,"[11, 12, 13, 19, 20, 21, 22, 23, 24, 26, 27, 38, 39, 41, 42, 43, 44, 46, 47, 48, 49, 50, 51, 52, 53, 54, 55, 56, 57]","[[11, 14], [19, 25], [26, 28], [38, 40], [41, 45], [46, 58]]",con | nghiệp | nó | nó | chết | hết đầu thai,,,"[11, 12, 13, 26, 27, 38, 39, 41, 42, 43, 44, 46, 47, 48, 50, 51, 52, 54, 55, 56, 57]","[[11, 14], [26, 28], [38, 40], [41, 45], [46, 49], [50, 53], [54, 58]]",con | nó | nó | chết | hết | đầu | thai,,partial_match,xlmr_token_classifier,752.0
vihos_test_755,test,"Hành kinh VN đi, chung lòng cứu quốc...",,,,,,,,,,,"[0, 1, 2, 3, 4, 5, 6, 7, 8]","[[0, 9]]",Hành kinh,,,[],[],,,false_negative,xlmr_token_classifier,755.0
vihos_test_759,test,best xạo lol ý,,,,,,,,,,,"[5, 6, 7, 8, 9, 10, 11]","[[5, 12]]",xạo lol,,,"[5, 6, 7, 9, 10, 11]","[[5, 8], [9, 12]]",xạo | lol,,partial_match,xlmr_token_classifier,759.0
vihos_test_760,test,V bài đom dóm khi nào ra v ạ,,,,,,,,,,,[],[],,,,"[6, 7, 8, 10, 11, 12]","[[6, 9], [10, 13]]",đom | dóm,,false_positive,xlmr_token_classifier,760.0
vihos_test_762,test,Nguyễn Đăng Khoa thg học trò l này :))),,,,,,,,,,,"[17, 18, 19, 29]","[[17, 20], [29, 30]]",thg | l,,,[29],"[[29, 30]]",l,,partial_match,xlmr_token_classifier,762.0
vihos_test_764,test,Xấu  người  xấu  nết  nhìn  là biết  cái  miệng  đẻ ra  trước  (khẩu  nghiệp),,,,,,,,,,,"[0, 1, 2, 3, 4, 5, 6, 7, 8, 9, 10, 11, 12, 13, 14, 15, 16, 17, 18, 19, 37, 38, 39, 40, 41, 42, 43, 44, 45, 46, 47, 48, 49, 50, 51, 52, 53, 54, 55, 56, 57, 58, 59, 60, 64, 65, 66, 67, 68, 69, 70, 71, 72, 73, 74, 75]","[[0, 20], [37, 61], [64, 76]]",Xấu  người  xấu  nết | cái  miệng  đẻ ra  trước | khẩu  nghiệp,,,"[12, 13, 14, 17, 18, 19, 31, 32, 33, 34, 37, 38, 39, 42, 43, 44, 45, 46, 49, 50, 64, 65, 66, 67, 70, 71, 72, 73, 74, 75]","[[12, 15], [17, 20], [31, 35], [37, 40], [42, 47], [49, 51], [64, 68], [70, 76]]",xấu | nết | biết | cái | miệng | đẻ | khẩu | nghiệp,,partial_match,xlmr_token_classifier,764.0
vihos_test_772,test,E trsi làm cái cằm nhọn quá,,,,,,,,,,,[],[],,,,"[15, 16, 17, 19, 20, 21, 22]","[[15, 18], [19, 23]]",cằm | nhọn,,false_positive,xlmr_token_classifier,772.0
vihos_test_773,test,"Nói như là VN chẵng có cái nào. Nhờ đãng và nhà nước nên giờ chiếm được 21 điểm. Còn cái vụ năm 74 cứ trách người ở Miền Nam. Thế có thằng ở miền bắc nào đó đã nói là trung quốc chiếm giùm, mai mốt sẽ trả lại.",,,,,,,,,,,"[61, 62, 63, 64, 65, 102, 103, 104, 105, 106, 133, 134, 135, 136, 137, 178, 179, 180, 181, 182]","[[61, 66], [102, 107], [133, 138], [178, 183]]",chiếm | trách | thằng | chiếm,,,"[133, 134, 135, 136, 137]","[[133, 138]]",thằng,,partial_match,xlmr_token_classifier,773.0
vihos_test_775,test,"Đm nó bây giờ mày là thằng ất ơ mới vào làm thì đm trên dưới cả bộ máy nó ăn thì mày có dám không ăn ? Còn cha mẹ phải nuôi còn dự định tương lai đm ở đâu cũng thế thôi , trên mạng ai biết mày là ai mày nói như kiểu thánh thiện lắm nhưng mà đời sống đéo có cái bỏ vào mồm thì xin mượn lời Ngọc Trinh là "" cạp đất mà ăn"" nhé . Thân ái",,,,,,,,,,,"[0, 1, 2, 3, 4, 14, 15, 16, 21, 22, 23, 24, 25, 26, 27, 28, 29, 30, 48, 49, 61, 62, 63, 64, 65, 66, 67, 68, 69, 70, 71, 72, 73, 74, 75, 81, 82, 83, 146, 147, 189, 190, 191, 199, 200, 201, 250, 251, 252]","[[0, 5], [14, 17], [21, 31], [48, 50], [61, 76], [81, 84], [146, 148], [189, 192], [199, 202], [250, 253]]",Đm nó | mày | thằng ất ơ | đm | cả bộ máy nó ăn | mày | đm | mày | mày | đéo,,,"[0, 1, 3, 4, 14, 15, 16, 21, 22, 23, 24, 25, 27, 28, 30, 48, 49, 71, 72, 81, 82, 83, 146, 147, 189, 190, 191, 199, 200, 201, 250, 251, 252, 261, 262, 264, 265, 266, 268, 269, 270, 305, 306, 307, 309, 310, 311, 313, 314, 316, 317]","[[0, 2], [3, 5], [14, 17], [21, 26], [27, 29], [30, 31], [48, 50], [71, 73], [81, 84], [146, 148], [189, 192], [199, 202], [250, 253], [261, 263], [264, 267], [268, 271], [305, 308], [309, 312], [313, 315], [316, 318]]",Đm | nó | mày | thằng | ất | ơ | đm | nó | mày | đm | mày | mày | đéo | bỏ | vào | mồm | cạp | đất | mà | ăn,,partial_match,xlmr_token_classifier,775.0
vihos_test_776,test,Con co rona dau mà hỏng tap vo coi mo di nay vun on,,,,,,,,,,,[],[],,,,"[0, 1, 2, 4, 5, 7, 8, 9, 10, 12, 13, 14, 35, 36]","[[0, 3], [4, 6], [7, 11], [12, 15], [35, 37]]",Con | co | rona | dau | mo,,false_positive,xlmr_token_classifier,776.0
vihos_test_777,test,dân ngu cu đen chết cả thôi,,,,,,,,,,,"[0, 1, 2, 3, 4, 5, 6, 7, 8, 9, 10, 11, 12, 13, 15, 16, 17, 18]","[[0, 14], [15, 19]]",dân ngu cu đen | chết,,,"[0, 1, 2, 4, 5, 6, 8, 9, 11, 12, 13, 15, 16, 17, 18]","[[0, 3], [4, 7], [8, 10], [11, 14], [15, 19]]",dân | ngu | cu | đen | chết,,partial_match,xlmr_token_classifier,777.0
vihos_test_778,test,Bắn bỏ đi thứ lắm Tiền mà cặn bã xã hội,,,,,,,,,,,"[0, 1, 2, 10, 11, 12, 26, 27, 28, 29, 30, 31]","[[0, 3], [10, 13], [26, 32]]",Bắn | thứ | cặn bã,,,"[0, 1, 2, 4, 5, 26, 27, 28, 30, 31]","[[0, 3], [4, 6], [26, 29], [30, 32]]",Bắn | bỏ | cặn | bã,,partial_match,xlmr_token_classifier,778.0
vihos_test_779,test,Con điên,,,,,,,,,,,"[0, 1, 2, 3, 4, 5, 6, 7]","[[0, 8]]",Con điên,,,"[0, 1, 2, 4, 5, 6, 7]","[[0, 3], [4, 8]]",Con | điên,,partial_match,xlmr_token_classifier,779.0
vihos_test_781,test,bắc kỳ theo cs đánh chiếm miền nam =))),,,,,,,,,,,"[0, 1, 2, 3, 4, 5, 15, 16, 17, 18, 19, 20, 21, 22, 23, 24]","[[0, 6], [15, 25]]",bắc kỳ | đánh chiếm,,,[],[],,,false_negative,xlmr_token_classifier,781.0
vihos_test_782,test,"Xin lỗi :(( 10 năm trc bán hàng onl còn chưa dc phổ biến lắm :((, nói chi là có livestream lúc ấy :((  Con này nó xạo vl :<",,,,,,,,,,,"[103, 104, 105, 111, 112, 114, 115, 116, 117, 118, 119]","[[103, 106], [111, 113], [114, 120]]",Con | nó | xạo vl,,,"[103, 104, 105, 111, 112, 114, 115, 116, 118, 119]","[[103, 106], [111, 113], [114, 117], [118, 120]]",Con | nó | xạo | vl,,partial_match,xlmr_token_classifier,782.0
vihos_test_785,test,Em thấy lủ chó Viêt Tân là có thwn thái nhất. Tiếc là nó đã lưu vog,,,,,,,,,,,"[8, 9, 10, 11, 12, 13, 14, 15, 16, 17, 18, 19, 20, 21, 22, 54, 55, 60, 61, 62, 63, 64, 65, 66]","[[8, 23], [54, 56], [60, 67]]",lủ chó Viêt Tân | nó | lưu vog,,,"[8, 9, 11, 12, 13, 30, 31, 32, 33, 54, 55]","[[8, 10], [11, 14], [30, 34], [54, 56]]",lủ | chó | thwn | nó,,partial_match,xlmr_token_classifier,785.0
vihos_test_787,test,"Cũng đồng ý vs ad nhưng bạn m từ khi tham gia và đọc từng câu từng chữ bài đăng của ad thì thay đổi hẳn,từ đứa ngoan hiền thành láo xược,có tí chuyện là chửi bới um lên,1 lol 2 lol. Buồn hẳn :'(",,,,,,,,,,,"[128, 129, 130, 131, 132, 133, 134, 135, 153, 154, 155, 156, 157, 158, 159, 160, 171, 172, 173, 177, 178, 179]","[[128, 136], [153, 161], [171, 174], [177, 180]]",láo xược | chửi bới | lol | lol,,,"[28, 107, 108, 109, 114, 115, 128, 129, 130, 132, 133, 134, 135, 153, 154, 155, 156, 158, 159, 160, 162, 163, 165, 166, 167, 171, 172, 173, 177, 178, 179, 182, 183, 184, 185]","[[28, 29], [107, 110], [114, 116], [128, 131], [132, 136], [153, 157], [158, 161], [162, 164], [165, 168], [171, 174], [177, 180], [182, 186]]",m | đứa | an | láo | xược | chửi | bới | um | lên | lol | lol | Buồn,,partial_match,xlmr_token_classifier,787.0
vihos_test_788,test,Cùng một lỗ đẻ ra và ngu như nhậu,,,,,,,,,,,"[9, 10, 11, 12, 13, 21, 22, 23]","[[9, 14], [21, 24]]",lỗ đẻ | ngu,,,"[9, 10, 12, 13, 15, 16, 21, 22, 23, 25, 26, 27, 29, 30, 31, 32]","[[9, 11], [12, 14], [15, 17], [21, 24], [25, 28], [29, 33]]",lỗ | đẻ | ra | ngu | như | nhậu,,partial_match,xlmr_token_classifier,788.0
vihos_test_790,test,"Du na chet bat thuong o trai tam giam,chu vo fai o benh vien deo dau ma tui bay dao boi ,soi moc, xoay sau vao lam ccc j z",,,,,,,,,,,"[0, 1, 2, 3, 4, 6, 7, 8, 9, 61, 62, 63, 89, 90, 91, 92, 93, 94, 95, 115, 116, 117]","[[0, 5], [6, 10], [61, 64], [89, 96], [115, 118]]",Du na | chet | deo | soi moc | ccc,,,"[0, 1, 3, 4, 6, 7, 8, 9, 61, 62, 63, 65, 66, 67, 80, 81, 82, 84, 85, 86, 115, 116, 117]","[[0, 2], [3, 5], [6, 10], [61, 64], [65, 68], [80, 83], [84, 87], [115, 118]]",Du | na | chet | deo | dau | dao | boi | ccc,,partial_match,xlmr_token_classifier,790.0
vihos_test_791,test,"May Cha  H O an Tro. Cap.  Ranh c. Di ngoi le.  Nhieu chuyen.  Do   Cai Thu , do tam than",,,,,,,,,,,"[4, 5, 6, 16, 17, 18, 19, 20, 21, 22, 23, 32, 38, 39, 40, 41, 42, 43, 44, 48, 49, 50, 51, 52, 53, 54, 55, 56, 57, 58, 59, 68, 69, 70, 71, 72, 73, 74, 81, 82, 83, 84, 85, 86, 87, 88]","[[4, 7], [16, 24], [32, 33], [38, 45], [48, 60], [68, 75], [81, 89]]",Cha | Tro. Cap | c | ngoi le | Nhieu chuyen | Cai Thu | tam than,,,"[21, 22, 23, 24, 30, 32, 38, 39, 40, 41, 43, 44, 48, 49, 50, 51, 52, 54, 55, 56, 57, 58, 59, 63, 64, 68, 69, 70, 72, 73, 74, 78, 79, 81, 82, 83, 85, 86, 87, 88]","[[21, 25], [30, 31], [32, 33], [38, 42], [43, 45], [48, 53], [54, 60], [63, 65], [68, 71], [72, 75], [78, 80], [81, 84], [85, 89]]",Cap. | h | c | ngoi | le | Nhieu | chuyen | Do | Cai | Thu | do | tam | than,,partial_match,xlmr_token_classifier,791.0
vihos_test_793,test,Văn Tuấn Mai nước hoa như nước sông vậy đó mà nói chuyện xạo lồn,,,,,,,,,,,"[26, 27, 28, 29, 30, 31, 32, 33, 34, 57, 58, 59, 60, 61, 62, 63]","[[26, 35], [57, 64]]",nước sông | xạo lồn,,,"[57, 58, 59, 61, 62, 63]","[[57, 60], [61, 64]]",xạo | lồn,,partial_match,xlmr_token_classifier,793.0
vihos_test_795,test,Trần Ngọc Dũng người bắc thì nói bắc..có cc gì mà phải nhột?,,,,,,,,,,,"[41, 42, 55, 56, 57, 58]","[[41, 43], [55, 59]]",cc | nhột,,,"[34, 35, 38, 39, 41, 42]","[[34, 36], [38, 40], [41, 43]]",ắc | có | cc,,partial_match,xlmr_token_classifier,795.0
vihos_test_796,test,"Tôi không dùng bảo hiểm , bởi vì bác sĩ coi thường sức khỏe bệnh nhân dùng bảo hiểm !!!!!!",,,,,,,,,,,"[40, 41, 42, 43, 44, 45, 46, 47, 48, 49]","[[40, 50]]",coi thường,,,[],[],,,false_negative,xlmr_token_classifier,796.0
vihos_test_801,test,Chang Chang 🥥🥥🥥🥥,,,,,,,,,,,[],[],,,,[12],"[[12, 13]]",🥥,,false_positive,xlmr_token_classifier,801.0
vihos_test_802,test,"Đụ má chị ba xạo lồn, giàu quá sao không trả nợ cho chị minh hiếu đi, nhà cô ba chắc ở gần kho bom.ai ở gần coi chừng bị nổ banh xac👎",,,,,,,,,,,"[0, 1, 2, 3, 4, 13, 14, 15, 16, 17, 18, 19, 91, 92, 93, 94, 95, 96, 97, 121, 122, 123, 124, 125, 126, 127, 128, 129, 130, 131, 132]","[[0, 5], [13, 20], [91, 98], [121, 133]]",Đụ má | xạo lồn | kho bom | nổ banh xac👎,,,"[0, 1, 3, 4, 13, 14, 15, 17, 18, 19, 121, 122, 124, 125, 126, 127]","[[0, 2], [3, 5], [13, 16], [17, 20], [121, 123], [124, 128]]",Đụ | má | xạo | lồn | nổ | banh,,partial_match,xlmr_token_classifier,802.0
vihos_test_803,test,"tiêu thụ bia nhiều nhất, trẻ trâu nhiều nhất :))",,,,,,,,,,,"[0, 1, 2, 3, 4, 5, 6, 7, 8, 9, 10, 11, 12, 13, 14, 15, 16, 17, 18, 19, 20, 21, 22, 23, 24, 25, 26, 27, 28, 29, 30, 31, 32, 33, 34, 35, 36, 37, 38, 39, 40, 41, 42, 43]","[[0, 44]]","tiêu thụ bia nhiều nhất, trẻ trâu nhiều nhất",,,"[25, 26, 27, 29, 30, 31, 32]","[[25, 28], [29, 33]]",trẻ | trâu,,partial_match,xlmr_token_classifier,803.0
vihos_test_804,test,ĐÉO MĘ VÀNG NĢOC CÁI ĐÉO GÌ LÁO PHÉT.SĄO KE.ĐĮT.MĘ TŲI DÂN TRUNG QUŐC NÓ CHÔN SŐNG NĮ. BÂY GIÖ ĐÂY.ĐÉO MĘ DÂN LÀM NAIL. MÀ SÕ LÁ. LO LA LÊN MĄNG. NÓI LÀ SŐNG MÃN ĐÖI TRÊN NHUNG LŲA  CÁI ĐÉO GÌ.DÂN CHÓ ĐÉO. SŐNG GÏA TĄO THÌ CÓ.,,,,,,,,,,,"[0, 1, 2, 3, 4, 5, 21, 22, 23, 28, 29, 30, 31, 32, 33, 34, 35, 44, 45, 46, 47, 48, 49, 70, 71, 72, 73, 74, 75, 76, 77, 78, 79, 80, 81, 82, 83, 84, 99, 100, 101, 102, 103, 104, 123, 124, 125, 126, 127, 186, 187, 188, 193, 194, 195, 196, 197, 198, 199, 200, 201, 202, 203, 206, 207, 208, 209, 210, 211, 212, 213, 214, 215, 216, 217]","[[0, 6], [21, 24], [28, 36], [44, 50], [70, 85], [99, 105], [123, 128], [186, 189], [193, 204], [206, 218]]",ĐÉO MĘ | ĐÉO | LÁO PHÉT | ĐĮT.MĘ | NÓ CHÔN SŐNG NĮ | ĐÉO MĘ | SÕ LÁ | ĐÉO | DÂN CHÓ ĐÉO | SŐNG GÏA TĄO,,,"[0, 1, 2, 12, 13, 14, 15, 21, 22, 23, 37, 38, 39, 41, 42, 44, 45, 46, 99, 100, 101, 130, 131, 133, 134, 140, 141, 177, 178, 179, 186, 187, 188, 201, 202, 203, 216]","[[0, 3], [12, 16], [21, 24], [37, 40], [41, 43], [44, 47], [99, 102], [130, 132], [133, 135], [140, 142], [177, 180], [186, 189], [201, 204], [216, 217]]",ĐÉO | NĢOC | ĐÉO | SĄO | KE | ĐĮT | ĐÉO | LO | LA | MĄ | LŲA | ĐÉO | ĐÉO | Ą,,partial_match,xlmr_token_classifier,804.0
vihos_test_805,test,"Cần xử tử con thú máu lạnh này vì nếu để nó sống , xã hội sẽ nguy hiểm hơn !",,,,,,,,,,,"[10, 11, 12, 13, 14, 15, 16, 17, 18, 19, 20, 21, 22, 23, 24, 25]","[[10, 26]]",con thú máu lạnh,,,"[4, 5, 7, 8, 10, 11, 12, 14, 15, 16, 18, 19, 20, 22, 23, 24, 25, 41, 42, 44, 45, 46, 47, 61, 62, 63, 64, 66, 67, 68, 69]","[[4, 6], [7, 9], [10, 13], [14, 17], [18, 21], [22, 26], [41, 43], [44, 48], [61, 65], [66, 70]]",xử | tử | con | thú | máu | lạnh | nó | sống | nguy | hiểm,,partial_match,xlmr_token_classifier,805.0
vihos_test_809,test,Biến lun cho đẹp bầu trời. Tui qá mệt mõi rồi,,,,,,,,,,,"[0, 1, 2, 3]","[[0, 4]]",Biến,,,[],[],,,false_negative,xlmr_token_classifier,809.0
vihos_test_813,test,baroibeo,,,,,,,,,,,[],[],,,,[7],"[[7, 8]]",o,,false_positive,xlmr_token_classifier,813.0
vihos_test_817,test,Con này nó bỏ quên não khi chạy xe rùi.😈,,,,,,,,,,,"[0, 1, 2, 8, 9, 19, 20, 21, 39]","[[0, 3], [8, 10], [19, 22], [39, 40]]",Con | nó | não | 😈,,,"[0, 1, 2, 8, 9, 11, 12, 14, 15, 16, 17, 19, 20, 21]","[[0, 3], [8, 10], [11, 13], [14, 18], [19, 22]]",Con | nó | bỏ | quên | não,,partial_match,xlmr_token_classifier,817.0
vihos_test_818,test,Thật ra là quên kéo khóa quần ngoài lộ quần trong nên để lộ hẳn thành phong cách mới cho nó đỡ quê,,,,,,,,,,,"[11, 12, 13, 14, 15, 16, 17, 18, 19, 20, 21, 22, 23, 24, 25, 26, 27, 28, 39, 40, 41, 42, 43, 44, 45, 46, 47, 48, 95, 96, 97]","[[11, 29], [39, 49], [95, 98]]",quên kéo khóa quần | quần trong | quê,,,"[16, 17, 18, 20, 21, 22, 23, 25, 26, 27, 28, 30, 31, 32, 33, 34, 36, 37, 39, 40, 41, 42, 44, 45, 46, 47, 48, 54, 55, 57, 58, 60, 61, 62, 64, 65, 66, 67, 68, 70, 71, 72, 73, 74, 76, 77, 78, 79, 81, 82, 83, 89, 90, 95, 96, 97]","[[16, 19], [20, 24], [25, 29], [30, 35], [36, 38], [39, 43], [44, 49], [54, 56], [57, 59], [60, 63], [64, 69], [70, 75], [76, 80], [81, 84], [89, 91], [95, 98]]",kéo | khóa | quần | ngoài | lộ | quần | trong | để | lộ | hẳn | thành | phong | cách | mới | nó | quê,,partial_match,xlmr_token_classifier,818.0
vihos_test_820,test,Lee Sin lol mẹ giáo án kiểm soát của thầy Tú,,,,,,,,,,,"[8, 9, 10, 11, 12, 13]","[[8, 14]]",lol mẹ,,,"[8, 9, 10, 12, 13]","[[8, 11], [12, 14]]",lol | mẹ,,partial_match,xlmr_token_classifier,820.0
vihos_test_825,test,Bao nhiêu tiền đem cho con đi định cư bên mẽo cả rồi,,,,,,,,,,,"[42, 43, 44]","[[42, 45]]",mẽo,,,[],[],,,false_negative,xlmr_token_classifier,825.0
vihos_test_826,test,Thôn làm là tham lồn còn thôn lầm là do thâm lồn của con gái mẹ chúng nó,,,,,,,,,,,"[0, 1, 2, 3, 4, 5, 6, 7, 12, 13, 14, 15, 16, 17, 18, 19, 25, 26, 27, 28, 29, 30, 31, 32, 40, 41, 42, 43, 44, 45, 46, 47, 61, 62, 63, 64, 65, 66, 67, 68, 69, 70, 71]","[[0, 8], [12, 20], [25, 33], [40, 48], [61, 72]]",Thôn làm | tham lồn | thôn lầm | thâm lồn | mẹ chúng nó,,,"[12, 13, 14, 15, 17, 18, 19, 30, 31, 32, 40, 41, 42, 43, 45, 46, 47, 57, 58, 59, 61, 62, 64, 65, 66, 67, 68, 70, 71]","[[12, 16], [17, 20], [30, 33], [40, 44], [45, 48], [57, 60], [61, 63], [64, 69], [70, 72]]",tham | lồn | lầm | thâm | lồn | gái | mẹ | chúng | nó,,partial_match,xlmr_token_classifier,826.0
vihos_test_828,test,"Phải nói cho rõ là Chính phủ tặng chứ thủ tướng lương có hai chục triệu thì lấy đâu ra tiền mà tặng, thực tế thì ông cũng ko bỏ tiền túi ra!",,,,,,,,,,,[],[],,,,"[117, 118, 119, 120, 125, 126, 128, 129, 130, 131, 133, 134, 135]","[[117, 121], [125, 127], [128, 132], [133, 136]]",cũng | bỏ | tiền | túi,,false_positive,xlmr_token_classifier,828.0
vihos_test_831,test,Và bộ tộc mixi cũng từ đó ra đời dưới sự lãnh đạo của tộc trưởng người Cao Bằng buồi to như lõi giấy vệ sinh =)),,,,,,,,,,,"[80, 81, 82, 83, 84, 85, 86, 87, 88, 89, 90, 91, 92, 93, 94, 95, 96, 97, 98, 99, 100, 101, 102, 103, 104, 105, 106, 107]","[[80, 108]]",buồi to như lõi giấy vệ sinh,,,"[80, 81, 82, 83, 85, 86, 88, 89, 90, 92, 93, 94, 96, 97, 98, 99, 101, 102, 104, 105, 106, 107]","[[80, 84], [85, 87], [88, 91], [92, 95], [96, 100], [101, 103], [104, 108]]",buồi | to | như | lõi | giấy | vệ | sinh,,partial_match,xlmr_token_classifier,831.0
vihos_test_833,test,"Cũng có 16x cái like , 1 là ngu giống admin , 2 là like thương hại :v",,,,,,,,,,,"[28, 29, 30, 56, 57, 58, 59, 60, 61, 62, 63, 64, 65]","[[28, 31], [56, 66]]",ngu | thương hại,,,"[28, 29, 30, 56, 57, 58, 59, 60, 61, 63, 64, 65]","[[28, 31], [56, 62], [63, 66]]",ngu | thương | hại,,partial_match,xlmr_token_classifier,833.0
vihos_test_839,test,Đào Mạnh An bên đấy nó vẫn coi đay là cúm bt thôi tự mua thuốc về mà uống:)),,,,,,,,,,,[],[],,,,"[20, 21, 38, 39, 40]","[[20, 22], [38, 41]]",nó | cúm,,false_positive,xlmr_token_classifier,839.0
vihos_test_843,test,"tháng nào cũng đi đóng thuế để giải quyêt ngân sách kiểu này đây ,xây tượng góp phần giàu đẹp đất nước còn gì haha",,,,,,,,,,,[],[],,,,"[31, 32, 33, 34, 36, 37, 38, 39, 40, 66, 67, 68, 70, 71, 72, 73, 74]","[[31, 35], [36, 41], [66, 69], [70, 75]]",giải | quyêt | xây | tượng,,false_positive,xlmr_token_classifier,843.0
vihos_test_844,test,"Bị nhiễm covit 19 sao ko ở bên anh mà chữa về VN làm đéo gì để lây nhiễm người khác tốn kém tiền nhà nước ,bọn nhà giầu đú đỏn",,,,,,,,,,,"[53, 54, 55, 107, 108, 109, 120, 121, 122, 123, 124, 125]","[[53, 56], [107, 110], [120, 126]]",đéo | bọn | đú đỏn,,,"[53, 54, 55, 107, 108, 109, 111, 112, 113, 115, 116, 117, 118, 120, 121, 123, 124, 125]","[[53, 56], [107, 110], [111, 114], [115, 119], [120, 122], [123, 126]]",đéo | bọn | nhà | giầu | đú | đỏn,,partial_match,xlmr_token_classifier,844.0
vihos_test_845,test,qua page Comcom xem dân VN cũng có nhiều thằng ngu tương tự đó :)))),,,,,,,,,,,"[44, 45, 46, 47, 48, 49, 50, 51, 52, 53]","[[44, 54]]",thằng ngu,,,"[44, 45, 46, 47, 48, 49, 51, 52, 53, 55, 56, 57, 58, 59, 61, 62, 63]","[[44, 50], [51, 54], [55, 60], [61, 64]]",thằng | ngu | tương | tự,,partial_match,xlmr_token_classifier,845.0
vihos_test_848,test,Còn đó nó bị nứng lồn rồi nên nó chọc Ng ta,,,,,,,,,,,"[0, 1, 2, 7, 8, 13, 14, 15, 16, 17, 18, 19, 20, 30, 31, 33, 34, 35, 36]","[[0, 3], [7, 9], [13, 21], [30, 32], [33, 37]]",Còn | nó | nứng lồn | nó | chọc,,,"[7, 8, 13, 14, 15, 16, 18, 19, 20, 30, 31, 33, 34, 35, 36]","[[7, 9], [13, 17], [18, 21], [30, 32], [33, 37]]",nó | nứng | lồn | nó | chọc,,partial_match,xlmr_token_classifier,848.0
vihos_test_849,test,Vãi lìn 😂😂,,,,,,,,,,,"[0, 1, 2, 3, 4, 5, 6]","[[0, 7]]",Vãi lìn,,,"[0, 1, 2, 4, 5, 6]","[[0, 3], [4, 7]]",Vãi | lìn,,partial_match,xlmr_token_classifier,849.0
vihos_test_850,test,"mà t cũng đ' hiểu, rõ ràng là bọn quan nó cũng dùng nước mà ? Hay bọn nó có nguồn nước riêng nên kệ mẹ dân ???",,,,,,,,,,,"[3, 10, 39, 40, 66, 67, 68, 69, 70, 71, 72, 73, 74, 75, 76, 77, 78, 79, 80, 81, 82, 83, 84, 85, 86, 87, 88, 89, 90, 91, 92, 93, 94, 95, 96, 97, 98, 99, 100, 101, 102, 103, 104, 105]","[[3, 4], [10, 11], [39, 41], [66, 106]]",t | đ | nó | bọn nó có nguồn nước riêng nên kệ mẹ dân,,,"[3, 10, 11, 30, 31, 32, 34, 35, 36, 37, 39, 40, 66, 67, 68, 70, 71, 100, 101]","[[3, 4], [10, 12], [30, 33], [34, 38], [39, 41], [66, 69], [70, 72], [100, 102]]",t | đ' | bọn | quan | nó | bọn | nó | mẹ,,partial_match,xlmr_token_classifier,850.0
vihos_test_852,test,Tú là con đĩ của aBe hãy gọi aBe là Daddy điiiiii,,,,,,,,,,,"[6, 7, 8, 9, 10, 11]","[[6, 12]]",con đĩ,,,"[6, 7, 8, 10, 11]","[[6, 9], [10, 12]]",con | đĩ,,partial_match,xlmr_token_classifier,852.0
vihos_test_855,test,Nhanh khỏi còn về đá wc🤣,,,,,,,,,,,[],[],,,,"[18, 19, 21, 22]","[[18, 20], [21, 23]]",đá | wc,,false_positive,xlmr_token_classifier,855.0
vihos_test_857,test,"Móa , tài sản mấy ổng từ cướp dân mà ra ko chứ ai",,,,,,,,,,,"[0, 1, 2, 25, 26, 27, 28]","[[0, 3], [25, 29]]",Móa | cướp,,,"[0, 1, 2, 25, 26, 27, 28, 30, 31, 32]","[[0, 3], [25, 29], [30, 33]]",Móa | cướp | dân,,partial_match,xlmr_token_classifier,857.0
vihos_test_858,test,Khiếp cái quả mồm của ông đấy chắc huyền thoại cmnr 😂😂,,,,,,,,,,,"[0, 1, 2, 3, 4, 14, 15, 16, 47, 48, 49, 50]","[[0, 5], [14, 17], [47, 51]]",Khiếp | mồm | cmnr,,,"[10, 11, 12, 14, 15, 16, 47, 48, 49, 50]","[[10, 13], [14, 17], [47, 51]]",quả | mồm | cmnr,,partial_match,xlmr_token_classifier,858.0
vihos_test_859,test,Lisa là con phản động.. ///. Sao bằng cô này,,,,,,,,,,,"[8, 9, 10, 11, 12, 13, 14, 15, 16, 17, 18, 19, 20, 24, 25, 26]","[[8, 21], [24, 27]]",con phản động | ///,,,"[8, 9, 10, 12, 13, 14, 15, 17, 18, 19, 20]","[[8, 11], [12, 16], [17, 21]]",con | phản | động,,partial_match,xlmr_token_classifier,859.0
vihos_test_860,test,"Kết quả từ sự lãnh đạo của đả: tham nhũng tràn lan nên mới gây ra đại họa này ( làm đường thì bớt vật liệu chất lượng kém, lái xe thì mua bằng , chạy quá tốc độ thì đã được chó vàng bảo kê khi đã nộp mãi lộ, đăng kiểm thì kiểm tra bằng tiền .....)đmcs",,,,,,,,,,,"[31, 32, 33, 34, 35, 36, 37, 38, 39, 40, 173, 174, 175, 176, 177, 178, 179, 180, 222, 223, 224, 225, 226, 227, 228, 229, 230, 231, 232, 233, 234, 235, 236, 237, 238, 239, 247, 248, 249, 250]","[[31, 41], [173, 181], [222, 240], [247, 251]]",tham nhũng | chó vàng | kiểm tra bằng tiền | đmcs,,,"[27, 28, 31, 32, 33, 34, 36, 37, 38, 39, 40, 66, 67, 68, 70, 71, 72, 173, 174, 175, 177, 178, 179, 180, 247, 248, 249, 250]","[[27, 29], [31, 35], [36, 41], [66, 69], [70, 73], [173, 176], [177, 181], [247, 251]]",đả | tham | nhũng | đại | họa | chó | vàng | đmcs,,partial_match,xlmr_token_classifier,860.0
vihos_test_861,test,trong nội bộ tổ chức tụi bây còn không tin nhau thì nhân dân nào mà tin tuyên giáo búa liềm,,,,,,,,,,,"[21, 22, 23, 24, 25, 26, 27, 83, 84, 85, 86, 87, 88, 89, 90]","[[21, 28], [83, 91]]",tụi bây | búa liềm,,,"[21, 22, 23, 25, 26, 27, 83, 84, 85, 87, 88, 89, 90]","[[21, 24], [25, 28], [83, 86], [87, 91]]",tụi | bây | búa | liềm,,partial_match,xlmr_token_classifier,861.0
vihos_test_863,test,"May thsng noi doc , cong san gioi lam ko can may thsng vo dung 3 que dau.",,,,,,,,,,,"[4, 5, 6, 7, 8, 20, 21, 22, 23, 24, 25, 26, 27, 28, 29, 30, 31, 32, 33, 34, 35, 36, 49, 50, 51, 52, 53, 63, 64, 65, 66, 67]","[[4, 9], [20, 37], [49, 54], [63, 68]]",thsng | cong san gioi lam | thsng | 3 que,,,"[0, 1, 2, 6, 45, 46, 47, 49, 50, 51, 52, 53, 55, 56, 58, 59, 60, 61, 63, 65, 66, 67, 69, 70, 71]","[[0, 3], [6, 7], [45, 48], [49, 54], [55, 57], [58, 62], [63, 64], [65, 68], [69, 72]]",May | s | may | thsng | vo | dung | 3 | que | dau,,partial_match,xlmr_token_classifier,863.0
vihos_test_864,test,Chỉ 3 vàng ngọc như con heo nọc nhà e,,,,,,,,,,,"[0, 1, 2, 3, 4, 5, 6, 7, 8, 9, 10, 11, 12, 13, 14, 15, 16, 17, 18, 19, 20, 21, 22, 23, 24, 25, 26, 27, 28, 29, 30, 31, 32, 33]","[[0, 34]]",Chỉ 3 vàng ngọc như con heo nọc,,,[],[],,,false_negative,xlmr_token_classifier,864.0
vihos_test_865,test,gáy đê thầy ơi,,,,,,,,,,,[],[],,,,"[0, 1, 2, 4, 5]","[[0, 3], [4, 6]]",gáy | đê,,false_positive,xlmr_token_classifier,865.0
vihos_test_869,test,Kaxỹyyyy Katm??? What????,,,,,,,,,,,[],[],,,,[12],"[[12, 13]]",m,,false_positive,xlmr_token_classifier,869.0
vihos_test_870,test,Anh sinh viên nghèo Hải Phòng và Con cave già Sa Đéc !,,,,,,,,,,,"[33, 34, 35, 36, 37, 38, 39, 40, 41, 42, 43, 44]","[[33, 45]]",Con cave già,,,"[33, 34, 35, 37, 38, 39, 40, 42, 43, 44]","[[33, 36], [37, 41], [42, 45]]",Con | cave | già,,partial_match,xlmr_token_classifier,870.0
vihos_test_873,test,Câu Fame vớ vẩn,,,,,,,,,,,"[0, 1, 2, 9, 10, 11, 12, 13, 14]","[[0, 3], [9, 15]]",Câu | vớ vẩn,,,[],[],,,false_negative,xlmr_token_classifier,873.0
vihos_test_874,test,Trong khi thế giới đang đi lên thì nước mình lại đi xuống...,,,,,,,,,,,"[10, 11, 12, 13, 14, 15, 16, 17, 18, 19, 20, 21, 22, 23, 24, 25, 26, 27, 28, 29, 30, 31, 32, 33, 34, 35, 36, 37, 38, 39, 40, 41, 42, 43, 44, 45, 46, 47, 48, 49, 50, 51, 52, 53, 54, 55, 56]","[[10, 57]]",thế giới đang đi lên thì nước mình lại đi xuống,,,[],[],,,false_negative,xlmr_token_classifier,874.0
vihos_test_876,test,Phương Thảo nom có như thằng trẻ trâu ở quê không,,,,,,,,,,,"[23, 24, 25, 26, 27, 29, 30, 31, 32, 33, 34, 35, 36]","[[23, 28], [29, 37]]",thằng | trẻ trâu,,,"[12, 13, 14, 23, 24, 25, 26, 27, 29, 30, 31, 33, 34, 35, 36]","[[12, 15], [23, 28], [29, 32], [33, 37]]",nom | thằng | trẻ | trâu,,partial_match,xlmr_token_classifier,876.0
vihos_test_877,test,"Philip lấy dữ liệu đâu vậy ad...tổ chức cái giải ao làng còn đéo có tiền,vũ khí thì ko có cái j ra hồn.Dữ liệu thế mà bọn 3 que nó tin được.Chứng tỏ bọn chống cộng toàn lợn",,,,,,,,,,,"[61, 62, 63, 118, 119, 120, 121, 122, 123, 124, 125, 126, 128, 129, 149, 150, 151, 169, 170, 171]","[[61, 64], [118, 127], [128, 130], [149, 152], [169, 172]]",đéo | bọn 3 que | nó | bọn | lợn,,,"[61, 62, 63, 73, 74, 76, 77, 78, 84, 85, 87, 88, 90, 91, 92, 94, 96, 97, 99, 100, 101, 118, 119, 120, 122, 124, 125, 126, 128, 129, 149, 150, 151, 153, 154, 155, 156, 157, 159, 160, 161, 162, 164, 165, 166, 167, 169, 170, 171]","[[61, 64], [73, 75], [76, 79], [84, 86], [87, 89], [90, 93], [94, 95], [96, 98], [99, 102], [118, 121], [122, 123], [124, 127], [128, 130], [149, 152], [153, 158], [159, 163], [164, 168], [169, 172]]",đéo | vũ | khí | ko | có | cái | j | ra | hồn | bọn | 3 | que | nó | bọn | chống | cộng | toàn | lợn,,partial_match,xlmr_token_classifier,877.0
vihos_test_879,test,dkm chung no ko tiem cho cac chau sau nay lay ai giu nuoc,,,,,,,,,,,"[0, 1, 2, 4, 5, 6, 7, 8, 9, 10, 11]","[[0, 3], [4, 12]]",dkm | chung no,,,"[0, 1, 2, 10, 11, 49]","[[0, 3], [10, 12], [49, 50]]",dkm | no | g,,partial_match,xlmr_token_classifier,879.0
vihos_test_880,test,hậu duệ mặt dày,,,,,,,,,,,"[8, 9, 10, 11, 12, 13, 14]","[[8, 15]]",mặt dày,,,"[4, 5, 8, 9, 10, 12, 13, 14]","[[4, 6], [8, 11], [12, 15]]",du | mặt | dày,,partial_match,xlmr_token_classifier,880.0
vihos_test_881,test,Có thêm vài người như nhung thì toang.,,,,,,,,,,,"[0, 1, 2, 3, 4, 5, 6, 7, 8, 9, 10, 11, 12, 13, 14, 15, 16, 17, 18, 19, 20, 21, 22, 23, 24, 25, 26, 27, 28, 29, 30, 31, 32, 33, 34, 35, 36]","[[0, 37]]",Có thêm vài người như nhung thì toang,,,[],[],,,false_negative,xlmr_token_classifier,881.0
vihos_test_882,test,tao lại dưới loz tao lại lên .kkk,,,,,,,,,,,"[4, 5, 6, 13, 14, 15, 21, 22, 23]","[[4, 7], [13, 16], [21, 24]]",lại | loz | lại,,,"[0, 1, 2, 13, 14, 15, 17, 18, 19]","[[0, 3], [13, 16], [17, 20]]",tao | loz | tao,,partial_match,xlmr_token_classifier,882.0
vihos_test_883,test,Thùy Promise nghe Hư Trúc nhưng lại rất Mộ Dung Phục à emmm???,,,,,,,,,,,[],[],,,,"[57, 58]","[[57, 59]]",mm,,false_positive,xlmr_token_classifier,883.0
vihos_test_886,test,Trang lồn trâu này chả khác đéo gì việt tân. Fan thì địt có ai. Toàn gây thù chuốc oán cho nhau. Còn những thằng cmt ở trên vs những cái suy nghĩ lệch lạc cũng chẳng khác lồn gì lũ bán nước.,,,,,,,,,,,"[6, 7, 8, 9, 10, 11, 12, 13, 28, 29, 30, 53, 54, 55, 69, 70, 71, 72, 73, 74, 75, 76, 77, 78, 79, 80, 81, 82, 83, 84, 85, 107, 108, 109, 110, 111, 146, 147, 148, 149, 150, 151, 152, 153, 171, 172, 173, 178, 179, 180, 181, 182, 183, 184, 185, 186, 187, 188]","[[6, 14], [28, 31], [53, 56], [69, 86], [107, 112], [146, 154], [171, 174], [178, 189]]",lồn trâu | đéo | địt | gây thù chuốc oán | thằng | lệch lạc | lồn | lũ bán nước,,,"[0, 1, 2, 3, 4, 6, 7, 8, 10, 11, 12, 13, 28, 29, 30, 53, 54, 55, 73, 74, 75, 77, 78, 79, 80, 81, 83, 84, 85, 107, 108, 109, 110, 111, 151, 152, 153, 171, 172, 173, 178, 179, 181, 182, 183, 185, 186, 187, 188]","[[0, 5], [6, 9], [10, 14], [28, 31], [53, 56], [73, 76], [77, 82], [83, 86], [107, 112], [151, 154], [171, 174], [178, 180], [181, 184], [185, 189]]",Trang | lồn | trâu | đéo | địt | thù | chuốc | oán | thằng | lạc | lồn | lũ | bán | nước,,partial_match,xlmr_token_classifier,886.0
vihos_test_888,test,Ngu thì chết chứ bệnh tật j. Thắng lại làm j,,,,,,,,,,,"[0, 1, 2, 8, 9, 10, 11, 12, 13, 14, 15, 16, 17, 18, 19, 20, 21, 22, 23, 24, 25, 26]","[[0, 3], [8, 27]]",Ngu | chết chứ bệnh tật j,,,"[0, 1, 2, 4, 5, 6, 8, 9, 10, 11, 17, 18, 19, 20, 22, 23, 24]","[[0, 3], [4, 7], [8, 12], [17, 21], [22, 25]]",Ngu | thì | chết | bệnh | tật,,partial_match,xlmr_token_classifier,888.0
vihos_test_891,test,"haha chúng nó tính thoát trung bằng các chui vào rọ Mỹ =)) thoát thoát cái cm mấy thằng phản động , não chó bày đặt chê bai",,,,,,,,,,,"[5, 6, 7, 8, 9, 10, 11, 12, 19, 20, 21, 22, 23, 24, 25, 26, 27, 28, 29, 40, 41, 42, 43, 44, 45, 46, 47, 48, 49, 50, 51, 52, 53, 75, 76, 78, 79, 80, 81, 82, 83, 84, 85, 86, 87, 88, 89, 90, 91, 92, 93, 94, 95, 96, 100, 101, 102, 103, 104, 105, 106, 108, 109, 110, 111, 112, 113, 114, 115, 116, 117, 118, 119, 120, 121, 122]","[[5, 13], [19, 30], [40, 54], [75, 77], [78, 97], [100, 107], [108, 123]]",chúng nó | thoát trung | chui vào rọ Mỹ | cm | mấy thằng phản động | não chó | bày đặt chê bai,,,"[5, 6, 7, 8, 9, 11, 12, 40, 41, 42, 43, 75, 76, 82, 83, 84, 85, 86, 88, 89, 90, 91, 93, 94, 95, 96, 100, 101, 102, 104, 105, 106, 116, 117, 118, 120, 121, 122]","[[5, 10], [11, 13], [40, 44], [75, 77], [82, 87], [88, 92], [93, 97], [100, 103], [104, 107], [116, 119], [120, 123]]",chúng | nó | chui | cm | thằng | phản | động | não | chó | chê | bai,,partial_match,xlmr_token_classifier,891.0
vihos_test_896,test,Xạo l*n quen rồi bạn ơi. 😄,,,,,,,,,,,"[0, 1, 2, 3, 4, 5, 6]","[[0, 7]]",Xạo l*n,,,"[0, 1, 2, 4, 5, 6]","[[0, 3], [4, 7]]",Xạo | l*n,,partial_match,xlmr_token_classifier,896.0
vihos_test_897,test,Giờ này chắc con mụ này nhục lắm đây.,,,,,,,,,,,"[13, 14, 15, 16, 17, 18]","[[13, 19]]",con mụ,,,"[13, 14, 15, 17, 18, 24, 25, 26, 27]","[[13, 16], [17, 19], [24, 28]]",con | mụ | nhục,,partial_match,xlmr_token_classifier,897.0
vihos_test_898,test,Bãi cức nào cũng có dấu răng của AD ^^,,,,,,,,,,,"[4, 5, 6]","[[4, 7]]",cức,,,"[2, 4, 5, 6, 17, 18, 20, 21, 22, 24, 25, 26, 27, 29, 30, 31]","[[2, 3], [4, 7], [17, 19], [20, 23], [24, 28], [29, 32]]",i | cức | có | dấu | răng | của,,partial_match,xlmr_token_classifier,898.0
vihos_test_899,test,"Lão già này đã mở được mắt rôi à, năm 2022 quoay đầu về bờ , đúng là đồ dở hết đường đi. Võ ông đánh gà ko tụt lông.",,,,,,,,,,,"[0, 1, 2, 3, 4, 5, 6, 69, 70, 71, 72, 73, 111, 112, 113, 114]","[[0, 7], [69, 74], [111, 115]]",Lão già | đồ dở | lông,,,"[0, 1, 2, 4, 5, 6, 72, 73, 89, 90, 92, 93, 94, 96, 97, 98, 99, 101, 102, 104, 105, 107, 108, 109, 111, 112, 113, 114]","[[0, 3], [4, 7], [72, 74], [89, 91], [92, 95], [96, 100], [101, 103], [104, 106], [107, 110], [111, 115]]",Lão | già | dở | Võ | ông | đánh | gà | ko | tụt | lông,,partial_match,xlmr_token_classifier,899.0
vihos_test_907,test,Nó lại được vãi lòn,,,,,,,,,,,"[0, 1, 12, 13, 14, 15, 16, 17, 18]","[[0, 2], [12, 19]]",Nó | vãi lòn,,,"[0, 1, 12, 13, 14, 16, 17, 18]","[[0, 2], [12, 15], [16, 19]]",Nó | vãi | lòn,,partial_match,xlmr_token_classifier,907.0
vihos_test_909,test,"alloc(init,512, GetTickCount)",,,,,,,,,,,[],[],,,,"[3, 4]","[[3, 5]]",oc,,false_positive,xlmr_token_classifier,909.0
vihos_test_910,test,Đỏ gì mà ở ngay sát bờ là sao ?,,,,,,,,,,,[],[],,,,"[0, 1]","[[0, 2]]",Đỏ,,false_positive,xlmr_token_classifier,910.0
vihos_test_916,test,Link em gái ngon ngọt nước nè bao phê luôn,,,,,,,,,,,"[12, 13, 14, 15, 16, 17, 18, 19, 20, 21, 22, 23, 24, 25, 34, 35, 36]","[[12, 26], [34, 37]]",ngon ngọt nước | phê,,,[],[],,,false_negative,xlmr_token_classifier,916.0
vihos_test_918,test,"Nhìn chị Minh Hiếu có duyên hết sức, nói chuyện rất chân thật, mặc dù mỗi lần live chửi rất táo tợn nhưng nghe và nhìn chị ấy rất thánh thiện và chất. Chúc chị luôn vui khoẻ và hp. Mong có dịp sẽ được gặp chị",,,,,,,,,,,[],[],,,,"[83, 84, 85, 86]","[[83, 87]]",chửi,,false_positive,xlmr_token_classifier,918.0
vihos_test_921,test,Nhảy ổn như mạng nhà t😕,,,,,,,,,,,"[0, 1, 2, 3, 4, 5, 6, 7, 8, 9, 10, 11, 12, 13, 14, 15, 16, 17, 18, 19, 20, 21]","[[0, 22]]",Nhảy ổn như mạng nhà t,,,[21],"[[21, 22]]",t,,partial_match,xlmr_token_classifier,921.0
vihos_test_922,test,Thanh Tuấn nghe mùi hôi thúi như cứt từ miệng bạn,,,,,,,,,,,"[20, 21, 22, 23, 24, 25, 26, 27, 33, 34, 35]","[[20, 28], [33, 36]]",hôi thúi | cứt,,,"[24, 25, 26, 27, 33, 34, 35]","[[24, 28], [33, 36]]",thúi | cứt,,partial_match,xlmr_token_classifier,922.0
vihos_test_925,test,Đầu óc lão này có vấn đề kiểu gì ấy,,,,,,,,,,,"[0, 1, 2, 3, 4, 5, 6, 7, 8, 9, 10, 11, 12, 13, 14, 15, 16, 17, 18, 19, 20, 21, 22, 23]","[[0, 24]]",Đầu óc lão này có vấn đề,,,"[0, 1, 2, 4, 5, 7, 8, 9, 18, 19, 20, 22, 23, 25, 26, 27, 28, 30, 31]","[[0, 3], [4, 6], [7, 10], [18, 21], [22, 24], [25, 29], [30, 32]]",Đầu | óc | lão | vấn | đề | kiểu | gì,,partial_match,xlmr_token_classifier,925.0
vihos_test_926,test,"Thực dân pháp rất ác đè đầu cởi cổ thu trăm thư thuế, bây giờ dân tự nguyện đóng nghìn thứ thuế",,,,,,,,,,,"[21, 22, 23, 25, 26, 27, 28, 29, 30, 31, 32, 33, 34, 35, 36, 37, 38, 39, 40, 41]","[[21, 24], [25, 42]]",ác | đè đầu cởi cổ,,,"[21, 22, 23, 25, 26, 39, 40, 41, 43, 44, 45]","[[21, 24], [25, 27], [39, 42], [43, 46]]",ác | đe | cổ | thu,,partial_match,xlmr_token_classifier,926.0
vihos_test_927,test,Trời ơi kg ai xấu bằng con quỉ cái miệng rộng. Mở miệng ra dơ dái mất dạy. Nhà khổ thấy mẹ chắc đeo ba vàng giả chứ gì.,,,,,,,,,,,"[14, 15, 16, 23, 24, 25, 26, 27, 28, 29, 30, 31, 32, 33, 34, 35, 36, 37, 38, 39, 40, 41, 42, 43, 44, 59, 60, 61, 62, 63, 64, 66, 67, 68, 69, 70, 71, 72, 79, 80, 81, 82, 83, 84, 85, 86, 87, 88, 89, 108, 109, 110]","[[14, 17], [23, 45], [59, 65], [66, 73], [79, 90], [108, 111]]",xấu | con quỉ cái miệng rộng | dơ dái | mất dạy | khổ thấy mẹ | giả,,,"[8, 9, 14, 15, 16, 23, 24, 25, 27, 28, 29, 31, 32, 33, 35, 36, 37, 38, 39, 41, 42, 43, 44, 59, 60, 62, 63, 64, 66, 67, 68, 70, 71, 72, 75, 76, 77, 79, 80, 81, 88, 89]","[[8, 10], [14, 17], [23, 26], [27, 30], [31, 34], [35, 40], [41, 45], [59, 61], [62, 65], [66, 69], [70, 73], [75, 78], [79, 82], [88, 90]]",kg | xấu | con | quỉ | cái | miệng | rộng | dơ | dái | mất | dạy | Nhà | khổ | mẹ,,partial_match,xlmr_token_classifier,927.0
vihos_test_931,test,Thân? Chửi học trò như 1 con chó... Thương cái lồl..,,,,,,,,,,,"[6, 7, 8, 9, 29, 30, 31, 47, 48, 49]","[[6, 10], [29, 32], [47, 50]]",Chửi | chó | lồl,,,"[6, 7, 8, 9, 19, 20, 21, 23, 25, 26, 27, 29, 30, 31, 47, 48, 49]","[[6, 10], [19, 22], [23, 24], [25, 28], [29, 32], [47, 50]]",Chửi | như | 1 | con | chó | lồl,,partial_match,xlmr_token_classifier,931.0
vihos_test_933,test,"nếu nó niêm giá thì lỗi do người mua mất cảnh giác ! sống ở thiên đường mà mất cảnh giác là sa chân xuống hố ngay tức thì! đi xe ôm cũng phải hỏi giá, mua bánh mì cũng hỏi giá....đến hối lộ công an hay bác sĩ còn có khung giá ! ko hỏi thì đừng trách .... thiên đường khốn cmn nạn !",,,,,,,,,,,"[4, 5, 183, 184, 185, 186, 187, 188, 267, 268, 269, 270, 271, 272, 273, 274, 275, 276, 277, 278]","[[4, 6], [183, 189], [267, 279]]",nó | hối lộ | khốn cmn nạn,,,"[4, 5, 37, 38, 39, 75, 76, 77, 79, 80, 81, 82, 84, 85, 86, 87, 95, 96, 97, 98, 100, 101, 102, 103, 104, 106, 107, 109, 110, 111, 112, 183, 184, 185, 187, 188, 267, 268, 269, 270, 272, 273, 274, 276, 277, 278]","[[4, 6], [37, 40], [75, 78], [79, 83], [84, 88], [95, 99], [100, 105], [106, 108], [109, 113], [183, 186], [187, 189], [267, 271], [272, 275], [276, 279]]",nó | mất | mất | cảnh | giác | chân | xuống | hố | ngay | hối | lộ | khốn | cmn | nạn,,partial_match,xlmr_token_classifier,933.0
vihos_test_934,test,Co kg chi,,,,,,,,,,,[],[],,,,"[3, 4]","[[3, 5]]",kg,,false_positive,xlmr_token_classifier,934.0
vihos_test_937,test,Hòm đang chờ e,,,,,,,,,,,"[0, 1, 2, 3, 4, 5, 6, 7, 8, 9, 10, 11, 12, 13]","[[0, 14]]",Hòm đang chờ e,,,[],[],,,false_negative,xlmr_token_classifier,937.0
vihos_test_940,test,Idol nè Vũ khắc CẶC,,,,,,,,,,,"[16, 17, 18]","[[16, 19]]",CẶC,,,[],[],,,false_negative,xlmr_token_classifier,940.0
vihos_test_941,test,"Phạm Vũ Nói dân trí thấp lại tự ái . Không biết thì ngậm con mẹ nó mồm đi , còn tinh tướng . EU là liên minh kinh tế . Còn \""Trời Âu\"" ở đây là đang nói đến vị trí địa lý thuộc \""Châu Âu\"" . Đéo phân biệt được \""Kinh Tế\"" và \""Địa Lý\"" à ? Đúng là thùng rỗng thì kêu to.",,,,,,,,,,,"[12, 13, 14, 15, 16, 17, 18, 19, 20, 21, 22, 23, 29, 30, 31, 32, 33, 52, 53, 54, 55, 56, 57, 58, 59, 60, 61, 62, 63, 64, 65, 66, 67, 68, 69, 80, 81, 82, 83, 84, 85, 86, 87, 88, 89, 191, 192, 193, 248, 249, 250, 251, 252, 253, 254, 255, 256, 257, 258, 259, 260, 261, 262, 263, 264, 265, 266, 267, 268]","[[12, 24], [29, 34], [52, 70], [80, 90], [191, 194], [248, 269]]",dân trí thấp | tự ái | ngậm con mẹ nó mồm | tinh tướng | Đéo | thùng rỗng thì kêu to,,,"[16, 17, 18, 20, 21, 22, 23, 29, 30, 32, 33, 52, 53, 54, 55, 57, 58, 59, 61, 62, 64, 65, 67, 68, 69, 85, 86, 87, 88, 89, 191, 192, 193, 248, 249, 250, 251, 252, 254, 255, 256, 257, 259, 260, 261, 263, 264, 265, 267, 268]","[[16, 19], [20, 24], [29, 31], [32, 34], [52, 56], [57, 60], [61, 63], [64, 66], [67, 70], [85, 90], [191, 194], [248, 253], [254, 258], [259, 262], [263, 266], [267, 269]]",trí | thấp | tự | ái | ngậm | con | mẹ | nó | mồm | tướng | Đéo | thùng | rỗng | thì | kêu | to,,partial_match,xlmr_token_classifier,941.0
vihos_test_945,test,Cay vãi c***,,,,,,,,,,,"[4, 5, 6, 7, 8, 9, 10, 11]","[[4, 12]]",vãi c***,,,"[4, 5, 6, 8, 9, 10, 11]","[[4, 7], [8, 12]]",vãi | c***,,partial_match,xlmr_token_classifier,945.0
vihos_test_946,test,nói chuyện vô văn hóa... bắn chết m giờ!,,,,,,,,,,,"[11, 12, 13, 14, 15, 16, 17, 18, 19, 20, 25, 26, 27, 28, 29, 30, 31, 32, 33, 34]","[[11, 21], [25, 35]]",vô văn hóa | bắn chết m,,,"[11, 12, 14, 15, 16, 18, 19, 20, 25, 26, 27, 29, 30, 31, 32, 34]","[[11, 13], [14, 17], [18, 21], [25, 28], [29, 33], [34, 35]]",vô | văn | hóa | bắn | chết | m,,partial_match,xlmr_token_classifier,946.0
vihos_test_947,test,Ba con hot cut'vao ma an nhe',,,,,,,,,,,"[11, 12, 13, 14]","[[11, 15]]",cut',,,[],[],,,false_negative,xlmr_token_classifier,947.0
vihos_test_949,test,"già rồi bà già . bớt cái mồn lại tính chuyện đất đai nằm ở đâu và đi về đâu đi bà già . trẻ trâu làm gì nó làm, mình già quất cần cẩu rồi mà tào lao.",,,,,,,,,,,"[8, 9, 10, 11, 12, 13, 25, 26, 27, 79, 80, 81, 82, 83, 84, 88, 89, 90, 91, 92, 93, 94, 95, 104, 105, 117, 118, 119, 120, 121, 122, 123, 124, 125, 126, 127, 128, 129, 130, 131, 132, 141, 142, 143, 144, 145, 146, 147]","[[8, 14], [25, 28], [79, 85], [88, 96], [104, 106], [117, 133], [141, 148]]",bà già | mồn | bà già | trẻ trâu | nó | già quất cần cẩu | tào lao,,,"[0, 1, 2, 11, 12, 13, 17, 18, 19, 21, 22, 23, 25, 26, 27, 79, 80, 82, 83, 84, 88, 89, 90, 92, 93, 94, 95, 97, 98, 99, 101, 102, 104, 105, 117, 118, 119, 123, 124, 126, 127, 128, 130, 131, 132, 141, 142, 143, 145, 146, 147]","[[0, 3], [11, 14], [17, 20], [21, 24], [25, 28], [79, 81], [82, 85], [88, 91], [92, 96], [97, 100], [101, 103], [104, 106], [117, 120], [123, 125], [126, 129], [130, 133], [141, 144], [145, 148]]",già | già | bớt | cái | mồn | bà | già | trẻ | trâu | làm | gì | nó | già | ất | cần | cẩu | tào | lao,,partial_match,xlmr_token_classifier,949.0
vihos_test_952,test,Người có tiền mặc gì chả đẹp,,,,,,,,,,,[],[],,,,"[6, 7, 9, 10, 11, 12, 14, 15, 16, 18, 19, 21, 22, 23, 25, 26, 27]","[[6, 8], [9, 13], [14, 17], [18, 20], [21, 24], [25, 28]]",có | tiền | mặc | gì | chả | đẹp,,false_positive,xlmr_token_classifier,952.0
vihos_test_953,test,Tại c t chân thật quá k quỷ ma giống m,,,,,,,,,,,"[6, 24, 25, 26, 27, 28, 29, 37]","[[6, 7], [24, 30], [37, 38]]",t | quỷ ma | m,,,"[6, 24, 25, 26, 28, 29, 37]","[[6, 7], [24, 27], [28, 30], [37, 38]]",t | quỷ | ma | m,,partial_match,xlmr_token_classifier,953.0
vihos_test_954,test,Con mẹ mày. Nói mày là chó thì tội con chó. Mày còn thua con chó nữa tịp à,,,,,,,,,,,"[0, 1, 2, 3, 4, 5, 6, 7, 8, 9, 16, 17, 18, 23, 24, 25, 31, 32, 33, 34, 35, 36, 37, 38, 39, 40, 41, 44, 45, 46, 47, 48, 49, 50, 51, 52, 53, 54, 55, 56, 57, 58, 59, 60, 61, 62, 63]","[[0, 10], [16, 19], [23, 26], [31, 42], [44, 64]]",Con mẹ mày | mày | chó | tội con chó | Mày còn thua con chó,,,"[0, 1, 2, 4, 5, 7, 8, 9, 16, 17, 18, 23, 24, 25, 35, 36, 37, 39, 40, 41, 44, 45, 46, 57, 58, 59, 61, 62, 63]","[[0, 3], [4, 6], [7, 10], [16, 19], [23, 26], [35, 38], [39, 42], [44, 47], [57, 60], [61, 64]]",Con | mẹ | mày | mày | chó | con | chó | Mày | con | chó,,partial_match,xlmr_token_classifier,954.0
vihos_test_956,test,Linh cẩu,,,,,,,,,,,[],[],,,,"[5, 6, 7]","[[5, 8]]",cẩu,,false_positive,xlmr_token_classifier,956.0
vihos_test_958,test,Nguyên tắc bất di bất dịch của nhân dân ta khi tham gia giao thông:,,,,,,,,,,,[],[],,,,"[15, 16, 22, 23, 24, 25]","[[15, 17], [22, 26]]",di | dịch,,false_positive,xlmr_token_classifier,958.0
vihos_test_959,test,Trúc Thư hỏa thiêu nó đi,,,,,,,,,,,"[9, 10, 11, 12, 13, 14, 15, 16, 17, 18, 19, 20]","[[9, 21]]",hỏa thiêu nó,,,"[9, 10, 11, 13, 14, 15, 16, 17, 19, 20]","[[9, 12], [13, 18], [19, 21]]",hỏa | thiêu | nó,,partial_match,xlmr_token_classifier,959.0
vihos_test_960,test,Minh luc co cai cam nhin vo la biet sua.  Nhung xau qua  nhon. Nhin la biet cam gia. Xau. Qua.,,,,,,,,,,,"[36, 37, 38, 48, 49, 50, 80, 81, 82, 85, 86, 87]","[[36, 39], [48, 51], [80, 83], [85, 88]]",sua | xau | gia | Xau,,,"[48, 49, 50, 85, 86, 87]","[[48, 51], [85, 88]]",xau | Xau,,partial_match,xlmr_token_classifier,960.0
vihos_test_966,test,"Mong nhà tiên tri  luôn luôn khỏe mạnh, tránh được dịch bệnh.",,,,,,,,,,,[],[],,,,"[46, 47, 48, 49, 51, 52, 53, 54, 56, 57, 58, 59]","[[46, 50], [51, 55], [56, 60]]",được | dịch | bệnh,,false_positive,xlmr_token_classifier,966.0
vihos_test_968,test,"Á đù bệnh tâm thần mà cho làm trung tá mới hay,hèn gì bọn đảng cs toàn là một lủ tâm thần nhưng hám của.",,,,,,,,,,,"[0, 1, 2, 3, 5, 6, 7, 8, 9, 10, 11, 12, 13, 14, 15, 16, 17, 54, 55, 56, 78, 79, 80, 81, 82, 83, 84, 85, 86, 87, 88, 96, 97, 98, 99, 100, 101, 102]","[[0, 4], [5, 18], [54, 57], [78, 89], [96, 103]]",Á đù | bệnh tâm thần | bọn | lủ tâm thần | hám của,,,"[10, 11, 12, 14, 15, 16, 17, 54, 55, 56, 78, 79, 81, 82, 83, 85, 86, 87, 88, 90, 91, 92, 93, 94, 96, 97, 98, 100, 101, 102]","[[10, 13], [14, 18], [54, 57], [78, 80], [81, 84], [85, 89], [90, 95], [96, 99], [100, 103]]",tâm | thần | bọn | lủ | tâm | thần | nhưng | hám | của,,partial_match,xlmr_token_classifier,968.0
vihos_test_972,test,Sao con bop vú bà ngoại 😂😂😂😂,,,,,,,,,,,"[4, 5, 6, 8, 9, 10, 11, 12, 13]","[[4, 7], [8, 14]]",con | bop vú,,,"[4, 5, 6, 8, 9, 10, 12, 13, 15, 16, 18, 19, 20, 21, 22]","[[4, 7], [8, 11], [12, 14], [15, 17], [18, 23]]",con | bop | vú | bà | ngoại,,partial_match,xlmr_token_classifier,972.0
vihos_test_976,test,"Mày mới gọi là nhảm đó,đồ chó đẽ",,,,,,,,,,,"[0, 1, 2, 15, 16, 17, 18, 23, 24, 25, 26, 27, 28, 29, 30, 31]","[[0, 3], [15, 19], [23, 32]]",Mày | nhảm | đồ chó đẽ,,,"[0, 1, 2, 15, 16, 17, 18, 23, 24, 26, 27, 28, 30, 31]","[[0, 3], [15, 19], [23, 25], [26, 29], [30, 32]]",Mày | nhảm | đồ | chó | đẽ,,partial_match,xlmr_token_classifier,976.0
vihos_test_977,test,Sàm lồn,,,,,,,,,,,"[0, 1, 2, 3, 4, 5, 6]","[[0, 7]]",Sàm lồn,,,"[0, 1, 2, 4, 5, 6]","[[0, 3], [4, 7]]",Sàm | lồn,,partial_match,xlmr_token_classifier,977.0
vihos_test_979,test,"ad thông minh vl, chỉ số tia cực tím cao là do bức xạ mặt trời, nếu mức độ tăng thì do thằng nào xả thải nhà kính, khí CFC nhiều chứ liên quan dew gì đến chính quyền mà chưỡi??? :v",,,,,,,,,,,"[14, 15, 87, 88, 89, 90, 91, 143, 144, 145, 169, 170, 171, 172, 173]","[[14, 16], [87, 92], [143, 146], [169, 174]]",vl | thằng | dew | chưỡi,,,"[14, 15, 87, 88, 89, 90, 91, 143, 144, 145]","[[14, 16], [87, 92], [143, 146]]",vl | thằng | dew,,partial_match,xlmr_token_classifier,979.0
vihos_test_981,test,Da bao dung nghe cs noi !!!,,,,,,,,,,,"[7, 8, 9, 10, 11, 12, 13, 14, 15, 16, 17, 18]","[[7, 19]]",dung nghe cs,,,[],[],,,false_negative,xlmr_token_classifier,981.0
vihos_test_982,test,Con lợn này béo vãi lon. Bắp tay to bằng ngón chân =)),,,,,,,,,,,"[20, 21, 22]","[[20, 23]]",lon,,,"[5, 16, 17, 18, 20, 21, 22]","[[5, 6], [16, 19], [20, 23]]",ợ | vãi | lon,,partial_match,xlmr_token_classifier,982.0
vihos_test_983,test,Đi vài bữa rã họng rồi lại lết về thôi mà.loại mất dậy ...,,,,,,,,,,,"[47, 48, 49, 50, 51, 52, 53]","[[47, 54]]",mất dậy,,,"[11, 12, 14, 15, 16, 17, 27, 28, 29, 31, 32, 42, 43, 44, 45, 47, 48, 49, 51, 52, 53]","[[11, 13], [14, 18], [27, 30], [31, 33], [42, 46], [47, 50], [51, 54]]",rã | họng | lết | về | loại | mất | dậy,,partial_match,xlmr_token_classifier,983.0
vihos_test_987,test,Con bóng vẫn là con bóng. Con chó suốt đời vẫn là chó..,,,,,,,,,,,"[0, 1, 2, 3, 4, 5, 6, 7, 16, 17, 18, 19, 20, 21, 22, 23, 30, 31, 32, 50, 51, 52]","[[0, 8], [16, 24], [30, 33], [50, 53]]",Con bóng | con bóng | chó | chó,,,"[0, 1, 2, 4, 5, 6, 7, 20, 21, 22, 23, 26, 27, 28, 30, 31, 32, 50, 51, 52]","[[0, 3], [4, 8], [20, 24], [26, 29], [30, 33], [50, 53]]",Con | bóng | bóng | Con | chó | chó,,partial_match,xlmr_token_classifier,987.0
vihos_test_990,test,Nhà tiên tri nghe bắt oi,,,,,,,,,,,"[13, 14, 15, 16, 17, 18, 19, 20, 21, 22, 23]","[[13, 24]]",nghe bắt oi,,,[],[],,,false_negative,xlmr_token_classifier,990.0
vihos_test_991,test,Mày chả có tý văn hóa máu loz j,,,,,,,,,,,"[0, 1, 2, 14, 15, 16, 17, 18, 19, 20, 21, 22, 23, 24, 25, 26, 27, 28]","[[0, 3], [14, 29]]",Mày | văn hóa máu loz,,,"[0, 1, 2, 4, 5, 6, 8, 9, 11, 12, 14, 15, 16, 18, 19, 20, 22, 23, 24, 26, 27, 28]","[[0, 3], [4, 7], [8, 10], [11, 13], [14, 17], [18, 21], [22, 25], [26, 29]]",Mày | chả | có | tý | văn | hóa | máu | loz,,partial_match,xlmr_token_classifier,991.0
vihos_test_993,test,"cái đmm nhé ad, đừng có vơ đũa cả nắm, ăn cứt cả đống nhé con. 4.5 tr Đảng viên k phải ai cũng xấu mà để m nói cái giọng của loại chó đấy. cái page chó bẩn ngu si này. m ra xem ngoài xã hội đầy Đảng viên vẫn nai lưng đi làm để nuôi đầy cái giống đéo ph",,,,,,,,,,,"[4, 5, 6, 24, 25, 26, 27, 28, 29, 30, 31, 32, 33, 34, 35, 36, 39, 40, 41, 42, 43, 44, 45, 46, 47, 48, 49, 50, 51, 52, 58, 59, 60, 105, 121, 122, 123, 124, 125, 126, 127, 128, 129, 130, 131, 132, 148, 149, 150, 151, 152, 153, 154, 155, 156, 157, 158, 159, 160, 161, 168, 236, 237, 238, 239, 240, 241, 242, 243, 244, 245, 246, 247, 248, 249, 250, 251]","[[4, 7], [24, 37], [39, 53], [58, 61], [105, 106], [121, 133], [148, 162], [168, 169], [236, 252]]",đmm | vơ đũa cả nắm | ăn cứt cả đống | con | m | của loại chó | chó bẩn ngu si | m | cái giống đéo ph,,,"[4, 5, 6, 24, 25, 27, 28, 29, 39, 40, 42, 43, 44, 58, 59, 60, 95, 96, 97, 105, 125, 126, 127, 128, 130, 131, 132, 148, 149, 150, 152, 153, 154, 156, 157, 158, 160, 161, 168, 208, 209, 210, 212, 213, 214, 215, 217, 218, 227, 228, 229, 230, 232, 233, 234, 236, 237, 238, 240, 241, 242, 243, 244, 246, 247, 248, 250, 251]","[[4, 7], [24, 26], [27, 30], [39, 41], [42, 45], [58, 61], [95, 98], [105, 106], [125, 129], [130, 133], [148, 151], [152, 155], [156, 159], [160, 162], [168, 169], [208, 211], [212, 216], [217, 219], [227, 231], [232, 235], [236, 239], [240, 245], [246, 249], [250, 252]]",đmm | vơ | đũa | ăn | cứt | con | xấu | m | loại | chó | chó | bẩn | ngu | si | m | nai | lưng | đi | nuôi | đầy | cái | giống | đéo | ph,,partial_match,xlmr_token_classifier,993.0
vihos_test_999,test,Cô My ơi ở lại với e đi :)) kệ mẹ thg lozzzz ba gà :)))),,,,,,,,,,,"[28, 29, 30, 31, 32, 34, 35, 36, 37, 38, 39, 40, 41, 42, 43, 48, 49]","[[28, 33], [34, 44], [48, 50]]",kệ mẹ | thg lozzzz | gà,,,"[31, 32, 34, 35, 36, 38, 39, 40, 41, 42, 43, 48, 49]","[[31, 33], [34, 37], [38, 44], [48, 50]]",mẹ | thg | lozzzz | gà,,partial_match,xlmr_token_classifier,999.0
vihos_test_1001,test,đảng ko đủi thì nhân dân đủi :v rồi đảng bỏ tù dân vì gây rối :v tóm váy ngậm tiền rồi thì ráng nghe chửi đi đảng ơi :D,,,,,,,,,,,"[41, 42, 43, 44, 45, 46, 47, 48, 49, 50, 51, 52, 53, 54, 55, 56, 57, 58, 59, 60, 65, 66, 67, 68, 69, 70, 71, 72, 73, 74, 75, 76, 77, 78, 79, 80, 81, 101, 102, 103, 104]","[[41, 61], [65, 82], [101, 105]]",bỏ tù dân vì gây rối | tóm váy ngậm tiền | chửi,,,"[10, 41, 42, 44, 45, 58, 59, 60, 65, 66, 67, 69, 70, 71, 73, 74, 75, 76, 78, 79, 80, 81, 101, 102, 103, 104]","[[10, 11], [41, 43], [44, 46], [58, 61], [65, 68], [69, 72], [73, 77], [78, 82], [101, 105]]",i | bỏ | tù | rối | tóm | váy | ngậm | tiền | chửi,,partial_match,xlmr_token_classifier,1001.0
vihos_test_1003,test,Lan Hoa nhưng đạo nhái là kiếm được tiền tỷ còn hơn cái lũ trẻ trâu chĩa mỏ vào để cắn cho bỏ ghét 🤔😏,,,,,,,,,,,"[14, 15, 16, 17, 18, 19, 20, 21, 56, 57, 58, 59, 60, 61, 62, 63, 64, 65, 66, 68, 69, 70, 71, 72, 73, 74, 75, 76, 77, 78, 79, 80, 81, 82, 83, 84, 85, 86, 87, 88, 89, 90, 91, 92, 93, 94, 95, 96, 97, 100]","[[14, 22], [56, 67], [68, 98], [100, 101]]",đạo nhái | lũ trẻ trâu | chĩa mỏ vào để cắn cho bỏ ghét | 😏,,,"[14, 15, 16, 18, 19, 20, 21, 56, 57, 59, 60, 61, 63, 64, 65, 66, 68, 69, 70, 71, 73, 74, 76, 77, 78, 80, 81, 83, 84, 85, 91, 92, 94, 95, 96, 97]","[[14, 17], [18, 22], [56, 58], [59, 62], [63, 67], [68, 72], [73, 75], [76, 79], [80, 82], [83, 86], [91, 93], [94, 98]]",đạo | nhái | lũ | trẻ | trâu | chĩa | mỏ | vào | để | cắn | bỏ | ghét,,partial_match,xlmr_token_classifier,1003.0
vihos_test_1005,test,mày biết củ cặc hong :v,,,,,,,,,,,"[0, 1, 2, 12, 13, 14]","[[0, 3], [12, 15]]",mày | cặc,,,"[0, 1, 2, 9, 10, 12, 13, 14]","[[0, 3], [9, 11], [12, 15]]",mày | củ | cặc,,partial_match,xlmr_token_classifier,1005.0
vihos_test_1007,test,Cút mẹ luôn đi chứ tạm cl,,,,,,,,,,,"[4, 5, 23, 24]","[[4, 6], [23, 25]]",mẹ | cl,,,"[0, 1, 2, 4, 5, 23, 24]","[[0, 3], [4, 6], [23, 25]]",Cút | mẹ | cl,,partial_match,xlmr_token_classifier,1007.0
vihos_test_1010,test,Sảm sì đú,,,,,,,,,,,"[0, 1, 2, 3, 4, 5, 6, 7, 8]","[[0, 9]]",Sảm sì đú,,,"[0, 1, 2, 4, 5, 7, 8]","[[0, 3], [4, 6], [7, 9]]",Sảm | sì | đú,,partial_match,xlmr_token_classifier,1010.0
vihos_test_1012,test,"Tui tin là boác kính yêu nói được 29 ngôn ngữ đó mọi người. Chắc là boác chỉ nói được chữ Hello bang 29 ngôn ngữ ( Hi, Bon jour, Hola, Nĩ hảo, Hallo, Ciao...) mà tại tụi bưng bô bốc phét nói là boác nói 29 ngôn ngữ :).",,,,,,,,,,,"[73, 74, 75, 76, 77, 78, 79, 80, 81, 82, 83, 84, 85, 86, 87, 88, 89, 90, 91, 92, 93, 94, 95, 96, 97, 98, 99, 100, 101, 102, 103, 104, 105, 106, 107, 108, 109, 110, 111, 166, 167, 168, 169, 170, 171, 172, 173, 174, 175, 176, 178, 179, 180, 181, 182, 183, 184, 185]","[[73, 112], [166, 177], [178, 186]]",chỉ nói được chữ Hello bang 29 ngôn ngữ | tụi bưng bô | bốc phét,,,"[166, 167, 168, 170, 171, 172, 173, 175, 176, 178, 179, 180, 182, 183, 184, 185]","[[166, 169], [170, 174], [175, 177], [178, 181], [182, 186]]",tụi | bưng | bô | bốc | phét,,partial_match,xlmr_token_classifier,1012.0
vihos_test_1016,test,Giàu quá cho vợ chịu sào đó,,,,,,,,,,,[],[],,,,"[0, 1, 2, 3, 21, 22, 23]","[[0, 4], [21, 24]]",Giàu | sào,,false_positive,xlmr_token_classifier,1016.0
vihos_test_1020,test,"Con lợn ad , thế mày định làm gì ? Vác súng ra biển đi , đừng vác bàn phím mà sủa theo lũ ""dâm chủ"" nữa nhé con .",,,,,,,,,,,"[0, 1, 2, 3, 4, 5, 6, 17, 18, 19, 66, 67, 68, 69, 70, 71, 72, 73, 78, 79, 80, 87, 88, 91, 92, 93, 94, 95, 96, 97, 108, 109, 110]","[[0, 7], [17, 20], [66, 74], [78, 81], [87, 89], [91, 98], [108, 111]]",Con lợn | mày | bàn phím | sủa | lũ | dâm chủ | con,,,"[0, 1, 2, 4, 5, 6, 17, 18, 19, 66, 67, 68, 70, 71, 72, 78, 79, 80, 87, 88, 91, 92, 93, 95, 96, 97]","[[0, 3], [4, 7], [17, 20], [66, 69], [70, 73], [78, 81], [87, 89], [91, 94], [95, 98]]",Con | lợn | mày | bàn | phí | sủa | lũ | dâm | chủ,,partial_match,xlmr_token_classifier,1020.0
vihos_test_1021,test,"người mình ở nước người ta trộm cướp lừa đảo, người ta sang đây làm ăn đàn hoàng thì bị khủng bố, chả hiểu nổi",,,,,,,,,,,"[27, 28, 29, 30, 31, 32, 33, 34, 35, 37, 38, 39, 40, 41, 42, 43, 88, 89, 90, 91, 92, 93, 94, 95, 98, 99, 100]","[[27, 36], [37, 44], [88, 96], [98, 101]]",trộm cướp | lừa đảo | khủng bố | chả,,,"[27, 28, 29, 30, 32, 33, 34, 35, 37, 38, 39, 41, 42, 43, 71, 72, 73, 75, 76, 77, 78, 79, 88, 89, 90, 91, 92, 94, 95]","[[27, 31], [32, 36], [37, 40], [41, 44], [71, 74], [75, 80], [88, 93], [94, 96]]",trộm | cướp | lừa | đảo | đàn | hoàng | khủng | bố,,partial_match,xlmr_token_classifier,1021.0
vihos_test_1023,test,trong khi đó chủ tịch thủ đô đang trân tráo khư khư ôm lấy dòng sông Tô Lịch thơ mộng ! quyết bảo vệ nó khỏi bàn tay sạch sẽ của bọn Nhật Bổn tư bản ! Bắc Kỳ lạ lắm thay... người nam méo hiểu được !,,,,,,,,,,,"[34, 35, 36, 37, 38, 39, 40, 41, 42, 109, 110, 111, 112, 113, 114, 115, 116, 117, 118, 119, 120, 121, 122, 123, 124, 125, 126, 127, 128, 129, 130, 131, 183, 184, 185]","[[34, 43], [109, 132], [183, 186]]",trân tráo | bàn tay sạch sẽ của bọn | méo,,,"[101, 102, 109, 110, 111, 113, 114, 115, 117, 118, 119, 120, 122, 123, 125, 126, 127, 129, 130, 131, 133, 134, 135, 136, 138, 139, 140, 151, 152, 153, 183, 184, 185]","[[101, 103], [109, 112], [113, 116], [117, 121], [122, 124], [125, 128], [129, 132], [133, 137], [138, 141], [151, 154], [183, 186]]",nó | bàn | tay | sạch | sẽ | của | bọn | Nhật | Bổn | Bắc | méo,,partial_match,xlmr_token_classifier,1023.0
vihos_test_1026,test,Canh như chó đợi xương,,,,,,,,,,,"[9, 10, 11, 12, 13, 14, 15, 16, 17, 18, 19, 20, 21]","[[9, 22]]",chó đợi xương,,,"[0, 1, 2, 3, 5, 6, 7, 9, 10, 11, 13, 14, 15, 17, 18, 19, 20, 21]","[[0, 4], [5, 8], [9, 12], [13, 16], [17, 22]]",Canh | như | chó | đợi | xương,,partial_match,xlmr_token_classifier,1026.0
vihos_test_1030,test,Lon roi an noi mat dai,,,,,,,,,,,"[15, 16, 17, 18, 19, 20, 21]","[[15, 22]]",mat dai,,,"[0, 1, 2, 15, 16, 17]","[[0, 3], [15, 18]]",Lon | mat,,partial_match,xlmr_token_classifier,1030.0
vihos_test_1031,test,"Thế mà chúng nó giật tít cộng gộp lại. Tít lẽ ra phải là : ""Muốn giết người? Hãy làm công an""",,,,,,,,,,,"[7, 8, 9, 10, 11, 12, 13, 14, 16, 17, 18, 19, 20, 21, 22, 23, 65, 66, 67, 68]","[[7, 15], [16, 24], [65, 69]]",chúng nó | giật tít | giết,,,"[7, 8, 9, 10, 11, 13, 14, 65, 66, 67, 68]","[[7, 12], [13, 15], [65, 69]]",chúng | nó | giết,,partial_match,xlmr_token_classifier,1031.0
vihos_test_1032,test,Ko nhận hối lộ,,,,,,,,,,,[],[],,,,"[12, 13]","[[12, 14]]",lộ,,false_positive,xlmr_token_classifier,1032.0
vihos_test_1034,test,Mày chỉ sống thêm 11 ngày nữa thôi! Tao dạy mày những điều tốt đẹp sao mày sủa bậy thế Trần Đần.,,,,,,,,,,,"[0, 1, 2, 3, 4, 5, 6, 7, 8, 9, 10, 11, 12, 13, 14, 15, 16, 17, 18, 19, 20, 21, 22, 23, 24, 25, 26, 27, 28, 29, 30, 31, 32, 33, 34, 35, 36, 37, 38, 39, 40, 41, 42, 43, 44, 45, 46, 47, 48, 49, 50, 51, 52, 53, 54, 55, 56, 57, 58, 59, 60, 61, 62, 63, 64, 65, 66, 67, 68, 69, 70, 71, 72, 73, 74, 75, 76, 77, 78, 79, 80, 81, 82, 83, 84, 85, 86, 87, 88, 89, 90, 91, 92, 93, 94]","[[0, 95]]",Mày chỉ sống thêm 11 ngày nữa thôi! Tao dạy mày những điều tốt đẹp sao mày sủa bậy thế Trần Đần,,,"[0, 1, 2, 36, 37, 38, 44, 45, 46, 71, 72, 73, 75, 76, 77, 79, 80, 81]","[[0, 3], [36, 39], [44, 47], [71, 74], [75, 78], [79, 82]]",Mày | Tao | mày | mày | sủa | bậy,,partial_match,xlmr_token_classifier,1034.0
vihos_test_1035,test,Đúng rạch mồm nó,,,,,,,,,,,"[5, 6, 7, 8, 9, 10, 11, 12, 13, 14, 15]","[[5, 16]]",rạch mồm nó,,,"[5, 6, 7, 8, 10, 11, 12, 14, 15]","[[5, 9], [10, 13], [14, 16]]",rạch | mồm | nó,,partial_match,xlmr_token_classifier,1035.0
vihos_test_1039,test,Không cho chúng bố ăn là chết với chúng bố. Thiên đường xhcn nó thế đấy con ạ.,,,,,,,,,,,"[10, 11, 12, 13, 14, 15, 16, 17, 25, 26, 27, 28, 34, 35, 36, 37, 38, 39, 40, 41, 44, 45, 46, 47, 48, 49, 50, 51, 52, 53, 54, 55, 56, 57, 58, 59, 61, 62, 72, 73, 74]","[[10, 18], [25, 29], [34, 42], [44, 60], [61, 63], [72, 75]]",chúng bố | chết | chúng bố | Thiên đường xhcn | nó | con,,,"[10, 11, 12, 13, 14, 16, 17, 25, 26, 27, 28, 34, 35, 36, 37, 38, 44, 45, 46, 47, 48, 50, 51, 52, 53, 54, 61, 62]","[[10, 15], [16, 18], [25, 29], [34, 39], [44, 49], [50, 55], [61, 63]]",chúng | bố | chết | chúng | Thiên | đường | nó,,partial_match,xlmr_token_classifier,1039.0
vihos_test_1043,test,"Thôn làm vậy là do thôn lầm, thôn lầm nên dân nó ghét, nó bật lại là thôn cái lù",,,,,,,,,,,"[19, 20, 21, 22, 23, 24, 25, 26, 29, 30, 31, 32, 33, 34, 35, 36, 69, 70, 71, 72, 73, 74, 75, 76, 77, 78, 79]","[[19, 27], [29, 37], [69, 80]]",thôn lầm | thôn lầm | thôn cái lù,,,"[24, 25, 26, 34, 35, 36, 46, 47, 49, 50, 51, 52, 55, 56, 69, 70, 71, 72, 74, 75, 76, 78, 79]","[[24, 27], [34, 37], [46, 48], [49, 53], [55, 57], [69, 73], [74, 77], [78, 80]]",lầm | lầm | nó | ghét | nó | thôn | cái | lù,,partial_match,xlmr_token_classifier,1043.0
vihos_test_1045,test,"trinh thu. Mỹ ác hơn tàu chứ bạn ơi , có lẽ bạn kg biết lịch sử chính phủ Mỹ .... nó gian tiếp kg trực tiếp như Trung Quốc ...",,,,,,,,,,,"[14, 15, 21, 22, 23, 82, 83]","[[14, 16], [21, 24], [82, 84]]",ác | tàu | nó,,,"[14, 15, 17, 18, 19, 21, 22, 23, 82, 83]","[[14, 16], [17, 20], [21, 24], [82, 84]]",ác | hơn | tàu | nó,,partial_match,xlmr_token_classifier,1045.0
vihos_test_1049,test,Nhiệt quần què ms đầu vào cảm rảm như chó h khen cc,,,,,,,,,,,"[6, 7, 8, 9, 10, 11, 12, 13, 26, 27, 28, 29, 30, 31, 32, 38, 39, 40, 49, 50]","[[6, 14], [26, 33], [38, 41], [49, 51]]",quần què | cảm rảm | chó | cc,,,"[6, 7, 8, 9, 11, 12, 13, 15, 16, 18, 19, 20, 26, 27, 28, 30, 31, 32, 34, 35, 36, 38, 39, 40, 49, 50]","[[6, 10], [11, 14], [15, 17], [18, 21], [26, 29], [30, 33], [34, 37], [38, 41], [49, 51]]",quần | què | ms | đầu | cảm | rảm | như | chó | cc,,partial_match,xlmr_token_classifier,1049.0
vihos_test_1050,test,Ben my sao cung co quai Thái nua vay troi....song lam gi cho chat   Dat,,,,,,,,,,,"[19, 20, 21, 22, 23, 24, 25, 26, 27, 45, 46, 47, 48, 49, 50, 51, 52, 53, 54, 55, 56, 57, 58, 59, 60, 61, 62, 63, 64, 65, 66, 67, 68, 69, 70]","[[19, 28], [45, 71]]",quai Thái | song lam gi cho chat   Dat,,,[],[],,,false_negative,xlmr_token_classifier,1050.0
vihos_test_1051,test,Nguyễn Long vlin thật lun á bọn vô ý thức,,,,,,,,,,,"[12, 13, 14, 15, 28, 29, 30, 32, 33, 34, 35, 36, 37, 38, 39, 40]","[[12, 16], [28, 31], [32, 41]]",vlin | bọn | vô ý thức,,,"[12, 13, 14, 15, 28, 29, 30, 32, 33, 35, 37, 38, 39, 40]","[[12, 16], [28, 31], [32, 34], [35, 36], [37, 41]]",vlin | bọn | vô | ý | thức,,partial_match,xlmr_token_classifier,1051.0
vihos_test_1052,test,Kg Phan dong may' chui vao trong nay lam gi ?,,,,,,,,,,,"[13, 14, 15, 16, 17, 18, 19, 20, 21]","[[13, 22]]",may' chui,,,"[13, 14, 15, 18, 19, 20, 21]","[[13, 16], [18, 22]]",may | chui,,partial_match,xlmr_token_classifier,1052.0
vihos_test_1053,test,Tử hình,,,,,,,,,,,[],[],,,,"[0, 1, 3, 4, 5, 6]","[[0, 2], [3, 7]]",Tử | hình,,false_positive,xlmr_token_classifier,1053.0
vihos_test_1058,test,Sao làm chủ tịch mà ngu thế đc nhỉ,,,,,,,,,,,"[8, 9, 10, 11, 12, 13, 14, 15, 16, 17, 18, 19, 20, 21, 22]","[[8, 23]]",chủ tịch mà ngu,,,"[20, 21, 22]","[[20, 23]]",ngu,,partial_match,xlmr_token_classifier,1058.0
vihos_test_1059,test,Chó rồ nhập,,,,,,,,,,,"[0, 1, 2, 3, 4, 5]","[[0, 6]]",Chó rồ,,,"[0, 1, 2, 4, 5]","[[0, 3], [4, 6]]",Chó | rồ,,partial_match,xlmr_token_classifier,1059.0
vihos_test_1062,test,Nhật Phát :)) làm ơn đọc kĩ trước khi thể hiện rằng bạn sinh ra đã thiếu cái não đi,,,,,,,,,,,"[56, 57, 58, 59, 60, 61, 62, 63, 64, 65, 66, 67, 68, 69, 70, 71, 72, 73, 74, 75, 76, 77, 78, 79]","[[56, 80]]",sinh ra đã thiếu cái não,,,"[56, 57, 58, 59, 61, 62, 64, 65, 67, 68, 69, 70, 71, 73, 74, 75, 77, 78, 79]","[[56, 60], [61, 63], [64, 66], [67, 72], [73, 76], [77, 80]]",sinh | ra | đã | thiếu | cái | não,,partial_match,xlmr_token_classifier,1062.0
vihos_test_1063,test,Mỗi khi anh độ chửi bậy nó sẽ giật... Sau khi giật xong anh độ sẽ đập nó xuống bàn và chửi đitconmemay giật cailon :),,,,,,,,,,,"[91, 92, 93, 94, 95, 96, 97, 98, 99, 100, 101, 108, 109, 110, 111, 112, 113]","[[91, 102], [108, 114]]",đitconmemay | cailon,,,"[15, 16, 17, 18, 24, 25, 66, 67, 68, 70, 71, 86, 87, 88, 89, 91, 92, 93, 94, 95, 96, 97, 98, 99, 100, 101, 103, 104, 105, 106, 108, 109, 110, 111, 112, 113]","[[15, 19], [24, 26], [66, 69], [70, 72], [86, 90], [91, 102], [103, 107], [108, 114]]",chửi | nó | đập | nó | chửi | đitconmemay | giật | cailon,,partial_match,xlmr_token_classifier,1063.0
vihos_test_1064,test,TÂM THẦN ?!? CHỨ KG PHẢI TRỊNH THƯỢNG ?! CÁCH HÀNH XỬ CỦA 1 NHÓM CÓ TIỀN CÓ QUYỀN NÊN BỐ LÁO !!!,,,,,,,,,,,"[0, 1, 2, 3, 4, 5, 6, 7, 25, 26, 27, 28, 29, 30, 31, 32, 33, 34, 35, 36, 86, 87, 88, 89, 90, 91]","[[0, 8], [25, 37], [86, 92]]",TÂM THẦN | TRỊNH THƯỢNG | BỐ LÁO,,,"[0, 1, 2, 4, 5, 6, 7, 13, 14, 15, 17, 18, 51, 52, 60, 61, 62, 63, 87, 89, 90, 91]","[[0, 3], [4, 8], [13, 16], [17, 19], [51, 53], [60, 64], [87, 88], [89, 92]]",TÂM | THẦN | CHỨ | KG | XỬ | NHÓM | Ố | LÁO,,partial_match,xlmr_token_classifier,1064.0
vihos_test_1066,test,"Bố lạy mày đừng ""hiếp dâm"" thị giác của bố nữa ad à 😂😂😂",,,,,,,,,,,"[3, 4, 5, 6, 7, 8, 9, 17, 18, 19, 20, 21, 22, 23, 24]","[[3, 10], [17, 25]]",lạy mày | hiếp dâm,,,"[0, 1, 3, 4, 5, 7, 8, 9, 16, 17, 18, 19, 20, 22, 23, 24, 25, 40, 41]","[[0, 2], [3, 6], [7, 10], [16, 21], [22, 26], [40, 42]]","Bố | lạy | mày | ""hiếp | dâm"" | bố",,partial_match,xlmr_token_classifier,1066.0
vihos_test_1067,test,Cái con này nó chết cũng không sửa đổi,,,,,,,,,,,"[4, 5, 6, 12, 13, 15, 16, 17, 18, 19, 20, 21, 22, 23, 24, 25, 26, 27, 28, 29, 30, 31, 32, 33, 34, 35, 36, 37]","[[4, 7], [12, 14], [15, 38]]",con | nó | chết cũng không sửa đổi,,,"[4, 5, 6, 12, 13, 15, 16, 17, 18]","[[4, 7], [12, 14], [15, 19]]",con | nó | chết,,partial_match,xlmr_token_classifier,1067.0
vihos_test_1068,test,"Giống như câu , Ngêu sò tranh nhau , Ngư ông đắc lợi",,,,,,,,,,,[],[],,,,"[16, 17, 18, 19, 21, 22, 24, 25, 26, 27, 28, 41, 42, 43]","[[16, 20], [21, 23], [24, 29], [41, 44]]",Ngêu | sò | tranh | ông,,false_positive,xlmr_token_classifier,1068.0
vihos_test_1071,test,Chứ không phải lúc trước đi ra ngân hàng nói chị Ba gửi tiền về cái mặt lên như bà khùng ha 😉Giờ thì bị ba vàng mã lừa  gạt  úp mặt vào cầu tiêu đi Minh Hiếu ơi nhục,,,,,,,,,,,"[80, 81, 82, 83, 84, 85, 86, 87, 104, 105, 106, 107, 108, 109, 110, 111, 112, 113, 114, 116, 117, 118, 119, 120, 121, 122, 123, 124, 125, 128, 129, 130, 131, 132, 133, 134, 135, 136, 137, 138, 139, 140, 141, 142, 143, 144, 145, 146]","[[80, 88], [104, 115], [116, 126], [128, 147]]",bà khùng | ba vàng mã | lừa  gạt | úp mặt vào cầu tiêu,,,"[68, 69, 70, 72, 73, 74, 80, 81, 83, 84, 85, 86, 87, 113, 114, 118, 119, 122, 128, 129, 131, 132, 133, 135, 136, 137, 164, 165, 166, 167, 168]","[[68, 71], [72, 75], [80, 82], [83, 88], [113, 115], [118, 120], [122, 123], [128, 130], [131, 134], [135, 138], [164, 169]]",mặt | lên | bà | khùng | mã | ̀a | g | úp | mặt | vào | nhục,,partial_match,xlmr_token_classifier,1071.0
vihos_test_1072,test,"qua việc này anh em đừng kinh thường 1 con ruồi, dù nó đã chết nó cũng có thể làm cho 1 người đàn ông đi tù 7 năm. Sức mạnh của 1 con ruồi chết ở đâu khủng thế???",,,,,,,,,,,"[102, 103, 104, 105, 106, 139, 140, 141, 142]","[[102, 107], [139, 143]]",đi tù | chết,,,"[25, 26, 27, 28, 30, 31, 32, 33, 34, 35, 52, 53, 58, 59, 60, 61, 63, 64, 102, 103, 105, 106, 139, 140, 141, 142]","[[25, 29], [30, 36], [52, 54], [58, 62], [63, 65], [102, 104], [105, 107], [139, 143]]",kinh | thường | nó | chết | nó | đi | tù | chết,,partial_match,xlmr_token_classifier,1072.0
vihos_test_1077,test,thêm một người bị cộng sản nhồi sọ không biết sao có thể nạo ra được hết chất bã trong đầu,,,,,,,,,,,"[27, 28, 29, 30, 31, 32, 33, 46, 47, 48, 49, 50, 51, 52, 53, 54, 55, 56, 57, 58, 59, 60, 61, 62, 63, 64, 65, 66, 67, 68, 69, 70, 71, 72, 73, 74, 75, 76, 77, 78, 79, 80, 81, 82, 83, 84, 85, 86, 87, 88, 89]","[[27, 34], [46, 90]]",nhồi sọ | sao có thể nạo ra được hết chất bã trong đầu,,,"[27, 28, 29, 30, 32, 33, 57, 58, 59, 61, 62, 69, 70, 71, 73, 74, 75, 76, 78, 79, 81, 82, 83, 84, 85, 87, 88, 89]","[[27, 31], [32, 34], [57, 60], [61, 63], [69, 72], [73, 77], [78, 80], [81, 86], [87, 90]]",nhồi | sọ | nạo | ra | hết | chất | bã | trong | đầu,,partial_match,xlmr_token_classifier,1077.0
vihos_test_1079,test,"Bọn xu nịnh là những kẻ làm hư cán bộ, và là những kẻ yếu kém chuyên môn nhất.",,,,,,,,,,,"[0, 1, 2, 4, 5, 6, 7, 8, 9, 10, 21, 22, 51, 52]","[[0, 3], [4, 11], [21, 23], [51, 53]]",Bọn | xu nịnh | kẻ | kẻ,,,"[0, 1, 2, 4, 5, 7, 8, 9, 10, 21, 22, 24, 25, 26, 28, 29, 51, 52, 54, 55, 56, 58, 59, 60, 69, 70, 71]","[[0, 3], [4, 6], [7, 11], [21, 23], [24, 27], [28, 30], [51, 53], [54, 57], [58, 61], [69, 72]]",Bọn | xu | nịnh | kẻ | làm | hư | kẻ | yếu | kém | môn,,partial_match,xlmr_token_classifier,1079.0
vihos_test_1083,test,Tóm lại là con gái hay trai... 😶😶😶...bực mình vl nhìn hoài ko ra 😑😑,,,,,,,,,,,"[11, 12, 13, 14, 15, 16, 17, 18, 19, 20, 21, 22, 23, 24, 25, 26, 46, 47]","[[11, 27], [46, 48]]",con gái hay trai | vl,,,"[46, 47]","[[46, 48]]",vl,,partial_match,xlmr_token_classifier,1083.0
vihos_test_1085,test,Như  một  Con  điên...,,,,,,,,,,,"[10, 11, 12, 13, 14, 15, 16, 17, 18]","[[10, 19]]",Con  điên,,,"[10, 11, 12, 15, 16, 17, 18]","[[10, 13], [15, 19]]",Con | điên,,partial_match,xlmr_token_classifier,1085.0
vihos_test_1087,test,"Ông thấy đấy ông ad ạ. Nó cướp rồi cắt cổ, mình đi. Nó cướp mình bắt nó không chế mà nó bị thương thì mình đi tù :)) nchung luật pháp buồn cười lắm.",,,,,,,,,,,"[23, 24, 26, 27, 28, 29, 35, 36, 37, 38, 39, 40, 52, 53, 55, 56, 57, 58, 69, 70, 85, 86, 88, 89, 90, 91, 92, 93, 94, 95, 96, 102, 103, 104, 105, 107, 108, 109, 110, 111, 124, 125, 126, 127, 128, 129, 130, 131, 132, 133, 134, 135, 136, 137, 138, 139, 140, 141, 142]","[[23, 25], [26, 30], [35, 41], [52, 54], [55, 59], [69, 71], [85, 87], [88, 97], [102, 106], [107, 112], [124, 143]]",Nó | cướp | cắt cổ | Nó | cướp | nó | nó | bị thương | mình | đi tù | luật pháp buồn cười,,,"[23, 24, 26, 27, 28, 29, 35, 36, 37, 39, 40, 52, 53, 55, 56, 57, 58, 69, 70, 85, 86, 110, 111, 117]","[[23, 25], [26, 30], [35, 38], [39, 41], [52, 54], [55, 59], [69, 71], [85, 87], [110, 112], [117, 118]]",Nó | cướp | cắt | cổ | Nó | cướp | nó | nó | tù | n,,partial_match,xlmr_token_classifier,1087.0
vihos_test_1091,test,v cut,,,,,,,,,,,"[0, 1, 2, 3, 4]","[[0, 5]]",v cut,,,[],[],,,false_negative,xlmr_token_classifier,1091.0
vihos_test_1092,test,Cần đéo j quan tâm miệng đời,,,,,,,,,,,"[4, 5, 6]","[[4, 7]]",đéo,,,"[4, 5, 6, 19, 20, 21, 22, 23, 25, 26, 27]","[[4, 7], [19, 24], [25, 28]]",đéo | miệng | đời,,partial_match,xlmr_token_classifier,1092.0
vihos_test_1093,test,Con này là bê đê bong lộ xấu gớm... xấu xúc phạm ng nhìn...,,,,,,,,,,,"[0, 1, 2, 11, 12, 13, 14, 15, 16, 17, 18, 19, 20, 21, 22, 23, 24, 25, 26, 27, 28, 29, 30, 31, 36, 37, 38, 39, 40, 41, 42, 43, 44, 45, 46, 47, 48, 49, 50, 51, 52, 53, 54, 55]","[[0, 3], [11, 32], [36, 56]]",Con | bê đê bong lộ xấu gớm | xấu xúc phạm ng nhìn,,,"[0, 1, 2, 11, 12, 14, 15, 17, 18, 19, 20, 22, 23, 25, 26, 27, 29, 30, 31, 36, 37, 38, 40, 41, 42, 44, 45, 46, 47]","[[0, 3], [11, 13], [14, 16], [17, 21], [22, 24], [25, 28], [29, 32], [36, 39], [40, 43], [44, 48]]",Con | bê | đê | bong | lộ | xấu | gớm | xấu | xúc | phạm,,partial_match,xlmr_token_classifier,1093.0
vihos_test_1096,test,Sao kh đóng cm nó cửa khẩu đi nhỉ. Cứ cho mấy con mẹ đi lông nhông từ nước này sang nước khác rồi về VN lây lan bệnh đéo chịu cách ly.rồi chẳng bao lâu thành ổ,,,,,,,,,,,"[12, 13, 14, 15, 16, 46, 47, 48, 49, 50, 51, 117, 118, 119]","[[12, 17], [46, 52], [117, 120]]",cm nó | con mẹ | đéo,,,"[12, 13, 15, 16, 46, 47, 48, 50, 51, 56, 57, 58, 59, 61, 62, 63, 64, 65, 117, 118, 119, 158]","[[12, 14], [15, 17], [46, 49], [50, 52], [56, 60], [61, 66], [117, 120], [158, 159]]",cm | nó | con | mẹ | lông | nhông | đéo | ổ,,partial_match,xlmr_token_classifier,1096.0
vihos_test_1101,test,"từ dịch này thấy ý thức người nhật xăng đổ nửa bình, nhưng giấy vệ sinh không thể thiếu. không hy sinh bản thân để cứu người khác, nhưng dính dịch thì kéo nhiều người dính theo.",,,,,,,,,,,"[137, 138, 139, 140, 141, 142, 143, 144, 145, 146, 147, 148, 149, 150, 151, 152, 153, 154, 155, 156, 157, 158, 159, 160, 161, 162, 163, 164, 165, 166, 167, 168, 169, 170, 171, 172, 173, 174, 175]","[[137, 176]]",dính dịch thì kéo nhiều người dính theo,,,"[17, 19, 20, 21, 22, 35, 36, 37, 38, 40, 41, 43, 44, 45, 47, 48, 49, 50]","[[17, 18], [19, 23], [35, 39], [40, 42], [43, 46], [47, 51]]",ý | thức | xăng | đổ | nửa | bình,,partial_match,xlmr_token_classifier,1101.0
vihos_test_1103,test,"Ôi trời giai cấp lđ ở ta thì đổi trắng thay đen nhanh lắm,nhìn thì vậy mà lại không phải vậy,chỉ có điều rõ ràng nhất là chỗ nào cũng có chuyện vợ ông này cặp với chồng bà kia!",,,,,,,,,,,"[29, 30, 31, 32, 33, 34, 35, 36, 37, 38, 39, 40, 41, 42, 43, 44, 45, 46]","[[29, 47]]",đổi trắng thay đen,,,"[17, 18, 29, 30, 31, 33, 34, 35, 36, 37, 39, 40, 41, 42, 44, 45, 46, 144, 145, 147, 148, 149, 151, 152, 153, 155, 156, 157, 159, 160, 161, 163, 164, 165, 166, 167, 169, 170, 172, 173, 174]","[[17, 19], [29, 32], [33, 38], [39, 43], [44, 47], [144, 146], [147, 150], [151, 154], [155, 158], [159, 162], [163, 168], [169, 171], [172, 175]]",lđ | đổi | trắng | thay | đen | vợ | ông | này | cặp | với | chồng | bà | kia,,partial_match,xlmr_token_classifier,1103.0
