phrase,phrase_compact,count,phrase_len,n_pred_hits
"học sinh nữ lột quần áo đánh nhau ngoài đường, học sinh nam đứng cổ vũ, thầy giáo giao cấu với học trò đến có thai, cô thì đánh học sinh đến nhập viện cấp cứu, học sinh ra đường như du côn, đánh nhau như phim kiếm hiệp",họcsinhnữlộtquầnáođánhnhaungoàiđườnghọcsinhnamđứngcổvũthầygiáogiaocấuvớihọctròđếncóthaicôthìđánhhọcsinhđếnnhậpviệncấpcứuhọcsinhrađườngnhưducônđánhnhaunhưphimkiếmhiệp,1,165,0
"vào trường lớp giáo viên dạy ta bải vệ môi trường cây cối này nọ, song thực tế các bác lớn hằng ngày vẫn đưa ra nhìu dự án, đề xuất để rồi rừng ít lại còn ít hơn. và lại đưa đề nghị luận xh về việc chặt phá rừng",vàotrườnglớpgiáoviêndạytabảivệmôitrườngcâycốinàynọsongthựctếcácbáclớnhằngngàyvẫnđưaranhìudựánđềxuấtđểrồirừngítlạicòníthơnvàlạiđưađềnghịluậnxhvềviệcchặtphárừng,1,158,0
các lãnh đạo tài giỏi và tin cậy của nhân dân có cách sử lý ô nhiễm thật khoa học đã giúp pômôsa giải tỏa những núi chất thải mà không ô nhiễm không ảnh hưởng đến sức khỏe và đời sống của nhân dân,cáclãnhđạotàigiỏivàtincậycủanhândâncócáchsửlýônhiễmthậtkhoahọcđãgiúppômôsagiảitỏanhữngnúichấtthảimàkhôngônhiễmkhôngảnhhưởngđếnsứckhỏevàđờisốngcủanhândân,1,152,0
"trốn truy nã tại địa phương 26 năm, làm chánh văn phòng tại địa phương. tất cả là nhờ sự lãnh đạo tài tình của đảng và nhà nước",trốntruynãtạiđịaphương26nămlàmchánhvănphòngtạiđịaphươngtấtcảlànhờsựlãnhđạotàitìnhcủađảngvànhànước,1,97,0
lẽ ra họ chỉ xây cầu bằng xốp thôi.... nhưng vì lương tâm của người kongsan nên họ cho vào thêm bê tông và ít cốt thép,lẽrahọchỉxâycầubằngxốpthôinhưngvìlươngtâmcủangườikongsannênhọchovàothêmbêtôngvàítcốtthép,1,88,0
cảm ơn các vị lãnh đạo đảng ta đã tạo điều kiện cho những đứa trẻ như con của tao vừa sinh ra đã mang nợ trong mình,cảmơncácvịlãnhđạođảngtađãtạođiềukiệnchonhữngđứatrẻnhưconcủataovừasinhrađãmangnợtrongmình,1,88,0
"""xuyên tạc đường nối chính sách của đãng và nhà lước, bôi nhọ các anh hùng nực nượng vũ trang nhân dân""",xuyêntạcđườngnốichínhsáchcủađãngvànhàlướcbôinhọcácanhhùngnựcnượngvũtrangnhândân,1,79,0
chả ảnh hưởng đến người nghèo nên chăng anh tư vấn cho thủ tướng dựng 2km một trạm luôn cho máu,chảảnhhưởngđếnngườinghèonênchănganhtưvấnchothủtướngdựng2kmmộttrạmluônchomáu,1,75,0
biển nhiễm độc! giờ trâu bò lợn gà lũ cuốn luôn! miền trung tụi em cạp đất ăn zần rồi ạ! nhờ ơn đảng,biểnnhiễmđộcgiờtrâubòlợngàlũcuốnluônmiềntrungtụiemcạpđấtănzầnrồiạnhờơnđảng,1,74,0
xe chở súc vật mong người dân hãy tránh xa (đề phòng súc vật phóng uế lung tung làm mất vệ sinh),xechởsúcvậtmongngườidânhãytránhxađềphòngsúcvậtphónguếlungtunglàmmấtvệsinh,1,73,0
đến các nước tư bản đa đảng dân họ còn dám biểu tình đập phá nên họ mới có thể đứng ở phía trên,đếncácnướctưbảnđađảngdânhọcòndámbiểutìnhđậpphánênhọmớicóthểđứngởphíatrên,1,72,0
"phải chi nhật có một vị ""cha già dân tộc"" như ông hồ thì giờ đã phát triển ngang ngữa đông lào",phảichinhậtcómộtvịchagiàdântộcnhưônghồthìgiờđãpháttriểnngangngữađônglào,1,71,0
"quan chức ở tù cũng sướng.. có trà bưng nước rót, ở phòng riêng, người nhà vô chơi thoải mái",quanchứcởtùcũngsướngcótràbưngnướcrótởphòngriêngngườinhàvôchơithoảimái,1,69,0
cứ quán nhậu mọc nhiều hơn thư viện sách thì dân có ngu cũng phải cho mình là thông minh,cứquánnhậumọcnhiềuhơnthưviệnsáchthìdâncóngucũngphảichomìnhlàthôngminh,1,69,0
dạy cho cựu vdv nay vô gu ghồ tìm hiểu xem mảnh vải đỏ có hình sao vàng là cờ của nước nào,dạychocựuvdvnayvôgughồtìmhiểuxemmảnhvảiđỏcóhìnhsaovànglàcờcủanướcnào,1,68,0
thằng khuyết tật đầu ngoẹo sang một bên vẫn được làm quan thái thú cai trị một dân tộc,thằngkhuyếttậtđầungoẹosangmộtbênvẫnđượclàmquantháithúcaitrịmộtdântộc,1,68,0
mọi chuyện sẽ được che chắn nếu chủ trường là con gái của tướng vệ và thủ tướng phúc,mọichuyệnsẽđượcchechắnnếuchủtrườnglàcongáicủatướngvệvàthủtướngphúc,1,66,0
"phải dương tính covid-19 thì mới thấy được giá trị của cuộc sống,thay đổi thái độ",phảidươngtínhcovid19thìmớithấyđượcgiátrịcủacuộcsốngthayđổitháiđộ,1,64,0
bọn trẻ con nó còn biết về thực tại xã hội chính trị còn mấy ông ấy ấy lại ô cần biết,bọntrẻconnócònbiếtvềthựctạixãhộichínhtrịcònmấyôngấyấylạiôcầnbiết,1,64,0
công nghệ làm sạch môi trường của nhật cản trở tham nhũng của công chức búa liềm,côngnghệlàmsạchmôitrườngcủanhậtcảntrởthamnhũngcủacôngchứcbúaliềm,1,64,0
các em nầy khi vào báo “công ngủ” với ác hồ thì phải chỉa vào mặt ác hồ như thế nầy nè,cácemnầykhivàobáocôngngủvớiáchồthìphảichỉavàomặtáchồnhưthếnầynè,1,63,0
"bảo yêu nước, thương nước, xong đi du lịch về lây bệnh cho nước mà là yêu nước à",bảoyêunướcthươngnướcxongđidulịchvềlâybệnhchonướcmàlàyêunướcà,1,60,0
muốn dân hết khổ thì cho vài ba trận đá banh thì dân cứ bão với lũ là hết thôi,muốndânhếtkhổthìchovàibatrậnđábanhthìdâncứbãovớilũlàhếtthôi,1,59,0
sao các anh khác xa mấy con ....(định bảo con chó nhung thấy xúc phạm con chó quá),saocácanhkhácxamấyconđịnhbảoconchónhungthấyxúcphạmconchóquá,1,59,0
cô bé phóng viên như thể sắp bợp cho ngài lãnh đạo 1 tai cho chừa ngu người,côbéphóngviênnhưthểsắpbợpchongàilãnhđạo1taichochừangungười,1,58,0
"người khổ, rất khổ là nhờ ơn sự lãnh đạo của đám ngợm cộng sản đoảng và boác",ngườikhổrấtkhổlànhờơnsựlãnhđạocủađámngợmcộngsảnđoảngvàboác,1,58,0
"phải có ""liềm"" tin tuyệt đối vào đường nối chính sách của đoảng trung khựa",phảicóliềmtintuyệtđốivàođườngnốichínhsáchcủađoảngtrungkhựa,1,58,0
"kẻ nào giỏi phá , ăn chơi , mất dạy , lưu manh , đều là bằng cấp lảnh đạo việt nam",kẻnàogiỏipháănchơimấtdạylưumanhđềulàbằngcấplảnhđạoviệtnam,1,57,0
không ngã cầu thang và có chứng nhận tâm thần thì có thể sống khá là dai,khôngngãcầuthangvàcóchứngnhậntâmthầnthìcóthểsốngkhálàdai,1,56,0
của các em ý đều là nước nôi rất ít mà lại ko chịu cảnh giác vấn đề củi lửa,củacácemýđềulànướcnôirấtítmàlạikochịucảnhgiácvấnđềcủilửa,1,56,0
lũ cầu cá móng phèn vô học mất dạy lại tham tiền vô đối bất chấp sĩ diện,lũcầucámóngphènvôhọcmấtdạylạithamtiềnvôđốibấtchấpsĩdiện,1,55,0
ô nao cug muốn ở phưởng cơ quan có ô nào muốn lò mặt ra ngoài để điều tra,ônaocugmuốnởphưởngcơquancóônàomuốnlòmặtrangoàiđểđiềutra,1,55,0
"cứ tập trận như đúng rồi, sợ dân ta đến biểu tình nên phải làm vậy đây mà",cứtậptrậnnhưđúngrồisợdântađếnbiểutìnhnênphảilàmvậyđâymà,1,55,0
uống nước thải qua đường ống làm bằng vật liệu phế thải trung quốc,uốngnướcthảiquađườngốnglàmbằngvậtliệuphếthảitrungquốc,1,53,0
tưởng mình là hoàng thân quốc thích của bên tàu bên mĩ j còn tồn tại,tưởngmìnhlàhoàngthânquốcthíchcủabêntàubênmĩjcòntồntại,1,53,0
bà con ở thiên đường cứ học cái tính càm ràm vớ vẫn của bọn giãy chết,bàconởthiênđườngcứhọccáitínhcàmràmvớvẫncủabọngiãychết,1,53,0
diệt chủng mà mấy triệu tín đồ vẫn tin là doanh nhân hay danh nhân,diệtchủngmàmấytriệutínđồvẫntinlàdoanhnhânhaydanhnhân,1,52,0
người dân ngày đêm cày kéo làm để trả nợ thay cho lũ ăn tàn phá hoại,ngườidânngàyđêmcàykéolàmđểtrảnợthaycholũăntànpháhoại,1,52,0
làm riêng một phần nghĩa địa để trôn riêng những người cộng sản,làmriêngmộtphầnnghĩađịađểtrônriêngnhữngngườicộngsản,1,51,0
người theo cộng sản là quỷ đội lốt người có tội đồ lớn với dân tộc,ngườitheocộngsảnlàquỷđộilốtngườicótộiđồlớnvớidântộc,1,51,0
đàn bà dễ có mấy tay_dinh thự của nữ đội trưởng đội chống buôn lậu,đànbàdễcómấytaydinhthựcủanữđộitrưởngđộichốngbuônlậu,1,51,0
chỉ biết đứng đó nhìn xem gió thổi chiều nào ta bay theo chiều đó,chỉbiếtđứngđónhìnxemgióthổichiềunàotabaytheochiềuđó,1,51,0
việt nam sẽ là nước đứng tóp đầu về nước đáng khinh nhất thế giới,việtnamsẽlànướcđứngtópđầuvềnướcđángkhinhnhấtthếgiới,1,51,0
có não thì nên sử dụng chứ cứ để nó đóng thành bê tông thì lại phí,cónãothìnênsửdụngchứcứđểnóđóngthànhbêtôngthìlạiphí,1,50,0
làm kiểu ta đây giàu đi chơi du lịch qua mấy vùng dịch chơi ấy mà,làmkiểutađâygiàuđichơidulịchquamấyvùngdịchchơiấymà,1,50,0
đứng về phía thế lực thù địch tức là thân địch tức là chống đảng,đứngvềphíathếlựcthùđịchtứclàthânđịchtứclàchốngđảng,1,50,0
mấy ông áo vàng cho lính đánh xe taxi chặn đường để bắt sai làn,mấyôngáovàngcholínhđánhxetaxichặnđườngđểbắtsailàn,1,49,0
cộng sản mạnh nhất ở điểm là tạo ngôn luận ảnh hưởng mọi người,cộngsảnmạnhnhấtởđiểmlàtạongônluậnảnhhưởngmọingười,1,49,0
hãy nhìn ánh sáng của đảng và quên đi sự bất công của cuộc sống,hãynhìnánhsángcủađảngvàquênđisựbấtcôngcủacuộcsống,1,49,0
người e yêu thương k phải bố cũng chẳng phải mẹ.mà là chú bộ đội,ngườieyêuthươngkphảibốcũngchẳngphảimẹmàlàchúbộđội,1,49,0
thả nó và khu bảo tồn thiên nhiên cho về với giống loài của nó,thảnóvàkhubảotồnthiênnhiênchovềvớigiốngloàicủanó,1,48,0
"giải độc cộng sản đã khó, giải độc tư tưởng cánh tả còn khó hơn",giảiđộccộngsảnđãkhógiảiđộctưtưởngcánhtảcònkhóhơn,1,48,0
"cs nghèo chỉ có tiền ăn bánh mì, ko có tiền làm tường chắn gió",csnghèochỉcótiềnănbánhmìkocótiềnlàmtườngchắngió,1,47,0
vượng vin đang làm chủ đất việt chứ không phải bộ chính trị,vượngvinđanglàmchủđấtviệtchứkhôngphảibộchínhtrị,1,47,0
hãy tin vào sự lãnh đạo tài tình của đảng và bộ máy nhà nước,hãytinvàosựlãnhđạotàitìnhcủađảngvàbộmáynhànước,1,46,0
chừng nào tính được 200 tỉ mà ăn được bn mới làm lãnh đạo đc,chừngnàotínhđược200tỉmàănđượcbnmớilàmlãnhđạođc,1,46,0
không phải vì bạn xúc phạm họ mà vì bạn đã lộ bí mật quốc gia,khôngphảivìbạnxúcphạmhọmàvìbạnđãlộbímậtquốcgia,1,46,0
"ăn k nói có mà cũng bày đặt đẻ con,giáo dục con,cho con di học",ănknóicómàcũngbàyđặtđẻcongiáodụcconchocondihọc,1,46,0
kêu gọi đc cả đống tiền như ngta k mà ngồi rảnh lồn đi phán,kêugọiđccảđốngtiềnnhưngtakmàngồirảnhlồnđiphán,1,45,0
chờ anh gd tung sản phẩm đã khi đó tùng mới có ý tưởng ra mv,chờanhgdtungsảnphẩmđãkhiđótùngmớicóýtưởngramv,1,45,0
bánh tráng chỉ xếp thứ 2 sau pha lật mặt của vũ khắc tiệp,bánhtrángchỉxếpthứ2sauphalậtmặtcủavũkhắctiệp,1,44,0
"bò ơi nghỉ lại đi, chứ đừng để bị làm nội tạng cho giặc tàu",bòơinghỉlạiđichứđừngđểbịlàmnộitạngchogiặctàu,1,44,0
loại viết chính tả còn không rành còn đòi bàn chính trị,loạiviếtchínhtảcònkhôngrànhcònđòibànchínhtrị,1,44,0
giàu mà ăn mặc lạ lùng ghê k bằng ăn mặc quê mùa như mình,giàumàănmặclạlùngghêkbằngănmặcquêmùanhưmình,1,43,0
tầng lớp thanh niên vn bị cs dắt mũi như những con lừa,tầnglớpthanhniênvnbịcsdắtmũinhưnhữngconlừa,1,42,0
ra sức phấn đấu làm trâu chó ngựa cho người ta sai bảo,rasứcphấnđấulàmtrâuchóngựachongườitasaibảo,1,42,0
con mụ bộ y tế khóc khi bệnh nhân uống phải thuốc giả,conmụbộytếkhóckhibệnhnhânuốngphảithuốcgiả,1,41,0
có tiền mà k giám tiêu. toàn gửi ngân hàng nước ngoài,cótiềnmàkgiámtiêutoàngửingânhàngnướcngoài,1,41,0
cái mặt mình nhìn chung ko có 1 chỗ nào thiện cảm hết,cáimặtmìnhnhìnchungkocó1chỗnàothiệncảmhết,1,41,0
"hấp hối vì hết tiền, nợ ngập đầu, tài nguyên cạn kiệt",hấphốivìhếttiềnnợngậpđầutàinguyêncạnkiệt,1,40,0
"sống nước này, nước kia,quốc tịch này quốc tịch kia",sốngnướcnàynướckiaquốctịchnàyquốctịchkia,1,40,0
ý thức của chị nhung còn ít hơn cả nhân bánh mì của t,ýthứccủachịnhungcòníthơncảnhânbánhmìcủat,1,40,0
nước rửa cầu tiêu mà tưởng mình là sân siêu bột kết,nướcrửacầutiêumàtưởngmìnhlàsânsiêubộtkết,1,40,0
nếu có ảnh hưởng thì chỉ ảnh hưởng cán bộ lãnh đạo,nếucóảnhhưởngthìchỉảnhhưởngcánbộlãnhđạo,1,39,0
không khác gì một con vi rút luôn luôn gây mệt mỏi,khôngkhácgìmộtconvirútluônluôngâymệtmỏi,1,39,0
loại này cho vài trái sầu riêng vào mặt là còn nhẹ,loạinàychovàitráisầuriêngvàomặtlàcònnhẹ,1,39,0
óc của thằng ad dc cấu tạo từ cức các loại động vật,óccủathằngaddccấutạotừcứccácloạiđộngvật,1,39,0
coi chừng con cháu ông pà của pà .... ở địa ngục chờ pà,coichừngconcháuôngpàcủapàởđịangụcchờpà,1,38,0
bệnh thành tích và gia đình trị con ông cháu cha,bệnhthànhtíchvàgiađìnhtrịconôngcháucha,1,38,0
tham nhũng đã được chặn ko cho dân phát hiện nữa,thamnhũngđãđượcchặnkochodânpháthiệnnữa,1,38,0
dân bầu sai lãnh đạo thì chẳng lẽ là lãnh đạo sai,dânbầusailãnhđạothìchẳnglẽlàlãnhđạosai,1,38,0
liếm ko từ 1 cái gì cả cứt và lá xoan cũng liếm nốt,liếmkotừ1cáigìcảcứtvàláxoancũngliếmnốt,1,38,0
mạng của bọn nó là vàng còn với dân đen như cỏ rác,mạngcủabọnnólàvàngcònvớidânđennhưcỏrác,1,38,0
làm j có ích tí chứ đừng có giống mấy bạn hàn quốc,làmjcóíchtíchứđừngcógiốngmấybạnhànquốc,1,38,0
đến con chó nó còn có ý cầu tiến>>chán lãnh đạovn,đếnconchónócòncóýcầutiếnchánlãnhđạovn,1,37,0
cuộc đời sài chai nước hoa chính hãng chưa nữa,cuộcđờisàichainướchoachínhhãngchưanữa,1,37,0
sinh con đẻ cái có khi còn không có lỗ đít để đi ị,sinhconđẻcáicókhicònkhôngcólỗđítđểđiị,1,37,0
giặc tra tấn dã man thế nào cũng không mở mồm có #,giặctratấndãmanthếnàocũngkhôngmởmồmcó,1,37,0
lôi bệnh tâm thần ra làm lá che chắn để chối tội,lôibệnhtâmthầnralàmláchechắnđểchốitội,1,37,0
chưa bở phiếu mà đã cơ cấu 4 chức vụ chủ chốt rồi,chưabởphiếumàđãcơcấu4chứcvụchủchốtrồi,1,37,0
nhìn nhà tiên tri vủ trụ trần dần giống con chó,nhìnnhàtiêntrivủtrụtrầndầngiốngconchó,1,37,0
cướp tiền 1 cách công khai để đút vào túi mình,cướptiền1cáchcôngkhaiđểđútvàotúimình,1,36,0
để bk k phải nuôi nk như bọn chúng từng lếu láo,đểbkkphảinuôinknhưbọnchúngtừnglếuláo,1,36,0
trời đã sinh ra tuấn tại sao còn sinh ra tiệp,trờiđãsinhratuấntạisaocònsinhratiệp,1,35,0
ăn rồi bị họ chửi rủa như chó mà cũng lầy hoài,ănrồibịhọchửirủanhưchómàcũnglầyhoài,1,35,0
không có bằng cấp 3 nhưng lý luận ct rất giỏi,khôngcóbằngcấp3nhưnglýluậnctrấtgiỏi,1,35,0
ko có tiền ko có quan hệ thì cũng thất nghiệp,kocótiềnkocóquanhệthìcũngthấtnghiệp,1,35,0
con ngựa bị che bớt mắt để chỉ đi đường thẳng,conngựabịchebớtmắtđểchỉđiđườngthẳng,1,35,0
ý thức của chị còn thấp hơn cả điểm hoá của em,ýthứccủachịcònthấphơncảđiểmhoácủaem,1,35,0
xứ thiên đường cái lol gì cũng hơi tí là phạt,xứthiênđườngcáilolgìcũnghơitílàphạt,1,35,0
làm như giàu lắm hay sao mà khoe của thấy ghê,làmnhưgiàulắmhaysaomàkhoecủathấyghê,1,35,0
coi thử có đi răng hàm mặt chỉnh hình không,coithửcóđirănghàmmặtchỉnhhìnhkhông,1,34,0
lời nói nhanh hơn não là biết con người ntn,lờinóinhanhhơnnãolàbiếtconngườintn,1,34,0
hà nội sẽ đc đổi tên thành tp mao trạch đông,hànộisẽđcđổitênthànhtpmaotrạchđông,1,34,0
rút đc kinh nghiệm hết lần này qua lần khác,rútđckinhnghiệmhếtlầnnàyqualầnkhác,1,34,0
tổ sư con dở ng nghĩ mình hài hước hay lòn gì,tổsưcondởngnghĩmìnhhàihướchaylòngì,1,34,0
đi ngược với chính sách ngu dân chỉ có chết,đingượcvớichínhsáchngudânchỉcóchết,1,34,0
dek biết phân biệt sai trái sự thật giả dối,dekbiếtphânbiệtsaitráisựthậtgiảdối,1,34,0
ko ở xứ thiên đường mà trốn ở lại xứ dẫy chết,koởxứthiênđườngmàtrốnởlạixứdẫychết,1,34,0
theo công giáo nên suốt ngày thiên đường,theocônggiáonênsuốtngàythiênđường,1,33,0
dân mình khi nào mới thoát khỏi sự cai trị,dânmìnhkhinàomớithoátkhỏisựcaitrị,1,33,0
xe chở tiền nó lùi vào tận cửa phòng khách,xechởtiềnnólùivàotậncửaphòngkhách,1,33,0
dân nghèo rớt ra xây cái nhà ga 900mil usd,dânnghèorớtraxâycáinhàga900milusd,1,33,0
con ốc làm chưa được nhưng thích chém gió,conốclàmchưađượcnhưngthíchchémgió,1,33,0
tẩu tán cất giấu mấy ngàn tỷ vào túi riêng,tẩutáncấtgiấumấyngàntỷvàotúiriêng,1,33,0
+ sản đã làm cho nhân dân bị bệnh kiệt kháng,sảnđãlàmchonhândânbịbệnhkiệtkháng,1,33,0
đất nước yên bình.môi trường sạch đẹp nhé,đấtnướcyênbìnhmôitrườngsạchđẹpnhé,1,33,0
đâu có ảnh hưởng miếng cơm manh áo nhà bạn,đâucóảnhhưởngmiếngcơmmanháonhàbạn,1,33,0
diễn hài chỉ đáng xách dép quan chức việt,diễnhàichỉđángxáchdépquanchứcviệt,1,33,0
không thể bắt kịp nền văn minh nhân loại,khôngthểbắtkịpnềnvănminhnhânloại,1,32,0
lam di 9 phuong con 1 phuong de lay chong,lamdi9phuongcon1phuongdelaychong,1,32,0
nên vào tù ở trước thay vì gặp người khác,nênvàotùởtrướcthayvìgặpngườikhác,1,32,0
dân thích làm nô lệ .chưa thích làm người,dânthíchlàmnôlệchưathíchlàmngười,1,32,0
mang thẳng vào nhà hoả táng mà cách biệt,mangthẳngvàonhàhoảtángmàcáchbiệt,1,32,0
ngta nhiều lắm có 2 mặt đằng này tận 4 mặt,ngtanhiềulắmcó2mặtđằngnàytận4mặt,1,32,0
kể tài sản của ng khác rồi xạo lozzz của mk,kểtàisảncủangkhácrồixạolozzcủamk,1,32,0
nước ung thư cao thế giới toàn eu với mỹ,nướcungthưcaothếgiớitoàneuvớimỹ,1,31,0
đất nước sẽ đi về đâu vs những thằng ngu,đấtnướcsẽđivềđâuvsnhữngthằngngu,1,31,0
đế quốc quẫy muốn chết chứ ở đó rẫy chết,đếquốcquẫymuốnchếtchứởđórẫychết,1,31,0
thằng ăn cướp mà còn mang huy hiệu đảng,thằngăncướpmàcònmanghuyhiệuđảng,1,31,0
đứa ca sĩ nước mỹ mặc áo dài không quần ý,đứacasĩnướcmỹmặcáodàikhôngquầný,1,31,0
2 cái lỗ mũi to zậy mà vẫn thấy ngột ngạt,2cáilỗmũitozậymàvẫnthấyngộtngạt,1,31,0
ca sĩ duy nhất trên thế giới mà k cần hát,casĩduynhấttrênthếgiớimàkcầnhát,1,31,0
đừng như bây giờ tên cũng không dám gọi,đừngnhưbâygiờtêncũngkhôngdámgọi,1,31,0
mỗi lãnh đạo chắc chắn có máy bay riêng,mỗilãnhđạochắcchắncómáybayriêng,1,31,0
phân biệt vùng miền bàn phím vãi lồng,phânbiệtvùngmiềnbànphímvãilồng,1,30,0
những người khốn khổ tại thiên đường,nhữngngườikhốnkhổtạithiênđường,1,30,0
thầy bar ko có não vẫn sống như thường,thầybarkocónãovẫnsốngnhưthường,1,30,0
"ổ chứa dịch của bọn rich kid ,việt kiều",ổchứadịchcủabọnrichkidviệtkiều,1,30,0
như mấy ông trại tâm thần nghịch kiến,nhưmấyôngtrạitâmthầnnghịchkiến,1,30,0
loại ngồi một chỗ phán xét người khác,loạingồimộtchỗphánxétngườikhác,1,30,0
mong chúng nhân từ đưa ra miếng xương,mongchúngnhântừđưaramiếngxương,1,30,0
nghĩ mình là công chúa các thứ các thứ,nghĩmìnhlàcôngchúacácthứcácthứ,1,30,0
corona tất nhiên là sẽ tới thăm viếng,coronatấtnhiênlàsẽtớithămviếng,1,30,0
ước gì sự giàu có tỷ lệ thuận với ý thức,ướcgìsựgiàucótỷlệthuậnvớiýthức,1,30,0
ý thức còn ít hơn cả số tiền trong túi t,ýthứccòníthơncảsốtiềntrongtúit,1,30,0
kí 1 cái là đc cả trăm tỉ mà éo phải đi tù,kí1cáilàđccảtrămtỉmàéophảiđitù,1,30,0
chôn chất thải độc hại gần nguồn nước,chônchấtthảiđộchạigầnnguồnnước,1,30,0
thành phần như m tốt nhất nhập tịch tq,thànhphầnnhưmtốtnhấtnhậptịchtq,1,30,0
nhìu cái siêu z mà thíu cái siêu thoát,nhìucáisiêuzmàthíucáisiêuthoát,1,30,0
mồm độc miệng.hung dữ.nói tục chửi thề,mồmđộcmiệnghungdữnóitụcchửithề,1,30,0
ý thức của chị nhung còn thua điểm lí,ýthứccủachịnhungcònthuađiểmlí,1,29,0
lên chức để nhét con cháu vào thây bã,lênchứcđểnhétconcháuvàothâybã,1,29,0
nó xấu mà ko giấy nào bút nào mà tả nổi,nóxấumàkogiấynàobútnàomàtảnổi,1,29,0
chua bao giờ người lại rẽ như bây giờ,chuabaogiờngườilạirẽnhưbâygiờ,1,29,0
ý thức của người vn quá yếu và quá kém,ýthứccủangườivnquáyếuvàquákém,1,29,0
giàu có thiệt nhưng có giúp đỡ ai đâu,giàucóthiệtnhưngcógiúpđỡaiđâu,1,29,0
biến cái lỗ mồm ông thành cái bể phốt,biếncáilỗmồmôngthànhcáibểphốt,1,29,0
đua đòi theo các nước kém phát triển,đuađòitheocácnướckémpháttriển,1,29,0
con người chứ có phải con trâu con bò,conngườichứcóphảicontrâuconbò,1,29,0
ý thức của nó thấp hơn điểm hóa của em,ýthứccủanóthấphơnđiểmhóacủaem,1,29,0
trước khi làm gì cũng nên lắp não vào,trướckhilàmgìcũngnênlắpnãovào,1,29,0
bị dí súng vào đầu như bên trung đông,bịdísúngvàođầunhưbêntrungđông,1,29,0
vô ý thức không chừa một độ tuổi nào,vôýthứckhôngchừamộtđộtuổinào,1,28,0
chính quyền vn rất có tính giải trí,chínhquyềnvnrấtcótínhgiảitrí,1,28,0
sản phẩm của 1 nền giáo dục thối nát,sảnphẩmcủa1nềngiáodụcthốinát,1,28,0
mùa chuối sẽ cùng nhau về phụt cuốc,mùachuốisẽcùngnhauvềphụtcuốc,1,28,0
loại này tử hình luôn cách ly làm gì,loạinàytửhìnhluôncáchlylàmgì,1,28,0
trộn chất độc vào để tăng lợi nhuận,trộnchấtđộcvàođểtănglợinhuận,1,28,0
không bẩn thỉu không phải cộng sản,khôngbẩnthỉukhôngphảicộngsản,1,28,0
cái mặt của mày nhìn như trái hủ qua,cáimặtcủamàynhìnnhưtráihủqua,1,28,0
dưới bàn tay đen đúa của tuyên giáo,dướibàntayđenđúacủatuyêngiáo,1,28,0
"chính ""đồng bào"" ta cũng nổi hết da gà",chínhđồngbàotacũngnổihếtdagà,1,28,0
thất bại của việc bố mẹ mày làm tình,thấtbạicủaviệcbốmẹmàylàmtình,1,28,0
trai không ra trai.gai không ra gái,traikhôngratraigaikhôngragái,1,28,0
làm gì có văn hóa mà lập ra bộ văn hóa,làmgìcóvănhóamàlậprabộvănhóa,1,28,0
bon bao ve chi la may con cho giu cua,bonbaovechilamayconchogiucua,1,28,0
cho vào rừng sống lại với bản năng,chovàorừngsốnglạivớibảnnăng,1,27,0
tphcm trong tương lai sẽ là thủ đô,tphcmtrongtươnglaisẽlàthủđô,1,27,0
mo miệng ra nghe thui như dong cuc,momiệngranghethuinhưdongcuc,1,27,0
học chả hết cấp 1 mà cũng có bằng đh,họcchảhếtcấp1màcũngcóbằngđh,1,27,0
gây hiệu ứng đám đông để nôi tiếng,gâyhiệuứngđámđôngđểnôitiếng,1,27,0
tìm người thân quen để bỏ phong bì,tìmngườithânquenđểbỏphongbì,1,27,0
con trâu bị xỏ mủi để dể điều khiển,contrâubịxỏmủiđểdểđiềukhiển,1,27,0
còn cọp ăn con hươu thì đeoa bắt đc,còncọpănconhươuthìđeoabắtđc,1,27,0
chị có chim không .... sao nhìn gớm gớm,chịcóchimkhôngsaonhìngớmgớm,1,27,0
quan nhà sản có khác...bị khuyết tật,quannhàsảncókhácbịkhuyếttật,1,27,0
làm như ở dưới gầm giường người ta,làmnhưởdướigầmgiườngngườita,1,27,0
chả có tí máu lồn nào gọi là văn hóa,chảcótímáulồnnàogọilàvănhóa,1,27,0
"cứ như mấy con bò đỏ, bị thuần chủng",cứnhưmấyconbòđỏbịthuầnchủng,1,27,0
người trình độ lớp ba trường làng,ngườitrìnhđộlớpbatrườnglàng,1,27,0
chửi người ta làm sao mày gánh hết,chửingườitalàmsaomàygánhhết,1,27,0
"dân trả nợ , chứ các lãnh đạo đâu trả",dântrảnợchứcáclãnhđạođâutrả,1,27,0
giàu thường hay quên cách ăn mặc á,giàuthườnghayquêncáchănmặcá,1,27,0
ko có bôi trơn thì sao mà nhận thầu,kocóbôitrơnthìsaomànhậnthầu,1,27,0
nó khác gì cách đảng cs chọn người,nókhácgìcáchđảngcschọnngười,1,27,0
"tên của nó là bảo hiểm "" bắt buộc "" mà",têncủanólàbảohiểmbắtbuộcmà,1,26,0
ke khung bo lai cam co do sao vang,kekhungbolaicamcodosaovang,1,26,0
đúng sai mà còn k biết thì biết gì,đúngsaimàcònkbiếtthìbiếtgì,1,26,0
bọn dân đen như các ông thì làm gì,bọndânđennhưcácôngthìlàmgì,1,26,0
không hèn không phải là cộng sản,khônghènkhôngphảilàcộngsản,1,26,0
chưa nói động chạm gì mà dựng lồn,chưanóiđộngchạmgìmàdựnglồn,1,26,0
ăn hết đống cá rồi tắm biển hết đi,ănhếtđốngcárồitắmbiểnhếtđi,1,26,0
mẹ cha chúng nó bọn mất lương tri,mẹchachúngnóbọnmấtlươngtri,1,26,0
nuôi mấy đứa này thiệt tiếc tiền,nuôimấyđứanàythiệttiếctiền,1,26,0
còn trinh có cây đinh chính giữa,còntrinhcócâyđinhchínhgiữa,1,26,1
mặt đẹp gái mà cái tính lại xấu xa,mặtđẹpgáimàcáitínhlạixấuxa,1,26,0
đéo còn tý niềm tin cái đất nc này,đéocòntýniềmtincáiđấtncnày,1,26,0
"nhân phẩm , danh dự cũng có hoá đơn",nhânphẩmdanhdựcũngcóhoáđơn,1,26,0
loại trai đéo phải nữ cũng không,loạitraiđéophảinữcũngkhông,1,26,0
ngu + phong bì + cấp quyền = loạn ngôn,nguphongbìcấpquyềnloạnngôn,1,26,0
miệng mở ra thúi như cái ống cống,miệngmởrathúinhưcáiốngcống,1,26,0
ý thức thua điểm thi hóa của cháu,ýthứcthuađiểmthihóacủacháu,1,26,0
ong co binh thuong khong vay ong?,ongcobinhthuongkhongvayong,1,26,0
cái đồ quốc gia chế độ cũ bị lật đổ,cáiđồquốcgiachếđộcũbịlậtđổ,1,26,0
lãnh đạo trường thì đang cố giấu,lãnhđạotrườngthìđangcốgiấu,1,26,0
gió chiều nào ông ta ngã chiều đó,gióchiềunàoôngtangãchiềuđó,1,26,0
tên loài sinh vật lạ :dư luận viên,tênloàisinhvậtlạdưluậnviên,1,26,0
có tí tiền lo mà bổ túc lại cái não,cótítiềnlomàbổtúclạicáinão,1,26,0
nói đạo lí nên mới nhiều ng bị lừa,nóiđạolínênmớinhiềungbịlừa,1,26,0
súc vật từ nhan sắc đến nhân cách,súcvậttừnhansắcđếnnhâncách,1,26,0
hoag sa truog sa la kua trug quoc,hoagsatruogsalakuatrugquoc,1,26,0
gần toàn gái xinh mà hành xử kém,gầntoàngáixinhmàhànhxửkém,1,25,0
ngừoi đàn bà có cây cà rem 9 giữa,ngừoiđànbàcócâycàrem9giữa,1,25,0
sang vũ hán mà ở cho đợ ngột ngạt 😒,sangvũhánmàởchođợngộtngạt,1,25,0
đjt con me m xác định lập acc mới,đjtconmemxácđịnhlậpaccmới,1,25,0
tối ngày đòi bình đẳng ko kì thị,tốingàyđòibìnhđẳngkokìthị,1,25,0
ngôn ngữ đả kích và khiêu khích,ngônngữđảkíchvàkhiêukhích,1,25,0
bò đỏ umê bưng bô làm gì có cửa đu,bòđỏumêbưngbôlàmgìcócửađu,1,25,0
cai mo may k con cai rang an chao,caimomaykconcairanganchao,1,25,0
ý thức không bằng cả huấn râu gì,ýthứckhôngbằngcảhuấnrâugì,1,25,0
khom lưng hửi đít thằng mao chó,khomlưnghửiđítthằngmaochó,1,25,0
đời cha ăn mặn đời con khát nước,đờichaănmặnđờiconkhátnước,1,25,0
ai là quan chức mad ko lạm quyền,ailàquanchứcmadkolạmquyền,1,25,0
thu do se bi qua bao se chẹt tham,thudosebiquabaosechẹttham,1,25,0
con điên con hâm con chập cheng,conđiênconhâmconchậpcheng,1,25,0
đầu óc đ gì cứ như gói trà túi lọc,đầuócđgìcứnhưgóitràtúilọc,1,25,0
cái phao để cứu cho những tên cs,cáiphaođểcứuchonhữngtêncs,1,25,0
cặp môi như hai miếng thịt trâu,cặpmôinhưhaimiếngthịttrâu,1,25,0
ông già nuôi tốn tiền bỉm sữa vl,ônggiànuôitốntiềnbỉmsữavl,1,25,0
chj co tien chon duoi dat thoi,chjcotienchonduoidatthoi,1,24,0
không nên du nhập vào việt nam,khôngnêndunhậpvàoviệtnam,1,24,0
lo canh me gd ra sản phẩm để đạo,locanhmegdrasảnphẩmđểđạo,1,24,0
con khỉ trần dần vẫn còn răng à?,conkhỉtrầndầnvẫncònrăngà,1,24,0
chả có tí hành kinh nào văn hoá,chảcótíhànhkinhnàovănhoá,1,24,0
dương tính với bệnh thần kinh,dươngtínhvớibệnhthầnkinh,1,24,0
ăn thực phẩm chứa chất độc hại,ănthựcphẩmchứachấtđộchại,1,24,0
12 con giáp không dóng còn nào,12congiápkhôngdóngcònnào,1,24,0
chúng có biết chữ để đọc báo ko,chúngcóbiếtchữđểđọcbáoko,1,24,0
vay cho con cháu du học xây nhà,vaychoconcháuduhọcxâynhà,1,24,0
k có nghìn nào giúp dân thì nín,kcónghìnnàogiúpdânthìnín,1,24,0
dm éo học thì làm cc gì biết chữ,dméohọcthìlàmccgìbiếtchữ,1,24,0
vẫn là dân khổ . đảng cs muôn năm,vẫnlàdânkhổđảngcsmuônnăm,1,24,0
có lồn đâu mà lấy 1 tỷ chùi trời,cólồnđâumàlấy1tỷchùitrời,1,24,0
đừng hi vọng nhiều ở luật pháp,đừnghivọngnhiềuởluậtpháp,1,24,0
ý thức còn kém hơn kiến thức lý,ýthứccònkémhơnkiếnthứclý,1,24,0
pháp luật là thể loại hài hước,phápluậtlàthểloạihàihước,1,24,0
sự xúc phạm nặng nề người nhìn,sựxúcphạmnặngnềngườinhìn,1,24,0
ý thức còn ít hơn kiến thức hoá,ýthứccòníthơnkiếnthứchoá,1,24,0
nó cố ý hay vô tình sống tới giờ,nócốýhayvôtìnhsốngtớigiờ,1,24,0
đề đừng tin những gì cu vẹm nói,đềđừngtinnhữnggìcuvẹmnói,1,24,0
bắt tay với quan chức nhà nước,bắttayvớiquanchứcnhànước,1,24,0
ý thức kém hơn cả điểm english,ýthứckémhơncảđiểmenglish,1,24,0
im lặng những chuyện cấp bách,imlặngnhữngchuyệncấpbách,1,24,0
sống với ô nhiễm ở mức nguy hại,sốngvớiônhiễmởmứcnguyhại,1,24,0
đâu bao giờ dám trưng cầu dân ý,đâubaogiờdámtrưngcầudâný,1,24,0
k có viết chữ đẹp đc như vậy đâu,kcóviếtchữđẹpđcnhưvậyđâu,1,24,0
đàn bà j nhìn mặt giống dân ông,đànbàjnhìnmặtgiốngdânông,1,24,0
bị đô hộ khéo còn phát triển đc,bịđôhộkhéocònpháttriểnđc,1,24,0
không tin chị này là con người,khôngtinchịnàylàconngười,1,24,0
"lợn, bò cũng có thể làm lãnh đạo",lợnbòcũngcóthểlàmlãnhđạo,1,24,0
chuyên môn mẹ gì mà đòi kĩ lăng,chuyênmônmẹgìmàđòikĩlăng,1,24,0
nếp nhăn trên não cũng né ổng,nếpnhăntrênnãocũngnéổng,1,23,0
ko gjam gui ngan hang so bj lô,kogjamguinganhangsobjlô,1,23,0
không biết nhìn lại bản thân,khôngbiếtnhìnlạibảnthân,1,23,0
sống lang thang ngoài đường,sốnglangthangngoàiđường,1,23,0
không có đứa nào là người tốt,khôngcóđứanàolàngườitốt,1,23,0
không giống ai và con gì luôn,khônggiốngaivàcongìluôn,1,23,0
"hít thủy ngân, bụi mịn ô nhiễm",hítthủyngânbụimịnônhiễm,1,23,0
lời hứa mấy ông này như trò hề,lờihứamấyôngnàynhưtròhề,1,23,0
chuyên gia dạy chó chuan men,chuyêngiadạychóchuanmen,1,23,0
chống đảng và nhà nc việt nam,chốngđảngvànhàncviệtnam,1,23,0
người nổi tiếng mà ý thức kém,ngườinổitiếngmàýthứckém,1,23,0
""" xã hội đổ nát, nhà nước vô dụng """,xãhộiđổnátnhànướcvôdụng,1,23,0
vào đồn ca về hay bị trúng gió,vàođồncavềhaybịtrúnggió,1,23,0
cách ly mà đòi phục vụ như vua,cáchlymàđòiphụcvụnhưvua,1,23,0
ảnh hưởng kinh tế gì nhà bạn k,ảnhhưởngkinhtếgìnhàbạnk,1,23,0
xin tien xin bia xin ruou tây,xintienxinbiaxinruoutây,1,23,0
sao nó sống tới tận giờ đc nhỉ,saonósốngtớitậngiờđcnhỉ,1,23,0
con bò bị tròng cổ để dể dắc đi,conbòbịtròngcổđểdểdắcđi,1,23,0
ko bị kiện thì cũng ngậm tiền,kobịkiệnthìcũngngậmtiền,1,23,0
chưa thấy quan tài chưa đổ lệ,chưathấyquantàichưađổlệ,1,23,1
có tiền rồi nói gì cũng chuẩn,cótiềnrồinóigìcũngchuẩn,1,23,0
bố cáu thằng ăn bám váy đàn bà,bốcáuthằngănbámváyđànbà,1,23,0
cho cái chày đâm tiêu vô đầu m,chocáichàyđâmtiêuvôđầum,1,23,0
chứ hong phải hong có giày đi,chứhongphảihongcógiàyđi,1,23,0
nho nuoc bot uot het nguoi no,nhonuocbotuothetnguoino,1,23,0
thoòng treo trên cổ chúng nó,thoòngtreotrêncổchúngnó,1,23,0
bán nước hoa 500k như nước lã,bánnướchoa500knhưnướclã,1,23,0
giống loài tỏ ra thượng đẳng,giốngloàitỏrathượngđẳng,1,23,0
đứa con nik còn thấy nhục dùm,đứaconnikcònthấynhụcdùm,1,23,0
tam tu bi ma mieng thi kem gai,tamtubimamiengthikemgai,1,23,0
lột dân chừng ko còn cái quần,lộtdânchừngkocòncáiquần,1,23,0
mấy người có tiền sẽ bị nhiều,mấyngườicótiềnsẽbịnhiều,1,23,0
bò mãi o nhận ra vì nhồi sọ umê,bòmãionhậnravìnhồisọumê,1,23,0
con người chứ có phải con chó,conngườichứcóphảiconchó,1,23,0
dân tộc tàn độc nhất thế giới,dântộctànđộcnhấtthếgiới,1,23,0
cai mieng hay la cai ong cong,caimienghaylacaiongcong,1,23,0
"lũ phản động hại dân,hại nước",lũphảnđộnghạidânhạinước,1,23,0
ý thức a thua cả học sinh lớp 5,ýthứcathuacảhọcsinhlớp5,1,23,0
mo mieng ra cai gi cung thui,momiengracaigicungthui,1,22,0
giải phẫu cho thành con gái,giảiphẫuchothànhcongái,1,22,0
ng nhu linh dien thi ai them,ngnhulinhdienthiaithem,1,22,0
ai sống hai mặt thì đeo 2 cái,aisốnghaimặtthìđeo2cái,1,22,0
nên đeo bcs thay khẩu trang,nênđeobcsthaykhẩutrang,1,22,0
ngu mà ko biết nhìn lại mình,ngumàkobiếtnhìnlạimình,1,22,0
dong ho ba doi nha no bi benh,donghobadoinhanobibenh,1,22,0
đầu óc ông này đang có vấn đề,đầuócôngnàyđangcóvấnđề,1,22,0
tưởng mình hay vs nguy hiểm,tưởngmìnhhayvsnguyhiểm,1,22,0
phản động là nói lên sự thật,phảnđộnglànóilênsựthật,1,22,0
mặt k co tí gì gọi là phúc hậu,mặtkcotígìgọilàphúchậu,1,22,0
núp gầm giường hay sao biết,núpgầmgiườnghaysaobiết,1,22,0
bãi đéo nào cũng có dấu răng,bãiđéonàocũngcódấurăng,1,22,0
kẻ thù không đội trời chung,kẻthùkhôngđộitrờichung,1,22,0
cái miệng giống cái hầm cầu,cáimiệnggiốngcáihầmcầu,1,22,0
chạy xe có ngày đâm cột điện,chạyxecóngàyđâmcộtđiện,1,22,0
giàu lên chỉ nhờ mối quan hệ,giàulênchỉnhờmốiquanhệ,1,22,0
bọn bò đỏ ngu hết thuốc chữa,bọnbòđỏnguhếtthuốcchữa,1,22,0
tưởng thế là hay là hài hước,tưởngthếlàhaylàhàihước,1,22,0
hô hào những chuyện tào lao,hôhàonhữngchuyệntàolao,1,22,0
tụi thân cộng nó như sói đói,tụithâncộngnónhưsóiđói,1,22,0
óc nó được nhồi đậu phụ thối,ócnóđượcnhồiđậuphụthối,1,22,0
day khong phai la con nguoi,daykhongphailaconnguoi,1,22,0
bệnh từ trong cái nhân cách,bệnhtừtrongcáinhâncách,1,22,0
thứ ngu nhà dại ngoài đường,thứngunhàdạingoàiđường,1,22,0
miệng như hai miếng thịt bò,miệngnhưhaimiếngthịtbò,1,22,0
cố mà vô địch thêm 13 lần nữa,cốmàvôđịchthêm13lầnnữa,1,22,0
đầu óc thua cả 1 bác nông dân,đầuócthuacả1bácnôngdân,1,22,0
chúc bác lượng luôn an toàn,chúcbáclượngluônantoàn,1,22,0
nó bỏ ba cái chất gây nghiện,nóbỏbacáichấtgâynghiện,1,22,0
ong can bo ay ko fai la nguoi,ongcanboaykofailanguoi,1,22,0
bảng mặt nó ko bằng lông lồn,bảngmặtnókobằnglônglồn,1,22,0
ý thức còn kém hơn điểm toán,ýthứccònkémhơnđiểmtoán,1,22,0
mấy đứa chê bánh mì xanh cỏ r,mấyđứachêbánhmìxanhcỏr,1,22,0
vì đồng bạc bán rẽ lương tâm,vìđồngbạcbánrẽlươngtâm,1,22,0
đều có dấu răng của thằng ad,đềucódấurăngcủathằngad,1,22,0
ăn nói như bộ phận sinh dục,ănnóinhưbộphậnsinhdục,2,21,0
bán linh hồn và não cho quỷ,bánlinhhồnvànãochoquỷ,1,21,0
đủ khắm với trình của thắm,đủkhắmvớitrìnhcủathắm,1,21,0
lưu manh giả danh trí thức,lưumanhgiảdanhtríthức,1,21,0
đkm lũ phân biệt vùng miền,đkmlũphânbiệtvùngmiền,1,21,0
xoay vòng vòng như con rối,xoayvòngvòngnhưconrối,1,21,0
có miến ziên nào chết liền,cómiếnziênnàochếtliền,1,21,0
cái bọn bang đảng búa liềm,cáibọnbangđảngbúaliềm,1,21,0
mieng cho k the moc nga voi,miengchokthemocngavoi,1,21,0
top 4 chưa có mà lại thế lày,top4chưacómàlạithếlày,1,21,0
bóng dơ bóng bẩn bóng thúi,bóngdơbóngbẩnbóngthúi,1,21,0
suy đồi thối nát đến mọi rợ,suyđồithốinátđếnmọirợ,1,21,0
nhiều tiền để mang dịch về,nhiềutiềnđểmangdịchvề,1,21,0
mồm vén lên như cái bồn cầu,mồmvénlênnhưcáibồncầu,1,21,0
sao ko giữ được cái nết vậy,saokogiữđượccáinếtvậy,1,21,0
làm loạn để mọi người chú ý,làmloạnđểmọingườichúý,1,21,0
ấy thế mà đi thương con chó,ấythếmàđithươngconchó,1,21,0
chối tội đổ lỗi thanh minh,chốitộiđổlỗithanhminh,1,21,0
gió chieu nao .che chiei đo,gióchieunaochechieiđo,1,21,0
chết luôn đi cho đỡ kẹp đất,chếtluônđichođỡkẹpđất,1,21,0
tự do ngôn luận là thứ xa sĩ,tựdongônluậnlàthứxasĩ,1,21,0
chỉ đứng dẩy là thành ca sĩ,chỉđứngdẩylàthànhcasĩ,1,21,0
đút con mẹ nguyên cái buồi,đútconmẹnguyêncáibuồi,1,21,0
đẩy người tiêu dùng vào tù,đẩyngườitiêudùngvàotù,1,21,0
con tinh trùng khuyết tật,continhtrùngkhuyếttật,1,21,0
thọc con mắt chóng cái tai,thọcconmắtchóngcáitai,1,21,0
nói câu đó có ngày bà nghèo,nóicâuđócóngàybànghèo,1,21,0
quen lối sống hùa bầy đàng,quenlốisốnghùabầyđàng,1,21,0
con đường xuống hố cả nước,conđườngxuốnghốcảnước,1,21,0
đánh chết cụ mấy tg nhà báo,đánhchếtcụmấytgnhàbáo,1,21,0
nhai đi nhai lại như con bò,nhaiđinhailạinhưconbò,1,21,0
thứ óc chó ngu hết phần chó,thứócchónguhếtphầnchó,1,21,0
nghèo dốt lại khệnh khạng,nghèodốtlạikhệnhkhạng,1,21,0
nói triết lí thì sống như,nóitriếtlíthìsốngnhư,1,20,0
toàn dân đã ko còn tinh cs,toàndânđãkocòntinhcs,1,20,0
việt tân tài trợ phan anh,việttântàitrợphananh,1,20,0
bọn bú lồn ăn tục nói phét,bọnbúlồnăntụcnóiphét,1,20,0
mặt mày dao kéo nhiều quá,mặtmàydaokéonhiềuquá,1,20,0
ngập ngụa trong chất độc,ngậpngụatrongchấtđộc,1,20,0
ổ kinh tởm thối tha hèn hạ,ổkinhtởmthốithahènhạ,1,20,0
loại này đừng để đẻ trứng,loạinàyđừngđểđẻtrứng,1,20,0
đi học lại lớp mẫu giáo đi,đihọclạilớpmẫugiáođi,1,20,0
ô nhiễm chết lần chết mòn,ônhiễmchếtlầnchếtmòn,1,20,0
trâu bò chứ ko phải người,trâubòchứkophảingười,1,20,0
câm mẹ m mõm lại nói nhiều,câmmẹmmõmlạinóinhiều,1,20,0
đừng nghe những gì cs nói,đừngnghenhữnggìcsnói,1,20,0
ý thức thua cả một con chó,ýthứcthuacảmộtconchó,1,20,0
con chốt thí cho giặc tàu,conchốtthíchogiặctàu,1,20,0
hoa lài cặm bãi shit trâu,hoalàicặmbãishittrâu,1,20,0
cách ly làm gì tốn chi phí,cáchlylàmgìtốnchiphí,1,20,0
giàu thì nói gì cũng được,giàuthìnóigìcũngđược,1,20,0
đéo phải thằng vừa gì đâu,đéophảithằngvừagìđâu,1,20,0
loại người không tha thứ,loạingườikhôngthathứ,1,20,0
bo cua ngọc trinh corona,bocuangọctrinhcorona,1,20,0
người nghèo cho chết đói,ngườinghèochochếtđói,1,20,0
chúng toàn làm ngược lại,chúngtoànlàmngượclại,1,20,0
con âm binh khí đụ tụ hình,conâmbinhkhíđụtụhình,1,20,0
mọe làm không được chứ gì,mọelàmkhôngđượcchứgì,1,20,0
coi dân như những con lừa,coidânnhưnhữngconlừa,1,20,0
mặt nhìn coi không có hậu,mặtnhìncoikhôngcóhậu,1,20,0
ăn chơi nhẩy múa sứ người,ănchơinhẩymúasứngười,1,20,0
dạng háng bắt sele buscu,dạnghángbắtselebuscu,1,20,0
"thằng phụ bếp làm ""tủ lạnh",thằngphụbếplàmtủlạnh,1,20,0
cái quần in hệt cái ý thức,cáiquầninhệtcáiýthức,1,20,0
rửa tiền phong cách cocc,rửatiềnphongcáchcocc,1,20,0
triệt đường sống dân đen,triệtđườngsốngdânđen,1,20,0
bảo dân trí thấp lại tự ái,bảodântríthấplạitựái,1,20,0
giấy chứng nhận tâm thần,giấychứngnhậntâmthần,1,20,0
bản mặt dân chủ giả hiệu,bảnmặtdânchủgiảhiệu,1,19,0
cứ ngồi đấy mà nói đạo lý,cứngồiđấymànóiđạolý,1,19,0
"bán rẻ lương tâm, đạo đức",bánrẻlươngtâmđạođức,1,19,0
hùa theo thể hiện đầu óc,hùatheothểhiệnđầuóc,1,19,0
hít bụi mịn như hít cỏ mỹ,hítbụimịnnhưhítcỏmỹ,1,19,0
con linh cẩu ăn xác thối,conlinhcẩuănxácthối,1,19,0
"linh tinh bừa bãi, bậy bạ",linhtinhbừabãibậybạ,1,19,0
thằng não chó bị nhồi sọ,thằngnãochóbịnhồisọ,1,19,0
sâu mọt hại nuớc hại dân,sâumọthạinuớchạidân,1,19,0
k-icm ko phải là con trai,kicmkophảilàcontrai,1,19,0
đjt con me cay vãi cả lol,đjtconmecayvãicảlol,1,19,0
thằng ăn chơi hoang tàn,thằngănchơihoangtàn,1,19,0
khẩu nghiệp quả báo sớm,khẩunghiệpquảbáosớm,1,19,0
ăn mặc còn thua ng ăn xin,ănmặccònthuangănxin,1,19,0
2tr usd thì chú mày nuốt,2trusdthìchúmàynuốt,1,19,0
sản phẩm của cắt đôi bcs,sảnphẩmcủacắtđôibcs,1,19,0
3 cái bọn rận chủ rẻ tiền,3cáibọnrậnchủrẻtiền,1,19,0
dung dai chu co ngoi dai,dungdaichucongoidai,1,19,0
coi chừng xe pắt chó pắt,coichừngxepắtchópắt,1,19,0
con sâu làm rầu nồi canh,consâulàmrầunồicanh,1,19,0
"ung thu hong,lưoi miệng",ungthuhonglưoimiệng,1,19,0
âm đạo dãn rộng thâm đen,âmđạodãnrộngthâmđen,1,19,0
lấy tiền của dân mua lại,lấytiềncủadânmualại,1,19,0
não bị vi rút ăn hết cmnr,nãobịvirútănhếtcmnr,1,19,0
chưa què bằng nhân cách,chưaquèbằngnhâncách,1,19,0
đầu to mà óc cứ như củ cứt,đầutomàóccứnhưcủcứt,1,19,0
mối nguy hiểm của xã hội,mốinguyhiểmcủaxãhội,1,19,0
đâu đứng về phía công lí,đâuđứngvềphíacônglí,1,19,0
giống loài thượng đẳng,giốngloàithượngđẳng,1,19,0
bon luu manh dung duong,bonluumanhdungduong,1,19,0
nhận tiền ngập bản họng,nhậntiềnngậpbảnhọng,1,19,0
phá cho tan cái đất nước,pháchotancáiđấtnước,1,19,0
k bh có nổi 1 fim đóng hay,kbhcónổi1fimđónghay,1,19,0
sài tiền âm phủ mang đời,sàitiềnâmphủmangđời,1,19,0
sài tiền am phu mảng đời,sàitiềnamphumảngđời,1,19,0
khẩu nghiệp tạo nghiệp,khẩunghiệptạonghiệp,1,19,0
yêu chi những cái xa xôi,yêuchinhữngcáixaxôi,1,19,0
mẹ tổ cha bọn tham nhũng,mẹtổchabọnthamnhũng,1,19,0
có dương vật ở dưới háng,códươngvậtởdướiháng,1,19,0
chó làm người phải chịu,chólàmngườiphảichịu,1,19,0
thằng thiến heo làm tbt,thằngthiếnheolàmtbt,1,19,0
soi soi mã cha chúng mày,soisoimãchachúngmày,1,19,0
nghìn tỷ được bỏ túi đều,nghìntỷđượcbỏtúiđều,1,19,0
trắng biến thành xanh,trắngbiếnthànhxanh,2,18,0
tinh trùng khuyết tật,tinhtrùngkhuyếttật,2,18,0
nhân cách sống như lon,nhâncáchsốngnhưlon,1,18,0
nói không sợ bị hậu quả,nóikhôngsợbịhậuquả,1,18,0
hai trái dâu lủng lẳng,haitráidâulủnglẳng,1,18,0
ko làm việc đàng hoàng,kolàmviệcđànghoàng,1,18,0
nó chìa tay ra cứu mình,nóchìatayracứumình,1,18,0
ở truồng cũng nói sang,ởtruồngcũngnóisang,1,18,0
ditmevualonetaolam,ditmevualonetaolam,1,18,0
cái não của bạn sẽ bé đi,cáinãocủabạnsẽbéđi,1,18,0
cs như bầy sư tử săn mồi,csnhưbầysưtửsănmồi,1,18,0
cu li sai vat cho tui no,culisaivatchotuino,1,18,0
việt nam là chổ tạm trú,việtnamlàchổtạmtrú,1,18,0
lũ chó hại dân hại nước,lũchóhạidânhạinước,1,18,0
bịnh thần kinh ác hiểm,bịnhthầnkinháchiểm,1,18,0
cho vào tù cách ly mẹ đi,chovàotùcáchlymẹđi,1,18,0
thông minh tý đi bà con,thôngminhtýđibàcon,1,18,0
day dân len khai hoang,daydânlenkhaihoang,1,18,0
miệng lỗ mồm long công,miệnglỗmồmlongcông,1,18,0
tưởng nhớ để sống lại à,tưởngnhớđểsốnglạià,1,18,0
sớm đoàn tụ với tổ tiên,sớmđoàntụvớitổtiên,1,18,0
in tiền như in giấy lộn,intiềnnhưingiấylộn,1,18,0
trốn phía sau mặt tiền,trốnphíasaumặttiền,1,18,0
ông là loài đv máu lạnh,ônglàloàiđvmáulạnh,1,18,0
chị em cá gô bỏ trong gổ,chịemcágôbỏtronggổ,1,18,0
thằng vô danh tiểu tốt,thằngvôdanhtiểutốt,1,18,0
hèn với giặc ác với dân,hènvớigiặcácvớidân,1,18,0
dan ba cha giong dan ba,danbachagiongdanba,1,18,0
ý thức thì như đống rác,ýthứcthìnhưđốngrác,1,18,0
để não thành hoá thạch,đểnãothànhhoáthạch,1,18,0
mày ko biết xem tin tức,màykobiếtxemtintức,1,18,0
cái miệng mày chửi dẻo,cáimiệngmàychửidẻo,1,18,0
ngậm .c..ức vẫn thấy thơm,ngậmcứcvẫnthấythơm,1,18,0
sinh cái tay m ra trước,sinhcáitaymratrước,1,18,0
ngu còn tỏ ra nguy hiểm,ngucòntỏranguyhiểm,1,18,0
ý thức của m cũng như cc,ýthứccủamcũngnhưcc,1,18,0
não mấy ông chỉ có tiền,nãomấyôngchỉcótiền,1,18,0
bố thằng nào làm bậy dm,bốthằngnàolàmbậydm,1,18,0
phiên tòa như show hài,phiêntòanhưshowhài,1,18,0
đéo biết gì thi ngồi im,đéobiếtgìthingồiim,1,18,0
dem. ba. nay. di benh. vien,dembanaydibenhvien,1,18,0
gậy mày đập vào mặt mày,gậymàyđậpvàomặtmày,1,18,0
tư duy cao y như bò cube,tưduycaoynhưbòcube,1,18,0
chứ dân đen có đc gì đâu,chứdânđencóđcgìđâu,1,18,0
đù má thùng rỗng kêu to,đùmáthùngrỗngkêuto,1,18,0
bắn đạn hơi cay vào dân,bắnđạnhơicayvàodân,1,18,0
đéo làm được con cặc gì,đéolàmđượcconcặcgì,1,18,0
bây con hoang của khựa,bâyconhoangcủakhựa,1,18,0
bi nhiêm virus corona,binhiêmviruscorona,1,18,0
ý thức như cuối đầu bài,ýthứcnhưcuốiđầubài,1,18,0
cón mẹ may ko day đk may,cónmẹmaykodayđkmay,1,18,0
dạng đầu trâu mặt ngựa,dạngđầutrâumặtngựa,1,18,0
ý thức nhỏ như trái nho,ýthứcnhỏnhưtráinho,1,18,0
bóng khùng bóng điên,bóngkhùngbóngđiên,1,17,0
dùng não để trồng cây,dùngnãođểtrồngcây,1,17,0
nhảy lên như chó điên,nhảylênnhưchóđiên,1,17,0
thượng đẳng lỗi thời,thượngđẳnglỗithời,1,17,0
cây nọc mọc giữa háng,câynọcmọcgiữaháng,1,17,0
bệnh nặng giữ lắm rồi,bệnhnặnggiữlắmrồi,1,17,0
coi thương mang ̣sống,coithươngmangsống,1,17,0
sao hiểu tiếng người,saohiểutiếngngười,1,17,0
tổ sư bố con thần kinh,tổsưbốconthầnkinh,1,17,0
sống cũng éo để làm gì,sốngcũngéođểlàmgì,1,17,0
con thùng thần khùng,conthùngthầnkhùng,1,17,0
miệng thì bù lu bù loa,miệngthìbùlubùloa,1,17,0
làm ăn thua cả con chó,làmănthuacảconchó,1,17,0
thằng đàn ông rẻ tiền,thằngđànôngrẻtiền,1,17,0
trắng cũng thành đen,trắngcũngthànhđen,1,17,0
nhà sản thích tấu hài,nhàsảnthíchtấuhài,1,17,0
xàm le xàm lông xàm lá,xàmlexàmlôngxàmlá,1,17,0
thằng thằng bóng lộn,thằngthằngbónglộn,1,17,0
khong con thuoc chua,khongconthuocchua,1,17,0
chạy chức chạy quyền,chạychứcchạyquyền,1,17,0
trái cây tẩm hóa chất,tráicâytẩmhóachất,1,17,0
mong nhà mày chết bớt,mongnhàmàychếtbớt,1,17,0
có tên nào tốt đẹp đâu,cótênnàotốtđẹpđâu,1,17,0
loài kg an học mat dai,loàikganhọcmatdai,1,17,0
mấy thành phần bợ đít,mấythànhphầnbợđít,1,17,0
ngu thiệt hay gia ngu,nguthiệthaygiangu,1,17,0
ca sĩ nhưng k biết hát,casĩnhưngkbiếthát,1,17,0
sân sau của quan chức,sânsaucủaquanchức,1,17,0
thằng ăn thuế của dân,thằngănthuếcủadân,1,17,0
ko giống con giáp nào,kogiốngcongiápnào,1,17,0
trắng biến thành đen,trắngbiếnthànhđen,1,17,0
con khỉ nói tiếng hoa,conkhỉnóitiếnghoa,1,17,0
chả có máu hóa văn loz,chảcómáuhóavănloz,1,17,0
bố mày đập chết cụ mày,bốmàyđậpchếtcụmày,1,17,0
"\""lên\"" nóc nhà bắt con gà",lênnócnhàbắtcongà,1,17,0
bóng dơ bóng dũa nail,bóngdơbóngdũanail,1,17,0
con cháu tay rửa chén,concháutayrửachén,1,17,0
cây đinh mọc giữa dái,câyđinhmọcgiữadái,1,17,0
dẹp ngay bọn khủng bố,dẹpngaybọnkhủngbố,1,17,0
ngưu tầm mưu mã tầm mã,ngưutầmmưumãtầmmã,1,17,0
ra công viên nằm ngửa,racôngviênnằmngửa,1,17,0
có vấn đề về quang học,cóvấnđềvềquanghọc,1,17,0
bản chất của nó là vậy,bảnchấtcủanólàvậy,1,17,0
ý thức như cái đầu cac,ýthứcnhưcáiđầucac,1,17,0
thứ tay nhanh hơn não,thứtaynhanhhơnnão,1,17,0
trốn chui lủi như chó,trốnchuilủinhưchó,1,17,0
chiếm giùm sẽ trả lại,chiếmgiùmsẽtrảlại,1,17,0
nk đang bị đô hộ bởi bk,nkđangbịđôhộbởibk,1,17,0
"cười vô nghĩa, vô thức",cườivônghĩavôthức,1,17,0
ngu còn hay phát biểu,ngucònhayphátbiểu,1,17,0
bọn mắt híp lò xo thụt,bọnmắthíplòxothụt,1,17,0
do vo học ko co dao dục,dovohọckocodaodục,1,17,0
sinh ra nham dat nuoc,sinhranhamdatnuoc,1,17,0
chị có hai cái hòn dái,chịcóhaicáihòndái,1,17,0
lây lan cho dân chúng,lâylanchodânchúng,1,17,0
sống thua cả con vàng,sốngthuacảconvàng,1,17,0
người phụ nữ như mẹ nó,ngườiphụnữnhưmẹnó,1,17,0
yêu lâu mới lộ ra ngay,yêulâumớilộrangay,1,17,0
thở ra cái là thấy mùi,thởracáilàthấymùi,1,17,0
thằng mũi lõ mắt xanh,thằngmũilõmắtxanh,1,17,0
phân biệt vùng miền,phânbiệtvùngmiền,2,16,0
cách ly ở nhà tang lễ,cáchlyởnhàtanglễ,1,16,0
cái đám đu càng thọt,cáiđámđucàngthọt,1,16,0
bớt đi một loại phân,bớtđimộtloạiphân,1,16,0
nâng điểm vào ngành,nângđiểmvàongành,1,16,0
hình người mà óc chó,hìnhngườimàócchó,1,16,0
chịu khó đọc báo dùm,chịukhóđọcbáodùm,1,16,0
mèo rồi lại hoàn mèo,mèorồilạihoànmèo,1,16,0
éo cần phải động não,éocầnphảiđộngnão,1,16,0
viết sách dạy người,viếtsáchdạyngười,1,16,0
ý thức như đầu buooi,ýthứcnhưđầubuooi,1,16,0
huyền thoại của bác,huyềnthoạicủabác,1,16,0
loại ngu dốt như mày,loạingudốtnhưmày,1,16,0
k biết xem thời gian,kbiếtxemthờigian,1,16,0
con đỷ mẹ mày con chó,conđỷmẹmàyconchó,1,16,0
dung hết xài rồi vứt,dunghếtxàirồivứt,1,16,0
đáp lồn má mấy thằng,đáplồnmámấythằng,1,16,0
con mẹ mày thằng chó,conmẹmàythằngchó,1,16,0
nhật this nhật that,nhậtthisnhậtthat,1,16,0
thanh trừng đẫm máu,thanhtrừngđẫmmáu,1,16,0
chó chê mèo lắm lông,chóchêmèolắmlông,1,16,0
chết nó chôn tập thể,chếtnóchôntậpthể,1,16,0
the lòn ma the lòn ma,thelònmathelònma,1,16,0
thằng bụng phệ óc mỡ,thằngbụngphệócmỡ,1,16,0
cha chung ko ai khóc,chachungkoaikhóc,1,16,0
mở miệng là thịt chó,mởmiệnglàthịtchó,1,16,0
chôn chừa cái đầu nó,chônchừacáiđầunó,1,16,0
ức hiếp dân thì giỏi,ứchiếpdânthìgiỏi,1,16,0
"đụ mẹ thằng ""lỏng bao",đụmẹthằnglỏngbao,1,16,0
ác độc hơn lũ ngạ quỹ,ácđộchơnlũngạquỹ,1,16,0
nhà từ thiện online,nhàtừthiệnonline,1,16,0
tong chúng nó ra đảo,tongchúngnórađảo,1,16,0
có não ko bt suy nghĩ,cónãokobtsuynghĩ,1,16,0
lủ chó như...cha mẹ mày,lủchónhưchamẹmày,1,16,0
"bạo hành, lạm dụng td",bạohànhlạmdụngtd,1,16,0
làm ô xin như con chó,làmôxinnhưconchó,1,16,0
lái đi đâu đâu để cãi,láiđiđâuđâuđểcãi,1,16,0
cục súc vô nhân tính,cụcsúcvônhântính,1,16,0
dan ông ko ra dan ông,danôngkoradanông,1,16,0
ko đánh cũng đã khai,kođánhcũngđãkhai,1,16,0
thay đổi chế độ csvn,thayđổichếđộcsvn,1,16,0
nghe muon ỉa ra quần,nghemuonỉaraquần,1,16,0
thua thằng giang hồ,thuathằnggianghồ,1,16,0
thầy giọt nước cống,thầygiọtnướccống,1,16,0
làm như quan tâm lắm,làmnhưquantâmlắm,1,16,0
miệng co doi ma thui,miệngcodoimathui,1,16,0
jk nào dừa chắc ooke,jknàodừachắcooke,1,16,0
ra toà chỉ là diễn hề,ratoàchỉlàdiễnhề,1,16,0
mặt dầy như đít trâu,mặtdầynhưđíttrâu,1,16,0
đu thăng cha tyi bay,đuthăngchatyibay,1,16,0
lũ tham ô tham nhũng,lũthamôthamnhũng,1,16,0
trên trời dưới biển,trêntrờidướibiển,1,16,0
con thú vật đầu thai,conthúvậtđầuthai,1,16,0
bọn nhai đi nhai lại,bọnnhaiđinhailại,1,16,0
ông ổng như lợn rống,ôngổngnhưlợnrống,1,16,0
phân biệt chủng tộc,phânbiệtchủngtộc,1,16,0
chưa kéo quần ngoài,chưakéoquầnngoài,1,16,0
nộp thuế nuôi ai đây,nộpthuếnuôiaiđây,1,16,0
phi tên lửa bằng mõm,phitênlửabằngmõm,1,16,0
hàng giả chính hãng,hànggiảchínhhãng,1,16,0
cả họ con này bị ma ám,cảhọconnàybịmaám,1,16,0
sủa như 1 con chó dại,sủanhư1conchódại,1,16,0
súc phạm loài người,súcphạmloàingười,1,16,0
ông cố nội lão trọng,ôngcốnộilãotrọng,1,16,0
lũ nịnh nọt bán nước,lũnịnhnọtbánnước,1,16,0
"sang \"" lên được tý nào",sanglênđượctýnào,1,16,0
đánh chết mẹ thằng,đánhchếtmẹthằng,1,15,0
nhìn k ưa miếng nào,nhìnkưamiếngnào,1,15,0
đứa thiếu giáo dục,đứathiếugiáodục,1,15,0
giết người dấu tay,giếtngườidấutay,1,15,0
phà vài hơi vào mẹt,phàvàihơivàomẹt,1,15,0
cai dau trong rong,caidautrongrong,1,15,0
nghèo đói bệnh tật,nghèođóibệnhtật,1,15,0
đẹp mà ý thức như cc,đẹpmàýthứcnhưcc,1,15,0
nghiệp kiep truoc,nghiệpkieptruoc,1,15,0
xe bắt chó kg bắt nó,xebắtchókgbắtnó,1,15,0
sản phẩm của satan,sảnphẩmcủasatan,1,15,0
vấn đề về thần kinh,vấnđềvềthầnkinh,1,15,0
lũ sâu mọt thối nát,lũsâumọtthốinát,1,15,0
mỉa mai trào phúng,mỉamaitràophúng,1,15,0
cực kỳ thuyết phục,cựckỳthuyếtphục,1,15,4
am dụng chức quyền,amdụngchứcquyền,1,15,0
hậu quả khôn lường,hậuquảkhônlường,1,15,0
noi ko so meo mieng,noikosomeomieng,1,15,0
ghét cây ghét đắng,ghétcâyghétđắng,1,15,0
chuyện hài nhà sản,chuyệnhàinhàsản,1,15,0
tiếng xấu muôn đời,tiếngxấumuônđời,1,15,0
hoang dâm trụy lạc,hoangdâmtrụylạc,1,15,0
tai bã như tai trâu,taibãnhưtaitrâu,1,15,0
ổ phá hoại đạo pháp,ổpháhoạiđạopháp,1,15,0
loạn lạc điêu linh,loạnlạcđiêulinh,1,15,0
em gái ngon ngọt nc,emgáingonngọtnc,1,15,0
hóa điên hóa khùng,hóađiênhóakhùng,1,15,0
mày có con cũng ngu,màycóconcũngngu,1,15,0
ý thức nó cũng y vậy,ýthứcnócũngyvậy,1,15,0
lấy tiền nấu thuốc,lấytiềnnấuthuốc,1,15,0
dân nuôn đời vất vả,dânnuônđờivấtvả,1,15,0
nằm đấy vs tay trái,nằmđấyvstaytrái,1,15,0
thằng đạo chất xám,thằngđạochấtxám,1,15,0
rút sạch sương máu,rútsạchsươngmáu,1,15,0
giấy tiền vàng bạc,giấytiềnvàngbạc,1,15,0
già đầu ko biết dạy,giàđầukobiếtdạy,1,15,0
hồn siêu phách tán,hồnsiêupháchtán,1,15,0
não teo rồi hoá chó,nãoteorồihoáchó,1,15,0
tao đi lãnh 3 củ đây,taođilãnh3củđây,1,15,0
chống lầy kiếm lúa,chốnglầykiếmlúa,1,15,0
đồng bọn với con bò,đồngbọnvớiconbò,1,15,0
làm chuyện ruồi bu,làmchuyệnruồibu,1,15,0
uống nước đái ruồi,uốngnướcđáiruồi,1,15,0
mồm lai trung cuốc,mồmlaitrungcuốc,1,15,0
con khùng bẩm sinh,conkhùngbẩmsinh,1,15,0
đoàn tụ với tổ tiên,đoàntụvớitổtiên,1,15,0
ngu mà tỏ nguy hiểm,ngumàtỏnguyhiểm,1,15,0
bánh tráng mặt lật,bánhtrángmặtlật,1,15,0
thua loài súc sinh,thualoàisúcsinh,1,15,0
có óc để suy nghĩ ko,cóócđểsuynghĩko,1,15,0
ăn đồ trộn hoá chất,ănđồtrộnhoáchất,1,15,0
không có chuẩn mực,khôngcóchuẩnmực,1,15,0
cỏng rắn cắn gà nhà,cỏngrắncắngànhà,1,15,0
người cha ra người,ngườicharangười,1,15,0
tuc tĩu mất dạy quá,tuctĩumấtdạyquá,1,15,0
bọn ăn tàn phá hoại,bọnăntànpháhoại,1,15,0
coi trời bằng vung,coitrờibằngvung,1,15,0
đậu xanh rau muống,đậuxanhraumuống,1,15,0
thằng ngu+ thất học,thằngnguthấthọc,1,15,0
đánh bóng tên tuổi,đánhbóngtêntuổi,1,15,0
trời cũng đánh mày,trờicũngđánhmày,1,15,0
nói hoài mỏi miệng,nóihoàimỏimiệng,1,15,0
sủa nhăng sủa cuội,sủanhăngsủacuội,1,15,0
ăn hết của ông nội m,ănhếtcủaôngnộim,1,15,1
thần kinh có vấn đề,thầnkinhcóvấnđề,1,15,0
tiền che hàng cave,tiềnchehàngcave,1,15,0
chơi chắc đập luôn,chơichắcđậpluôn,1,15,0
hội phụ nữ đông lào,hộiphụnữđônglào,1,15,0
nổ banh cái dòng họ,nổbanhcáidònghọ,1,15,0
dân đánh trộm => đi tù,dânđánhtrộmđitù,1,15,0
chặt cái đầu heo nó,chặtcáiđầuheonó,1,15,0
không biết tốt xấu,khôngbiếttốtxấu,1,15,0
vua sau vua nao yeu,vuasauvuanaoyeu,1,15,0
não đéo phát triển,nãođéopháttriển,1,15,0
tung hứng hò bả chó,tunghứnghòbảchó,1,15,0
ngua quen dương cu,nguaquendươngcu,1,15,0
đánh bomm chết cha,đánhbommchếtcha,1,15,0
cứt cũng thành cơm,cứtcũngthànhcơm,1,15,0
không bình thường,khôngbìnhthường,1,15,0
bọn chó chỉ biết ăn,bọnchóchỉbiếtăn,1,15,0
cái miệng nó dơ bẩn,cáimiệngnódơbẩn,1,15,0
ngóc đầu dậy ko nổi,ngócđầudậykonổi,1,15,0
“cháu ngoan” boác hù,cháungoanboáchù,1,15,0
xách cần đi câu cơm,xáchcầnđicâucơm,1,15,0
về vn làm cái đéo gì,vềvnlàmcáiđéogì,1,15,0
bọn trung quốc chó,bọntrungquốcchó,1,15,0
hi sinh người chết,hisinhngườichết,1,15,0
đi học tiếng người,đihọctiếngngười,1,15,0
tổ tiên nhà bọn mày,tổtiênnhàbọnmày,1,15,0
lấy cái não dùng đi,lấycáinãodùngđi,1,15,0
mồm bọn chống cộng,mồmbọnchốngcộng,1,15,0
cắn chết bà bọn mày,cắnchếtbàbọnmày,1,15,0
vịn quốc vinh thân,vịnquốcvinhthân,1,15,0
ý thức như cái đách,ýthứcnhưcáiđách,1,15,0
lũ bán nước hại dân,lũbánnướchạidân,1,15,0
nói xuôi nói ngược,nóixuôinóingược,1,15,0
vô ý thức óc xi măng,vôýthứcócximăng,1,15,0
tay nhanh hơn não,taynhanhhơnnão,7,14,1
phản lại cái động,phảnlạicáiđộng,3,14,0
tỏ ra thượng đẳng,tỏrathượngđẳng,2,14,0
anh hùng bàn phím,anhhùngbànphím,2,14,0
chán bọn tây lông,chánbọntâylông,1,14,0
làm đc cơm cháo gì,làmđccơmcháogì,1,14,0
cảnh sát cướp đất,cảnhsátcướpđất,1,14,0
cộng sản cướp đất,cộngsảncướpđất,1,14,0
có vấn đề về nảo bộ,cóvấnđềvềnảobộ,1,14,0
ngồi trên công lý,ngồitrêncônglý,1,14,0
sống ko bằng chết,sốngkobằngchết,1,14,0
bọn cẩu tham quan,bọncẩuthamquan,1,14,0
tien tri cau tieu,tientricautieu,1,14,0
bọn không có tiền,bọnkhôngcótiền,1,14,0
coi dân nhu đồ ngu,coidânnhuđồngu,1,14,0
lũ thổ dân mồm vẩu,lũthổdânmồmvẩu,1,14,0
ngửa tay xin tiền,ngửatayxintiền,1,14,0
chặt đầu và tứ chi,chặtđầuvàtứchi,1,14,0
mất hình tượng vl,mấthìnhtượngvl,1,14,0
nhốt vào cho chết,nhốtvàochochết,1,14,0
chưa bị bắt nữa hả,chưabịbắtnữahả,1,14,0
mãi cũng ko sửa đc,mãicũngkosửađc,1,14,0
đâm đầu chết mẹ đi,đâmđầuchếtmẹđi,1,14,0
chúng mày ngu lắm,chúngmàyngulắm,1,14,0
chết dần chết mòn,chếtdầnchếtmòn,1,14,0
tiên cha chug mày,tiênchachugmày,1,14,0
đuỹ lone khốn nạn,đuỹlonekhốnnạn,1,14,0
con chó lol con me,conchólolconme,1,14,0
họa từ miệng mà ra,họatừmiệngmàra,1,14,0
ăn cho nhiều tiền,ănchonhiềutiền,1,14,0
tủn mủn chỉ có vậy,tủnmủnchỉcóvậy,1,14,0
chửi cái lũ cô hồn,chửicáilũcôhồn,1,14,0
ông bà già tụi bây,ôngbàgiàtụibây,1,14,0
a rất thượng đẳng,arấtthượngđẳng,1,14,0
khắm như nước mắm,khắmnhưnướcmắm,1,14,0
ý thức để dưới đít,ýthứcđểdướiđít,1,14,0
t cho xuống cầu sg,tchoxuốngcầusg,1,14,0
chống phá nửa mùa,chốngphánửamùa,1,14,0
thứ ăn cháo đá bát,thứăncháođábát,1,14,0
ép phải nhận tiền,épphảinhậntiền,1,14,0
cây nọc giữa háng,câynọcgiữaháng,1,14,0
gạch đá đủ xây nhà,gạchđáđủxâynhà,1,14,0
mặt nhìn kinh quá,mặtnhìnkinhquá,1,14,0
giọng như vịt đực,giọngnhưvịtđực,1,14,0
đẻ con ra cẩn thận,đẻconracẩnthận,1,14,0
thịt bơm hóa chất,thịtbơmhóachất,1,14,0
để ông khác còn ăn,đểôngkháccònăn,1,14,0
tui no sủa như chó,tuinosủanhưchó,1,14,0
óc con chó vãi lồn,ócconchóvãilồn,1,14,0
con bóng ngu ngục,conbóngngungục,1,14,0
nhai mãi đéo chán,nhaimãiđéochán,1,14,0
trại thương điên,trạithươngđiên,1,14,1
rủa người ta chết,rủangườitachết,1,14,0
học hành không lo,họchànhkhônglo,1,14,0
xấu còn như đàn og,xấucònnhưđànog,1,14,0
lũ tham quan ô lại,lũthamquanôlại,1,14,0
đẳng ngang với di,đẳngngangvớidi,1,14,0
uống nước là đi tù,uốngnướclàđitù,1,14,0
thằng bóng khùng,thằngbóngkhùng,1,14,0
chai sting vô đầu,chaistingvôđầu,1,14,0
chảy máu chất xám,chảymáuchấtxám,1,14,0
thùng rỗng kêu to,thùngrỗngkêuto,1,14,0
ai nói gì cũng tin,ainóigìcũngtin,1,14,0
gian manh xảo trá,gianmanhxảotrá,1,14,0
lây bệnh cho ngta,lâybệnhchongta,1,14,0
cạch chính quyền,cạchchínhquyền,1,14,0
kẻ thấp cổ bé họng,kẻthấpcổbéhọng,1,14,0
khuyết tật về não,khuyếttậtvềnão,1,14,0
cai lol me tui may,cailolmetuimay,1,14,0
trán ngắn tóc dài,tránngắntócdài,1,14,0
thiên đường xhcn,thiênđườngxhcn,1,14,2
lỗ mũi như lỗ trâu,lỗmũinhưlỗtrâu,1,14,0
cường quyền ác bá,cườngquyềnácbá,1,14,0
núp dưới đáy quần,núpdướiđáyquần,1,14,0
người ko ra người,ngườikorangười,1,14,0
hòn dái viễn đông,hòndáiviễnđông,1,14,0
bằng mọi thủ đoạn,bằngmọithủđoạn,1,14,0
đám côn đồ tụi mày,đámcônđồtụimày,1,14,0
tạo chút scandal,tạochútscandal,1,14,0
cách ly vĩnh viễn,cáchlyvĩnhviễn,1,14,0
"lỗi của mỹ, của tàu",lỗicủamỹcủatàu,1,14,0
không còn sửa sai,khôngcònsửasai,1,14,0
hạng thượng đẳng,hạngthượngđẳng,1,14,0
tuổi j so dislike,tuổijsodislike,1,14,0
chứng nào tật nấy,chứngnàotậtnấy,1,14,0
nhớ mang theo não,nhớmangtheonão,1,14,0
mặt thì ngắn ngủn,mặtthìngắnngủn,1,14,0
có não cũng như ko,cónãocũngnhưko,1,14,0
mua quan bán chức,muaquanbánchức,1,14,0
ảo tưởng vãi lồnn,ảotưởngvãilồnn,1,14,0
này thì đáng sống,nàythìđángsống,1,14,0
chấm mút các kiểu,chấmmútcáckiểu,1,14,0
giữ mồm giữ miệng,giữmồmgiữmiệng,1,14,0
lỳ cái mặt bám ghế,lỳcáimặtbámghế,1,14,0
bán cái lương tâm,báncáilươngtâm,1,14,0
người khuyết tật,ngườikhuyếttật,1,14,0
thối nát thối nát,thốinátthốinát,1,14,0
bần tiện lưu manh,bầntiệnlưumanh,1,14,0
ăn tiền nên mới xử,ăntiềnnênmớixử,1,14,0
bọn chúng trả thù,bọnchúngtrảthù,1,14,0
loại ghen ăn tức ở,loạighenăntứcở,1,14,0
ăn trên ngồi chốc,ăntrênngồichốc,1,14,0
thầy của bọn bò đỏ,thầycủabọnbòđỏ,1,14,0
ảo tưởng sức mạnh,ảotưởngsứcmạnh,1,14,0
hot girl ống tinh,hotgirlốngtinh,1,14,0
con sinh vật kì bí,consinhvậtkìbí,1,14,0
con đàn bà lèo lon,conđànbàlèolon,1,14,0
chia re.thuần hoá,chiarethuầnhoá,1,14,0
tội nhân thiên cổ,tộinhânthiêncổ,1,14,0
tên bán nam bán nữ,tênbánnambánnữ,1,14,0
hi sinh thầm lặng,hisinhthầmlặng,1,14,0
kiếp sống chó săn,kiếpsốngchósăn,1,14,0
đạo đức xuống cấp,đạođứcxuốngcấp,1,14,0
óc éo bằng con chó,ócéobằngconchó,1,14,0
đánh chết mẹ nó đi,đánhchếtmẹnóđi,1,14,0
thượng bất chính,thượngbấtchính,1,14,1
bom nổ chết mẹ mày,bomnổchếtmẹmày,1,14,0
con nhung đầu heo,connhungđầuheo,1,14,0
mạng nguoi rẻ bèo,mạngnguoirẻbèo,1,14,0
chửi đau chửi đớn,chửiđauchửiđớn,1,14,0
chửi qua chửi lại,chửiquachửilại,1,14,0
quỷ đội lốt người,quỷđộilốtngười,1,14,0
thăng trung cộng,thăngtrungcộng,1,14,0
tưởng thế là ngầu,tưởngthếlàngầu,1,14,1
bọn dâm loạn viên,bọndâmloạnviên,1,14,0
họp thì mới hết lũ,họpthìmớihếtlũ,1,14,0
cộng sản nằm vùng,cộngsảnnằmvùng,1,14,0
sai thì hãy mở mồm,saithìhãymởmồm,1,14,0
ngàn năm văn vật,ngànnămvănvật,2,13,0
địt mẹ chúng mày,địtmẹchúngmày,2,13,0
thiếu hiểu biết,thiếuhiểubiết,2,13,0
nhai đi nhai lại,nhaiđinhailại,2,13,1
thằng biến thái,thằngbiếnthái,2,13,0
mả cha chúng mày,mảchachúngmày,2,13,0
"""đi nàm kách mệnh""",đinàmkáchmệnh,1,13,0
lủ chó chúng mày,lủchóchúngmày,1,13,0
ngu như 1 con lợn,ngunhư1conlợn,1,13,0
khẩu phật tâm xà,khẩuphậttâmxà,1,13,0
lủ ngu các người,lủngucácngười,1,13,0
khùng khí chuột,khùngkhíchuột,1,13,0
bốc phét ăn tiền,bốcphétăntiền,1,13,0
thối đến fat tởm,thốiđếnfattởm,1,13,0
thật là nhục nhã,thậtlànhụcnhã,1,13,0
đkm lũ phản động,đkmlũphảnđộng,1,13,0
sinh vật hạ đẳng,sinhvậthạđẳng,1,13,0
thứ ko nhân cách,thứkonhâncách,1,13,0
méo đc miếng đức,méođcmiếngđức,1,13,0
tháh rãh cmn hág,tháhrãhcmnhág,1,13,0
bệnh...thành tích,bệnhthànhtích,1,13,0
nơi cung cấp cứt,nơicungcấpcứt,1,13,0
con bóng lải cái,conbónglảicái,1,13,0
trên đầu trên cổ,trênđầutrêncổ,1,13,0
dân tộc suy vong,dântộcsuyvong,1,13,0
tuc tiu hay ho gi,tuctiuhayhogi,1,13,0
chửi này chửi nọ,chửinàychửinọ,1,13,0
bóp vú bên đường,bópvúbênđường,1,13,0
kệ cha chúng mày,kệchachúngmày,1,13,0
có biến thì chạy,cóbiếnthìchạy,1,13,0
cái đầu ko có não,cáiđầukocónão,1,13,0
dân chịu hậu quả,dânchịuhậuquả,1,13,0
vòng vo tam quốc,vòngvotamquốc,1,13,0
riết không ra gì,riếtkhôngragì,1,13,0
thằng bệnh hoạn,thằngbệnhhoạn,1,13,0
thứ chó lưu vong,thứchólưuvong,1,13,0
cạn tàu gáo máng,cạntàugáománg,1,13,0
chết ko kịp ngáp,chếtkokịpngáp,1,13,0
đừng có về vn nữa,đừngcóvềvnnữa,1,13,0
lũ sư quốc doanh,lũsưquốcdoanh,1,13,0
loại giả đạo đức,loạigiảđạođức,1,13,0
ko được giáo dục,kođượcgiáodục,1,13,0
thuốc kích phọt,thuốckíchphọt,1,13,0
con đàn bà khó ưa,conđànbàkhóưa,1,13,0
kẻ nhận thức kém,kẻnhậnthứckém,1,13,0
khùng điên nang,khùngđiênnang,1,13,0
phục cái máu lồn,phụccáimáulồn,1,13,1
bụng như con heo,bụngnhưconheo,1,13,0
thằng bụng bà đẻ,thằngbụngbàđẻ,1,13,0
chết người bị ém,chếtngườibịém,1,13,0
con mụ thần kinh,conmụthầnkinh,1,13,0
đầu đường xó chợ,đầuđườngxóchợ,1,13,0
tệ hơn đống phân,tệhơnđốngphân,1,13,0
nâng bi tự sướng,nângbitựsướng,1,13,0
trèo cao ngã đau,trèocaongãđau,1,13,0
đàn áp lạm quyền,đànáplạmquyền,1,13,0
bán đất bán biển,bánđấtbánbiển,1,13,0
dc gia thi chiếm,dcgiathichiếm,1,13,0
k còn răng để nói,kcònrăngđểnói,1,13,0
lồn mẹ chúng mày,lồnmẹchúngmày,1,13,1
"mấy chị \""có ý thức",mấychịcóýthức,1,13,0
uống rượu lái xe,uốngrượuláixe,1,13,0
ý thức như củ cải,ýthứcnhưcủcải,1,13,0
con mã mẹ tụi mày,conmãmẹtụimày,1,13,0
tương tác đen vl,tươngtácđenvl,1,13,0
cái thể loại này,cáithểloạinày,1,13,1
địt mịa chúng nó,địtmịachúngnó,1,13,0
ồn ào tranh chấp,ồnàotranhchấp,1,13,0
nước mất nhà tan,nướcmấtnhàtan,1,13,0
nghèo bày dạt nỏ,nghèobàydạtnỏ,1,13,0
bán nước hại dân,bánnướchạidân,1,13,0
hau qua se ap den,hauquaseapden,1,13,0
luat an tien dan,luatantiendan,1,13,0
có biến thành ko,cóbiếnthànhko,1,13,0
ko biến thành có,kobiếnthànhcó,1,13,0
xiên cho nó 1 cái,xiênchonó1cái,1,13,0
chửi dân như con,chửidânnhưcon,1,13,0
đám dâm lợn viên,đámdâmlợnviên,1,13,0
tham hơn súc vật,thamhơnsúcvật,1,13,0
tỏ vẻ bố thiên hạ,tỏvẻbốthiênhạ,1,13,0
ngu như redbull,ngunhưredbull,1,13,0
thằng cẩu nô tài,thằngcẩunôtài,1,13,0
thay đổi pháp lý,thayđổipháplý,1,13,0
bới cứt tìm giun,bớicứttìmgiun,1,13,0
con đĩ quái thai,conđĩquáithai,1,13,0
xã hội cong vòng,xãhộicongvòng,1,13,0
nhai như gia súc,nhainhưgiasúc,1,13,0
nhảy bông nhông,nhảybôngnhông,1,13,0
chet ko đau thai,chetkođauthai,1,13,0
khóa luôn cả tay,khóaluôncảtay,1,13,0
vì nước quên dân,vìnướcquêndân,1,13,0
thằng óc như chó,thằngócnhưchó,1,13,0
xấu hết phần chó,xấuhếtphầnchó,1,13,0
ngu ko chịu được,ngukochịuđược,1,13,0
mat nhu đau trau,matnhuđautrau,1,13,0
làm 3 cái trò này,làm3cáitrònày,1,13,0
"""chống phá chế độ""",chốngpháchếđộ,1,13,0
thằng phản động,thằngphảnđộng,1,13,1
loại ko học thức,loạikohọcthức,1,13,0
không có cái đầu,khôngcócáiđầu,1,13,0
đập phá chén cơm,đậppháchéncơm,1,13,0
con ông cháu cha,conôngcháucha,1,13,0
bọn thượng đẳng,bọnthượngđẳng,1,13,0
thằng thánh nện,thằngthánhnện,1,13,0
chui chet me con,chuichetmecon,1,13,0
ý thức chuột cắn,ýthứcchuộtcắn,1,13,0
quên uống thuốc,quênuốngthuốc,1,13,0
bán hàng thật đi,bánhàngthậtđi,1,13,0
tẩy chay con chó,tẩychayconchó,1,13,0
giang hồ mất dạy,gianghồmấtdạy,1,13,0
cái mỏ như mỏ vịt,cáimỏnhưmỏvịt,1,13,0
thang be de thui,thangbedethui,1,13,0
đổi màu hộ chiếu,đổimàuhộchiếu,1,13,0
bệnh thì mới nhớ,bệnhthìmớinhớ,1,13,0
đội nhau lên đầu,độinhaulênđầu,1,13,0
con mẹ chúng mày,conmẹchúngmày,1,13,1
con di~ dang hang,condidanghang,1,13,0
nhìn bẩn con mắt,nhìnbẩnconmắt,1,13,0
trời qua bao may,trờiquabaomay,1,13,0
lũ bác sỹ như mày,lũbácsỹnhưmày,1,13,0
đồng tiền vơ bẩn,đồngtiềnvơbẩn,1,13,0
thu khau nghiep,thukhaunghiep,1,13,0
bao che cho nhau,baochechonhau,1,13,0
dối trá và mị dân,dốitrávàmịdân,1,13,0
ngu dốt thất học,ngudốtthấthọc,1,13,0
chi co cai mieng,chicocaimieng,1,13,0
trời qua báo may,trờiquabáomay,1,13,0
thủ tục dân nước,thủtụcdânnước,1,13,0
tiểu quốc rau má,tiểuquốcraumá,1,13,0
mã cha chúng mày,mãchachúngmày,1,13,0
cái loại như này,cáiloạinhưnày,1,13,0
"ăn tục, nói khoét",ăntụcnóikhoét,1,13,0
vi rút tên nhung,virúttênnhung,1,13,0
đợi mãi không có,đợimãikhôngcó,1,13,0
con sâu gặm tiền,consâugặmtiền,1,13,0
ns cái lồn gì k đc,nscáilồngìkđc,1,13,0
chả có nổi ý thức,chảcónổiýthức,1,13,0
không biết điều,khôngbiếtđiều,1,13,0
nhét chữ vào mồm,nhétchữvàomồm,1,13,0
thằng đuỹ xứ lừa,thằngđuỹxứlừa,1,13,0
lũ dâm loạn viên,lũdâmloạnviên,1,13,0
hồng hơn chuyên,hồnghơnchuyên,1,13,0
chửi như hát hay,chửinhưháthay,1,13,0
thằng zô zăn hoá,thằngzôzănhoá,1,13,0
khẩu nghiệp mày,khẩunghiệpmày,1,13,0
câm con mẹ nó mồm,câmconmẹnómồm,1,13,0
ăn mất cái ý thức,ănmấtcáiýthức,1,13,0
tưởng thế là hay,tưởngthếlàhay,1,13,1
cào lồn ăn vạ lắm,càolồnănvạlắm,1,13,0
không có ý thức,khôngcóýthức,3,12,0
hết thuốc chữa,hếtthuốcchữa,2,12,1
het thuoc chua,hetthuocchua,2,12,0
đậu xanh rau má,đậuxanhraumá,2,12,0
nước mắt cá sấu,nướcmắtcásấu,2,12,3
nói xạo nói láo,nóixạonóiláo,2,12,0
câm như con chó,câmnhưconchó,1,12,0
nhảy dựng dựng,nhảydựngdựng,1,12,0
chịt chịt đụ đụ,chịtchịtđụđụ,1,12,0
ăn phải gai tre,ănphảigaitre,1,12,0
chết hàng loạt,chếthàngloạt,1,12,0
ko ra con người,koraconngười,1,12,0
lên mặt dạy đời,lênmặtdạyđời,1,12,0
thằng lỏng bao,thằnglỏngbao,1,12,0
dắt mũi dư luận,dắtmũidưluận,1,12,0
văn hóa rừng rú,vănhóarừngrú,1,12,0
vô luân vô pháp,vôluânvôpháp,1,12,0
thằng lưu manh,thằnglưumanh,1,12,0
hài cốt khỉ đột,hàicốtkhỉđột,1,12,0
bố giang hồ mõm,bốgianghồmõm,1,12,0
bóp dái cả team,bópdáicảteam,1,12,0
đánh xịt máu mỏ,đánhxịtmáumỏ,1,12,0
cá lóc chùi đít,cálócchùiđít,1,12,0
phản đôôộoong,phảnđôôộoong,1,12,0
dí buồi vào mặt,díbuồivàomặt,1,12,0
thằng tung cựa,thằngtungcựa,1,12,0
đánh chết mẹ nó,đánhchếtmẹnó,1,12,0
thằng liệt não,thằngliệtnão,1,12,0
thông đít nhau,thôngđítnhau,1,12,0
ăn mặc kiểu lồn,ănmặckiểulồn,1,12,0
dai như đĩa đói,dainhưđĩađói,1,12,0
se sua diêm dúa,sesuadiêmdúa,1,12,0
mo cua no an cuc,mocuanoancuc,1,12,0
vua gia vua sau,vuagiavuasau,1,12,0
đá xéo móc họng,đáxéomóchọng,1,12,0
tư cách đéo xịn,tưcáchđéoxịn,1,12,0
bốc họ chăn gái,bốchọchăngái,1,12,0
động mồ động mả,độngmồđộngmả,1,12,0
thích lây bệnh,thíchlâybệnh,1,12,0
văn hoá quá kém,vănhoáquákém,1,12,0
ngu như con chó,ngunhưconchó,1,12,0
k biết suy nghĩ,kbiếtsuynghĩ,1,12,0
phá nát văn hoá,phánátvănhoá,1,12,0
con nhỏ đả kích,connhỏđảkích,1,12,0
ko biêt tu thân,kobiêttuthân,1,12,0
không trình độ,khôngtrìnhđộ,1,12,0
hồ chí minh giả,hồchíminhgiả,1,12,0
nhục con chó qá,nhụcconchóqá,1,12,0
xích cổ cách ly,xíchcổcáchly,1,12,0
ngu lâu dốt bền,ngulâudốtbền,1,12,0
no nhu thuoc no,nonhuthuocno,1,12,0
cái mặt con này,cáimặtconnày,1,12,0
ngu gia truyền,ngugiatruyền,1,12,0
bóng vàng mã dơ,bóngvàngmãdơ,1,12,0
giờ giấc cao su,giờgiấccaosu,1,12,0
sản phẩm óc chó,sảnphẩmócchó,1,12,0
bọn chó sủa bậy,bọnchósủabậy,1,12,0
phán như thánh,phánnhưthánh,1,12,0
con bong thuôi,conbongthuôi,1,12,0
nghỉ con mẹ mày,nghỉconmẹmày,1,12,0
hà lội văn hiến,hàlộivănhiến,1,12,0
cái thứ hạ đẳng,cáithứhạđẳng,1,12,0
mâm nào cũng có,mâmnàocũngcó,1,12,0
bán rẻ đất nước,bánrẻđấtnước,1,12,0
đem bênh về đây,đembênhvềđây,1,12,0
thằng trẩu nhi,thằngtrẩunhi,1,12,0
ý thức như buồ.i,ýthứcnhưbuồi,1,12,0
ko ra cái méo gì,koracáiméogì,1,12,0
song ko yên dau,songkoyêndau,1,12,0
con thiểu năng,conthiểunăng,1,12,0
nhiễm phóng xạ,nhiễmphóngxạ,1,12,0
thằng trộm vặt,thằngtrộmvặt,1,12,0
tảng băng chìm,tảngbăngchìm,1,12,0
tổ nhà chúng nó,tổnhàchúngnó,1,12,0
đcmm đi chết đi,đcmmđichếtđi,1,12,0
con loz heo gầy,conlozheogầy,1,12,0
ý thức như ruồi,ýthứcnhưruồi,1,12,0
thằng bụng bầu,thằngbụngbầu,1,12,0
điên trốn trại,điêntrốntrại,1,12,0
nứng nứng nứng,nứngnứngnứng,1,12,0
mèo ăn miếng mỡ,mèoănmiếngmỡ,1,12,0
bọn bốc bãi cứt,bọnbốcbãicứt,1,12,0
hết thuốt chửa,hếtthuốtchửa,1,12,1
thằng bàn phím,thằngbànphím,1,12,0
cô hồn các đảng,côhồncácđảng,1,12,0
thần kinh năng,thầnkinhnăng,1,12,0
con đ.ĩ l.oz thúi,conđĩlozthúi,1,12,0
thien duong cs,thienduongcs,1,12,0
sao đẻ được bạn,saođẻđượcbạn,1,12,0
thằng mặt thộn,thằngmặtthộn,1,12,0
con cat bu chan,concatbuchan,1,12,0
ngợm ko ra ngợm,ngợmkorangợm,1,12,0
vì thân phục vụ,vìthânphụcvụ,1,12,0
hư đường hư bột,hưđườnghưbột,1,12,0
xấu tai xấu hại,xấutaixấuhại,1,12,0
bữa thịt người,bữathịtngười,1,12,0
con bò động đực,conbòđộngđực,1,12,0
nồi da nấu thịt,nồidanấuthịt,1,12,0
bọn trung cộng,bọntrungcộng,1,12,0
con nghiệt súc,connghiệtsúc,1,12,0
con bà chúng nó,conbàchúngnó,1,12,0
bọn chức trách,bọnchứctrách,1,12,0
bọn ba que rách,bọnbaquerách,1,12,0
tế thằng tổ cnó,tếthằngtổcnó,1,12,0
thằng hung thủ,thằnghungthủ,1,12,0
có tiền mua nổi,cótiềnmuanổi,1,12,0
không thấy dạy,khôngthấydạy,1,12,0
thằng bán nước,thằngbánnước,1,12,1
biến con mẹ mày,biếnconmẹmày,1,12,0
biết cái cứt gì,biếtcáicứtgì,1,12,0
mấy thằng nô lệ,mấythằngnôlệ,1,12,0
đúng quy trình,đúngquytrình,1,12,0
thâm hết cả hậu,thâmhếtcảhậu,1,12,0
chả biết củ lìn,chảbiếtcủlìn,1,12,0
đàn ông đàn ang,đànôngđànang,1,12,0
nằm viện này nọ,nằmviệnnàynọ,1,12,0
chửi thì to mòm,chửithìtomòm,1,12,0
khóc lóc năn nỉ,khóclócnănnỉ,1,12,0
lụn bại tàn mạt,lụnbạitànmạt,1,12,0
thí vài con tốt,thívàicontốt,1,12,0
mũi thì bị lệch,mũithìbịlệch,1,12,0
miệng thì phun,miệngthìphun,1,12,0
đào nam lấp bắc,đàonamlấpbắc,1,12,0
nghèo mà nổ lắm,nghèomànổlắm,1,12,0
""" con c* hưng phấn """,conchưngphấn,1,12,0
"cái bọn ""animal",cáibọnanimal,1,12,0
ngực nhỏ quá đi,ngựcnhỏquáđi,1,12,0
chửi bọn tư bổn,chửibọntưbổn,1,12,0
mấy đứa tự nhục,mấyđứatựnhục,1,12,1
dám ra mặt trận,dámramặttrận,1,12,0
dơ cái tánh chó,dơcáitánhchó,1,12,0
lũ đa nhan cách,lũđanhancách,1,12,0
điếm vãi cả nồi,điếmvãicảnồi,1,12,0
mẹ lũ tham quan,mẹlũthamquan,1,12,0
lũ cặn bã dơ bẩn,lũcặnbãdơbẩn,1,12,0
xuống địa ngục,xuốngđịangục,1,12,0
thằng lãnh đạo,thằnglãnhđạo,1,12,0
xuống hố cả nút,xuốnghốcảnút,1,12,0
rận chủ vịt tần,rậnchủvịttần,1,12,0
quật chết mẹ nó,quậtchếtmẹnó,1,12,0
ngây thơ ko bt j,ngâythơkobtj,1,12,0
k bang con chùm,kbangconchùm,1,12,0
lam j co van hoa,lamjcovanhoa,1,12,0
bè lũ tham quan,bèlũthamquan,1,12,0
ngư ông đắc lợi,ngưôngđắclợi,1,12,1
bỏ tiền vào mồm,bỏtiềnvàomồm,1,12,0
nghèo bền vững,nghèobềnvững,1,12,0
núp lùm ăn tiền,núplùmăntiền,1,12,0
ăn tiền tài trợ,ăntiềntàitrợ,1,12,0
nhận án tử hình,nhậnántửhình,1,12,0
đồ khẩu nghiệp,đồkhẩunghiệp,1,12,0
đào mã chôn xác,đàomãchônxác,1,12,0
bọn tham nhũng,bọnthamnhũng,1,12,0
chó đàn hút máu,chóđànhútmáu,1,12,0
vàng mã âm binh,vàngmãâmbinh,1,12,0
con khùng thúi,conkhùngthúi,1,12,0
bọn 3/// tuột quần,bọn3tuộtquần,1,12,0
con yêu nghiệt,conyêunghiệt,1,12,0
quất chết mẹ nó,quấtchếtmẹnó,1,12,0
tên điên khùng,tênđiênkhùng,1,12,0
hư cả một thế hệ,hưcảmộtthếhệ,1,12,0
tai điếc mắt mù,taiđiếcmắtmù,1,12,0
tau hoa nhap ma,tauhoanhapma,1,12,0
chuyen gioi ho,chuyengioiho,1,12,0
ma ko co van hoa,makocovanhoa,1,12,0
chu mõm lên sủa,chumõmlênsủa,1,12,0
loại ý thức kém,loạiýthứckém,1,12,0
lúp lúp như chó,lúplúpnhưchó,1,12,0
cho đỡ chật đất,chođỡchậtđất,1,12,1
8 tầng địa ngục,8tầngđịangục,1,12,0
ngu như con lợn,ngunhưconlợn,1,12,0
nghiep chuong,nghiepchuong,1,12,0
dâm loạn viên,dâmloạnviên,4,11,0
con thần kinh,conthầnkinh,3,11,0
khinh thường,khinhthường,2,11,0
bắn chết mẹ nó,bắnchếtmẹnó,2,11,0
thằng assmin,thằngassmin,2,11,1
thằng con nít,thằngconnít,1,11,0
mỏ như cái lồn,mỏnhưcáilồn,1,11,1
cho may 1 trân,chomay1trân,1,11,0
lồn mẹ nhà mày,lồnmẹnhàmày,1,11,0
dien thoi dai,dienthoidai,1,11,0
quẹt mỏ như gà,quẹtmỏnhưgà,1,11,0
ngu động trời,nguđộngtrời,1,11,0
hãnh diện ghê,hãnhdiệnghê,1,11,0
ăn ko ngồi rỗi,ănkongồirỗi,1,11,0
đồ bóng khùng,đồbóngkhùng,1,11,0
đè đầu cưỡi cổ,đèđầucưỡicổ,1,11,0
dân đen ăn lồn,dânđenănlồn,1,11,0
thằng mất dạy,thằngmấtdạy,1,11,0
thứ thần kinh,thứthầnkinh,1,11,0
hăm doạ bắt bớ,hămdoạbắtbớ,1,11,0
hay ho chỗ nào,hayhochỗnào,1,11,0
phang mẹ nhau,phangmẹnhau,1,11,0
đập chetme nó,đậpchetmenó,1,11,0
ý kiến lọ chai,ýkiếnlọchai,1,11,0
thằng trẻ con,thằngtrẻcon,1,11,0
sống chui. rút,sốngchuirút,1,11,0
đảng búa liềm,đảngbúaliềm,1,11,0
lão vô văn hóa,lãovôvănhóa,1,11,0
xóa cờ hó vnch,xóacờhóvnch,1,11,0
lũ chó hại dân,lũchóhạidân,1,11,0
chết mẹ nhà nó,chếtmẹnhànó,1,11,0
bịt miệng dân,bịtmiệngdân,1,11,0
caiditmemay,caiditmemay,1,11,0
thằng ngu dốt,thằngngudốt,1,11,0
tức muốn điên,tứcmuốnđiên,1,11,0
chet con di me,chetcondime,1,11,0
ra cái vẻ tiếc,racáivẻtiếc,1,11,0
dân ngu cu đen,dânngucuđen,1,11,2
éo có tự trọng,éocótựtrọng,1,11,0
bài bạc gái gú,bàibạcgáigú,1,11,0
dap chet me no,dapchetmeno,1,11,0
bố mẹ thiên hạ,bốmẹthiênhạ,1,11,0
thằng mặt heo,thằngmặtheo,1,11,3
thằng hãm lol,thằnghãmlol,1,11,0
thằng nhơ bẩn,thằngnhơbẩn,1,11,0
đi sau làm sau,đisaulàmsau,1,11,0
chán vãi lồng,chánvãilồng,1,11,0
đào đất ngủ đi,đàođấtngủđi,1,11,0
chương mặt ra,chươngmặtra,1,11,0
bọn phản động,bọnphảnđộng,1,11,1
con đàn bà ngu,conđànbàngu,1,11,0
biến hóa cả số,biếnhóacảsố,1,11,0
ngước độc tài,ngướcđộctài,1,11,0
thua súc sinh,thuasúcsinh,1,11,0
già đầu mà non,giàđầumànon,1,11,0
chó động kinh,chóđộngkinh,1,11,0
đường lối giả,đườnglốigiả,1,11,0
luật pháp giả,luậtphápgiả,1,11,0
quên mang não,quênmangnão,1,11,0
rau tưới nhớt,rautướinhớt,1,11,0
bố thằng điên,bốthằngđiên,1,11,0
sống sạch lên,sốngsạchlên,1,11,0
thả trôi sông,thảtrôisông,1,11,0
xuống đất ngủ,xuốngđấtngủ,1,11,0
djtmenhaong,djtmenhaong,1,11,0
địt cụ bọn này,địtcụbọnnày,1,11,0
con mẹ chúng m,conmẹchúngm,1,11,0
nhìn ngứa mắt,nhìnngứamắt,1,11,0
bán rẻ tổ quốc,bánrẻtổquốc,1,11,0
con đóm sâu bọ,conđómsâubọ,1,11,0
kiếp bóng gió,kiếpbónggió,1,11,0
chết con đỉ mẹ,chếtconđỉmẹ,1,11,0
địt con mẹ chó,địtconmẹchó,1,11,0
biết cái đéo j,biếtcáiđéoj,1,11,0
bán hàng fake,bánhàngfake,1,11,0
đu càng qua mỹ,đucàngquamỹ,1,11,0
xiên xỏ đá xéo,xiênxỏđáxéo,1,11,0
thằng ngu lồn,thằngngulồn,1,11,1
ngu cmn người,ngucmnngười,1,11,0
thèng assmin,thèngassmin,1,11,0
đừng có về đây,đừngcóvềđây,1,11,0
con dao 2 lưỡi,condao2lưỡi,1,11,0
mấy thằng lol,mấythằnglol,1,11,1
văn hóa lắm cơ,vănhóalắmcơ,1,11,0
ngu hon ca cho,nguhoncacho,1,11,0
con ho ly tinh,conholytinh,1,11,0
phen vang khe,phenvangkhe,1,11,0
thối nát.đkmm,thốinátđkmm,1,11,0
ko biết xấu hổ,kobiếtxấuhổ,1,11,0
mặt nhiều lớp,mặtnhiềulớp,1,11,0
bộ mặt ngu dốt,bộmặtngudốt,1,11,0
loài hợp quần,loàihợpquần,1,11,0
cunt suckers,cuntsuckers,1,11,0
thằng báo đời,thằngbáođời,1,11,0
sai lè còn cãi,sailècòncãi,1,11,0
mấy thằng chó,mấythằngchó,1,11,0
mê chim mê dzú,mêchimmêdzú,1,11,0
máy cha máy mẹ,máychamáymẹ,1,11,0
ngu có gia phả,ngucógiaphả,1,11,0
thằng cha mày,thằngchamày,1,11,0
thằng đĩ vượn,thằngđĩvượn,1,11,0
thằng bù nhìn,thằngbùnhìn,1,11,0
thằng cục cứt,thằngcụccứt,1,11,0
trại cai tiền,trạicaitiền,1,11,0
bọn việt cộng,bọnviệtcộng,1,11,1
đéo nói nhiều,đéonóinhiều,1,11,0
xả súng da đen,xảsúngdađen,1,11,0
bộ sậu tay sai,bộsậutaysai,1,11,0
con bóng chúa,conbóngchúa,1,11,0
cà khịa t chém,càkhịatchém,1,11,0
sáng mắt chưa,sángmắtchưa,1,11,0
mạg ng rẻ vậy s,mạgngrẻvậys,1,11,0
mấy bố ts giấy,mấybốtsgiấy,1,11,0
biết con mẹ gì,biếtconmẹgì,1,11,0
phản cmn động,phảncmnđộng,1,11,0
thứ giật tiền,thứgiậttiền,1,11,0
chó việt cộng,chóviệtcộng,1,11,0
thằng máu lồn,thằngmáulồn,1,11,0
thằng cộng nô,thằngcộngnô,1,11,0
đánh trào máu,đánhtràomáu,1,11,0
thằng mặt lon,thằngmặtlon,1,11,0
thanh loai gi,thanhloaigi,1,11,0
bóng tâm thần,bóngtâmthần,1,11,0
thuyết âm mưu,thuyếtâmmưu,1,11,0
ý thức hơi kém,ýthứchơikém,1,11,0
quần gạ chịch,quầngạchịch,1,11,0
ngưu tầm ngưu,ngưutầmngưu,1,11,0
kịn khủng tởm,kịnkhủngtởm,1,11,0
quân khốn nạn,quânkhốnnạn,1,11,0
ăn thua sân si,ănthuasânsi,1,11,0
không có phúc,khôngcóphúc,1,11,0
c.*.t bằng bù lon,ctbằngbùlon,1,11,0
thằng âm binh,thằngâmbinh,1,11,0
đám cầu thủ đỏ,đámcầuthủđỏ,1,11,1
đám bò đỏ chửi,đámbòđỏchửi,1,11,0
chống tổ quốc,chốngtổquốc,1,11,0
gây mâu thuẫn,gâymâuthuẫn,1,11,0
tham thì thâm,thamthìthâm,1,11,0
đkm bọn chó đẻ,đkmbọnchóđẻ,1,11,0
cái mỏ nó sưng,cáimỏnósưng,1,11,0
vn cũng tư bản,vncũngtưbản,1,11,0
máy chị ninja,máychịninja,1,11,0
mả cha nhà mày,mảchanhàmày,1,11,0
chửi vô tội vạ,chửivôtộivạ,1,11,0
đầu óc có bệnh,đầuóccóbệnh,1,11,0
đuổi thẳng cổ,đuổithẳngcổ,1,11,0
đi đêm qua lại,điđêmqualại,1,11,0
con quỷ mặt rỗ,conquỷmặtrỗ,1,11,0
mặt ngu hơn bò,mặtnguhơnbò,1,11,0
chán con mẹ nó,chánconmẹnó,1,11,0
do khung dien,dokhungdien,1,11,0
đơm chết mẹ nó,đơmchếtmẹnó,1,11,0
bọn báo lá cải,bọnbáolácải,1,11,0
dcm chúng mày,dcmchúngmày,1,11,0
lu tham nhung,luthamnhung,1,11,0
lũ cừu cáo ngơ,lũcừucáongơ,1,11,0
tiếu thấy moẹ,tiếuthấymoẹ,1,11,0
con chửi thâm,conchửithâm,1,11,0
đường lưỡi bò,đườnglưỡibò,1,11,0
bắn chết cdm m,bắnchếtcdmm,1,11,0
cười đằng sau,cườiđằngsau,1,11,0
nghiệt trủng,nghiệttrủng,1,11,0
không có giàu,khôngcógiàu,1,11,0
đào mồ cuốc mả,đàomồcuốcmả,1,11,0
ngu như con bò,ngunhưconbò,1,11,0
khẩu nghiệp,khẩunghiệp,17,10,4
không có não,khôngcónão,4,10,0
thượng đẳng,thượngđẳng,4,10,1
nghiệp quật,nghiệpquật,4,10,0
mồ tổ cha mày,mồtổchamày,3,10,1
hoang tưởng,hoangtưởng,3,10,1
ý thức như đb,ýthứcnhưđb,3,10,0
thiếu ý thức,thiếuýthức,3,10,0
hoang tuong,hoangtuong,3,10,0
con bóng già,conbónggià,3,10,0
khau nghiep,khaunghiep,3,10,0
dân trí thấp,dântríthấp,2,10,3
ghen ăn tức ở,ghenăntứcở,2,10,0
khùng khùng,khùngkhùng,2,10,0
đm chúng mày,đmchúngmày,2,10,0
thang khung,thangkhung,2,10,0
thằng óc chó,thằngócchó,2,10,0
loại nghiện,loạinghiện,1,10,0
bò đỏ tụi tao,bòđỏtụitao,1,10,0
chơi bẩn bựa,chơibẩnbựa,1,10,0
con đười ươi,conđườiươi,1,10,0
cai cau tieu,caicautieu,1,10,1
lũ ducanger,lũducanger,1,10,0
giữ thể diện,giữthểdiện,1,10,0
lắm trò hành,lắmtròhành,1,10,0
tụi bán nước,tụibánnước,1,10,0
tui trộm cắp,tuitrộmcắp,1,10,0
như đúng rồi,nhưđúngrồi,1,10,1
đạo đức rách,đạođứcrách,1,10,0
what đờ phắc,whatđờphắc,1,10,0
ngông cuồng,ngôngcuồng,1,10,1
tổ cha bọn nó,tổchabọnnó,1,10,1
than với rên,thanvớirên,1,10,0
bọn tàu cộng,bọntàucộng,1,10,0
gào mồm ăn vạ,gàomồmănvạ,1,10,0
vuốt chim vc,vuốtchimvc,1,10,0
ko đử tư cách,kođửtưcách,1,10,0
ngon vailon,ngonvailon,1,10,0
lôi cái đuôi,lôicáiđuôi,1,10,0
o gan kho dan,ogankhodan,1,10,0
dăm ba thằng,dămbathằng,1,10,0
ông đầu trọc,ôngđầutrọc,1,10,0
nói trên đầu,nóitrênđầu,1,10,0
thằng đầy tớ,thằngđầytớ,1,10,0
xem lai mình,xemlaimình,1,10,0
tụi giang hồ,tụigianghồ,1,10,0
con chó điên,conchóđiên,1,10,0
cay vãi lon t,cayvãilont,1,10,0
vô nhân tính,vônhântính,1,10,0
bọn quan lại,bọnquanlại,1,10,0
dư luận viên,dưluậnviên,1,10,2
do phan quoc,dophanquoc,1,10,0
hiep dap dan,hiepdapdan,1,10,0
bợ đít tụi nó,bợđíttụinó,1,10,0
thằng bắc kì,thằngbắckì,1,10,0
lãnh đạo già,lãnhđạogià,1,10,0
loại mất dạy,loạimấtdạy,1,10,0
đĩ già khùng,đĩgiàkhùng,1,10,0
tay cô gái to,taycôgáito,1,10,0
nhục mặt quá,nhụcmặtquá,1,10,0
16 vàng 4 tốt,16vàng4tốt,1,10,0
ông cễnh con,ôngcễnhcon,1,10,0
a dg nhai bcs,adgnhaibcs,1,10,0
lí do lí trấu,lídolítrấu,1,10,0
chửi sằn bậy,chửisằnbậy,1,10,0
lão đại biểu,lãođạibiểu,1,10,0
bọn nằm vùng,bọnnằmvùng,1,10,0
trúng phong,trúngphong,1,10,0
tư tưởng giả,tưtưởnggiả,1,10,0
con chó rách,conchórách,1,10,0
thằng ăn xin,thằngănxin,1,10,0
dit con me no,ditconmeno,1,10,0
ôi thơm tho j,ôithơmthoj,1,10,0
chất tạo nạc,chấttạonạc,1,10,0
tao cừ tao ỉa,taocừtaoỉa,1,10,0
nghiệp bê đê,nghiệpbêđê,1,10,0
ko chấp nhận,kochấpnhận,1,10,0
đánh chết mẹ,đánhchếtmẹ,1,10,0
có não không ???,cónãokhông,1,10,0
thằng ko não,thằngkonão,1,10,0
đứa tretrau,đứatretrau,1,10,0
tiệp corona,tiệpcorona,1,10,0
loại xúc zật,loạixúczật,1,10,0
bị bệnh nặng,bịbệnhnặng,1,10,0
con bede sấu,conbedesấu,1,10,0
khóc nhu cho,khócnhucho,1,10,0
ngu chưa con,nguchưacon,1,10,0
oách sờ lách,oáchsờlách,1,10,0
câm mẹ nó mồm,câmmẹnómồm,1,10,0
nhục cái mặt,nhụccáimặt,1,10,0
đẹp đẽ quá mà,đẹpđẽquámà,1,10,0
bị chửi đáng,bịchửiđáng,1,10,0
bắn cho phát,bắnchophát,1,10,0
khủng hoảng,khủnghoảng,1,10,0
chém chết mẹ,chémchếtmẹ,1,10,0
ngáo cứt lợn,ngáocứtlợn,1,10,0
thằng đầu bò,thằngđầubò,1,10,0
bố thằng nào,bốthằngnào,1,10,0
đụ má xạo lồn,đụmáxạolồn,1,10,0
ko có văn hóa,kocóvănhóa,1,10,0
chếtluondi,chếtluondi,1,10,0
vô quan tài ở,vôquantàiở,1,10,0
mặt ng dạ thú,mặtngdạthú,1,10,0
con mẹ nó mồm,conmẹnómồm,1,10,1
chừa cái tật,chừacáitật,1,10,0
nidalee vãi,nidaleevãi,1,10,0
từ chối hiểu,từchốihiểu,1,10,0
thằng mặt lờ,thằngmặtlờ,1,10,0
cằm theo não,cằmtheonão,1,10,0
con đỉ khùng,conđỉkhùng,1,10,0
con quái vật,conquáivật,1,10,0
kinh nguyệt,kinhnguyệt,1,10,0
ko có văn hoá,kocóvănhoá,1,10,0
trơ trẽn vkl 💩,trơtrẽnvkl,1,10,0
hít dạ hương,hítdạhương,1,10,0
đãn chó chết,đãnchóchết,1,10,0
khung khung,khungkhung,1,10,0
bố cái thằng,bốcáithằng,1,10,0
vẽ để đút mồm,vẽđểđútmồm,1,10,0
loai ngu dốt,loaingudốt,1,10,0
cỏi niết bàn,cỏiniếtbàn,1,10,0
thằng óc cứt,thằngóccứt,1,10,0
nhóm lợi ích,nhómlợiích,1,10,0
hả miệng chó,hảmiệngchó,1,10,0
lũ tham quan,lũthamquan,1,10,0
bọn khủng bố,bọnkhủngbố,1,10,0
mang cái mặt,mangcáimặt,1,10,0
dẫm lên lưng,dẫmlênlưng,1,10,0
đập chết cmn,đậpchếtcmn,1,10,0
im mẹ cái mồm,immẹcáimồm,1,10,0
bọn trẻ trâu,bọntrẻtrâu,1,10,1
tướng niểng,tướngniểng,1,10,0
bành trướng,bànhtrướng,1,10,0
thằng niễng,thằngniễng,1,10,0
thằng cố vấn,thằngcốvấn,1,10,0
béo ú ngu học,béoúnguhọc,1,10,0
sắp mặt lozz,sắpmặtlozz,1,10,0
con chó diên,conchódiên,1,10,0
loại mat dạy,loạimatdạy,1,10,0
trư bát giới,trưbátgiới,1,10,1
tong chet me,tongchetme,1,10,0
vô văn hoá vl,vôvănhoávl,1,10,0
đâm chìm tàu,đâmchìmtàu,1,10,0
quang quang,quangquang,1,10,1
chien tranh,chientranh,1,10,0
ko có dân chủ,kocódânchủ,1,10,0
lo ăn lo cướp,loănlocướp,1,10,0
tự cao tự đại,tựcaotựđại,1,10,0
cái quanque,cáiquanque,1,10,0
thằng bắc cụ,thằngbắccụ,1,10,0
đồ thần kinh,đồthầnkinh,1,10,0
não bị delay,nãobịdelay,1,10,0
giải nghiệp,giảinghiệp,1,10,0
hưởi quần xì,hưởiquầnxì,1,10,0
nhục như chó,nhụcnhưchó,1,10,0
chạy như chó,chạynhưchó,1,10,0
banh nha xac,banhnhaxac,1,10,0
ăn hô nói tục,ănhônóitục,1,10,0
ý thức như qq,ýthứcnhưqq,1,10,0
bớt ảo tưỡng,bớtảotưỡng,1,10,0
thằng ít tóc,thằngíttóc,1,10,0
đéo động não,đéođộngnão,1,10,0
bọn ranh con,bọnranhcon,1,10,0
chao xả gich,chaoxảgich,1,10,0
khủng khiếp,khủngkhiếp,1,10,0
con tâm thân,contâmthân,1,10,0
bọn việt tân,bọnviệttân,1,10,0
chửi mày ngu,chửimàyngu,1,10,0
thằng đàn bà,thằngđànbà,1,10,0
chúa lừa dân,chúalừadân,1,10,0
nói sau lưng,nóisaulưng,1,10,0
"phá nc, bán ns",pháncbánns,1,10,0
làm ăn bố láo,làmănbốláo,1,10,0
con đỉ chó xl,conđỉchóxl,1,10,0
bọn súc sinh,bọnsúcsinh,1,10,0
đám thối nát,đámthốinát,1,10,0
ngu v~ chưởng,nguvchưởng,1,10,0
clone sủa cc,clonesủacc,1,10,0
những con bò,nhữngconbò,1,10,0
thứ rác rưỡi,thứrácrưỡi,1,10,0
dân lưu vong,dânlưuvong,1,10,0
bán hàng giả,bánhànggiả,1,10,0
mang dịch về,mangdịchvề,1,10,0
luật quả báo,luậtquảbáo,1,10,0
lũ ngu chó đẻ,lũnguchóđẻ,1,10,0
nhạc vs nhẽo,nhạcvsnhẽo,1,10,0
ngu thì chết,nguthìchết,1,10,1
pủi chứng nó,pủichứngnó,1,10,0
nhảm loz vcc,nhảmlozvcc,1,10,0
nổ lằn nổ lốn,nổlằnnổlốn,1,10,0
thốn mặt lằm,thốnmặtlằm,1,10,0
con gà 1000kg,congà100kg,1,10,0
ăn bằng máng,ănbằngmáng,1,10,0
sống làm chi,sốnglàmchi,1,10,0
xổng chuồng,xổngchuồng,1,10,0
nhà ảo tưởng,nhàảotưởng,1,10,0
chêt gân hêt,chêtgânhêt,1,10,0
lũ chúng mày,lũchúngmày,1,10,0
tụi lưu manh,tụilưumanh,1,10,0
gan het rang,ganhetrang,1,10,0
ngập cmn đầu,ngậpcmnđầu,1,10,0
con bóng đũy,conbóngđũy,1,10,0
con bóng đực,conbóngđực,1,10,0
th lamg bằng,thlamgbằng,1,10,0
cô ba vàng mã,côbavàngmã,1,10,2
ko ai tha thứ,koaithathứ,1,10,0
nghĩa trang,nghĩatrang,1,10,0
thằng óc tôm,thằngóctôm,1,10,0
ngu ngục vcl,ngungụcvcl,1,10,0
cô giáo mà nt,côgiáomànt,1,10,0
tham nhũng,thamnhũng,14,9,7
trung cộng,trungcộng,8,9,2
thằng điên,thằngđiên,5,9,0
no banh xac,nobanhxac,4,9,0
lũ súc sinh,lũsúcsinh,3,9,0
khuyết tật,khuyếttật,3,9,0
ăn nghìn tỷ,ănnghìntỷ,2,9,0
con súc vật,consúcvật,2,9,0
cailoncat,cailoncat,2,9,1
đạo đức giả,đạođứcgiả,2,9,1
con sán dây,consándây,2,9,0
tham nhủng,thamnhủng,2,9,1
câm như hến,câmnhưhến,2,9,0
tham nhung,thamnhung,2,9,1
dư lợn viên,dưlợnviên,2,9,0
lũ khốn nạn,lũkhốnnạn,2,9,0
lũ chó chết,lũchóchết,2,9,0
loại người,loạingười,2,9,1
giết người,giếtngười,2,9,4
lũ bán nước,lũbánnước,2,9,2
giết quách,giếtquách,2,9,0
tội nghiệp,tộinghiệp,2,9,2
loại đàn bà,loạiđànbà,2,9,0
ngu như chó,ngunhưchó,2,9,1
chet me may,chetmemay,2,9,0
thằng bệnh,thằngbệnh,2,9,0
hoang mang,hoangmang,2,9,2
điên khùng,điênkhùng,2,9,0
diệt chủng,diệtchủng,2,9,0
đụ con đĩ mẹ,đụconđĩmẹ,2,9,0
như cái lon,nhưcáilon,1,9,0
tinh trùng,tinhtrùng,1,9,0
ỉa ra ăn lại,ỉaraănlại,1,9,0
nổ banh xác,nổbanhxác,1,9,0
dm chúng nó,dmchúngnó,1,9,0
quỹ đầu cằc,quỹđầucằc,1,9,0
ngứa bà cẹt,ngứabàcẹt,1,9,0
ném lựu đạn,némlựuđạn,1,9,0
khùng điên,khùngđiên,1,9,0
cuồng cộng,cuồngcộng,1,9,0
đĩ nhà giàu,đĩnhàgiàu,1,9,0
đáng khinh,đángkhinh,1,9,1
t chúng tao,tchúngtao,1,9,0
đánh người,đánhngười,1,9,0
đạp con mái,đạpconmái,1,9,0
chùi âm đạo,chùiâmđạo,1,9,0
con mất day,conmấtday,1,9,0
ngu quá lợn,nguquálợn,1,9,0
thắng dien,thắngdien,1,9,0
bo tat ngua,botatngua,1,9,0
tên súc vật,tênsúcvật,1,9,0
má mắc nếttt,mámắcnếtt,1,9,0
hai hòn dái,haihòndái,1,9,0
con lon giả,conlongiả,1,9,0
khỉ đầu chó,khỉđầuchó,1,9,0
nên học lại,nênhọclại,1,9,0
trung cong,trungcong,1,9,0
người rừng,ngườirừng,1,9,0
mất phần ăn,mấtphầnăn,1,9,0
đập sắp mặt,đậpsắpmặt,1,9,0
thứ súc vật,thứsúcvật,1,9,0
dlv mất dại,dlvmấtdại,1,9,0
thứ mắc dạy,thứmắcdạy,1,9,0
thằg óc chó,thằgócchó,1,9,0
bọn lừa đảo,bọnlừađảo,1,9,0
diêm vương,diêmvương,1,9,0
bù lu bù loa,bùlubùloa,1,9,0
hoan tưởng,hoantưởng,1,9,0
lá mọc đinh,lámọcđinh,1,9,0
con nhỏ ất ơ,connhỏấtơ,1,9,0
đảng con bò,đảngconbò,1,9,0
chẳng ra gì,chẳngragì,1,9,0
bọn ngu dốt,bọnngudốt,1,9,0
chớt mẹ mày,chớtmẹmày,1,9,0
cay vãi lol,cayvãilol,1,9,0
đứt gân máu,đứtgânmáu,1,9,0
thôn cái lù,thôncáilù,1,9,1
cái đầu bùi,cáiđầubùi,1,9,1
thằng bede,thằngbede,1,9,0
nực cười vc,nựccườivc,1,9,0
tán vô họng,tánvôhọng,1,9,0
miệng lưỡi,miệnglưỡi,1,9,0
miệng rộng,miệngrộng,1,9,1
hửi quần xì,hửiquầnxì,1,9,0
ki bo kẹt sỉ,kibokẹtsỉ,1,9,0
ngu vãi lìn,nguvãilìn,1,9,0
đm chúng nó,đmchúngnó,1,9,1
thứ xạo lồn,thứxạolồn,1,9,0
bắt cái đầu,bắtcáiđầu,1,9,0
nói thì hay,nóithìhay,1,9,0
ngu như mày,ngunhưmày,1,9,1
bọn mất dạy,bọnmấtdạy,1,9,0
lũ ko có não,lũkocónão,1,9,0
conquy già,conquygià,1,9,0
thằng trọc,thằngtrọc,1,9,0
thịt người,thịtngười,1,9,0
thằng mả mẹ,thằngmảmẹ,1,9,0
sai tôi mọi,saitôimọi,1,9,0
vãi loinmm,vãiloinmm,1,9,0
bọn rẻ rách,bọnrẻrách,1,9,0
địt chị mày,địtchịmày,1,9,1
mạnh miệng,mạnhmiệng,1,9,0
chân lý giả,chânlýgiả,1,9,0
thằng xì ke,thằngxìke,1,9,1
liếm lỗ nhị,liếmlỗnhị,1,9,0
lu tau khua,lutaukhua,1,9,0
dien khung,dienkhung,1,9,0
kiếp con bò,kiếpconbò,1,9,0
trinh trâu,trinhtrâu,1,9,0
cưỡng hiếp,cưỡnghiếp,1,9,0
sủa như chó,sủanhưchó,1,9,0
đầu bà cmay,đầubàcmay,1,9,0
mấy cái trò,mấycáitrò,1,9,0
ko co an hoc,kocoanhoc,1,9,0
lười biếng,lườibiếng,1,9,0
mất lịch sự,mấtlịchsự,1,9,0
thằng rách,thằngrách,1,9,0
bọn rẻ tiền,bọnrẻtiền,1,9,0
mất văn hóa,mấtvănhóa,1,9,0
bon comcom,boncomcom,1,9,0
sửa như chó,sửanhưchó,1,9,0
lòi cầm thú,lòicầmthú,1,9,0
dizz mẹ mày,dizzmẹmày,1,9,0
bóng khùng,bóngkhùng,1,9,0
nhìn mà gét,nhìnmàgét,1,9,0
lam chuyện,lamchuyện,1,9,0
ko đào thai,kođàothai,1,9,0
gây tai nạn,gâytainạn,1,9,0
xứ vịt ngan,xứvịtngan,1,9,0
kinh khủng,kinhkhủng,1,9,0
bọn súc vật,bọnsúcvật,1,9,0
con bóng dơ,conbóngdơ,1,9,0
chửi con đỷ,chửiconđỷ,1,9,0
tiền bảo kê,tiềnbảokê,1,9,0
khốn nạn vl,khốnnạnvl,1,9,1
mất tư cách,mấttưcách,1,9,0
diễn éo sâu,diễnéosâu,1,9,0
cạn cmn lời,cạncmnlời,1,9,0
bọn cô rê an,bọncôrêan,1,9,0
chết con ỉ ẹ,chếtconỉẹ,1,9,0
ý thức rách,ýthứcrách,1,9,0
ngu như lợn,ngunhưlợn,1,9,0
tụi đu càng,tụiđucàng,1,9,0
cđm tui mày,cđmtuimày,1,9,0
thứ bóng dơ,thứbóngdơ,1,9,0
thag ôn con,thagôncon,1,9,0
con chó dlv,conchódlv,1,9,0
thằng trẩu,thằngtrẩu,1,9,0
chảnh choẹ,chảnhchoẹ,1,9,0
con rác rửi,conrácrửi,1,9,0
thằng mặt l,thằngmặtl,1,9,1
đồn như lời,đồnnhưlời,1,9,0
con này xấu,connàyxấu,1,9,0
mấy con chó,mấyconchó,1,9,2
đỉ mất dạiii,đỉmấtdạii,1,9,0
lũ chúng nó,lũchúngnó,1,9,0
con mặt lòn,conmặtlòn,1,9,0
mịe con chó,mịeconchó,1,9,0
phản cảm vl,phảncảmvl,1,9,0
tiệt chủng,tiệtchủng,1,9,0
não để ở đâu,nãođểởđâu,1,9,0
chỉ đi được,chỉđiđược,1,9,0
nói cho vui,nóichovui,1,9,0
giải phóng,giảiphóng,1,9,3
bọn comdom,bọncomdom,1,9,0
lễ tang mẹ m,lễtangmẹm,1,9,0
gáy khét vc,gáykhétvc,1,9,0
khau ngiep,khaungiep,1,9,0
kcos lỗ đít,kcoslỗđít,1,9,0
nuốt chửng,nuốtchửng,1,9,0
mấy em bò đỏ,mấyembòđỏ,1,9,0
bắn bỏ mẹ nó,bắnbỏmẹnó,1,9,0
nát hết rồi,náthếtrồi,1,9,0
ngu ngục tù,ngungụctù,1,9,0
k biết nhục,kbiếtnhục,1,9,0
chiếm đoạt,chiếmđoạt,1,9,2
khói bụi mù,khóibụimù,1,9,0
đói rã họng,đóirãhọng,1,9,0
bọn cầm đầu,bọncầmđầu,1,9,0
bọn chóp bu,bọnchópbu,1,9,0
tạo nghiệp,tạonghiệp,1,9,1
con duc rua,conducrua,1,9,0
con di ngua,condingua,1,9,0
vo hoc thuc,vohocthuc,1,9,0
k xanh chín,kxanhchín,1,9,0
óc toàn bắc,óctoànbắc,1,9,0
mắt thì hít,mắtthìhít,1,9,0
thiểu năng,thiểunăng,1,9,1
bọn tục tỉu,bọntụctỉu,1,9,0
thằng bê đê,thằngbêđê,1,9,0
làm sấu mặt,làmsấumặt,1,9,0
mắc bệnh lạ,mắcbệnhlạ,1,9,0
bọn sán dây,bọnsándây,1,9,0
kẻ khốn nạn,kẻkhốnnạn,1,9,0
thánh sống,thánhsống,1,9,0
coi thường,coithường,1,9,2
phát khiếp,phátkhiếp,1,9,0
chưi băc ky,chưibăcky,1,9,0
gô cô no lai,gôcônolai,1,9,0
làm được gì,làmđượcgì,1,9,2
con quỷ cái,conquỷcái,1,9,1
next mẹ mày,nextmẹmày,1,9,0
hốc hết cứt,hốchếtcứt,1,9,0
kẻ ngu ngóc,kẻngungóc,1,9,0
dí l vào mặt,dílvàomặt,1,9,1
ko dc di học,kodcdihọc,1,9,0
chết cụ mày,chếtcụmày,1,9,0
lũ trẻ trâu,lũtrẻtrâu,1,9,1
liếm hậu m*n,liếmhậumn,1,9,0
l má tui bây,lmátuibây,1,9,0
thg suc vat,thgsucvat,1,9,0
búa liềm tq,búaliềmtq,1,9,0
phúc nghẹo,phúcnghẹo,1,9,0
ko có ý thức,kocóýthức,1,9,0
ý thức như l,ýthứcnhưl,1,9,0
trưng dụng,trưngdụng,1,9,1
ăn ở k có đức,ănởkcóđức,1,9,0
xạo lồn chó,xạolồnchó,1,9,0
thằng khốn,thằngkhốn,1,9,0
có ra gì đâu,córagìđâu,1,9,0
lão hitler,lãohitler,1,9,0
đút vào mồm,đútvàomồm,1,9,0
bọn độc tài,bọnđộctài,1,9,0
chêt mẹ may,chêtmẹmay,1,9,0
nguyền rủa,nguyềnrủa,1,9,0
lũ ngợm lừa,lũngợmlừa,1,9,0
thứ lừa đảo,thứlừađảo,1,9,0
lũ sức sinh,lũsứcsinh,1,9,0
nhảm nhí vl,nhảmnhívl,1,9,0
tiêm nhiễm,tiêmnhiễm,1,9,0
lộng quyền,lộngquyền,1,9,0
bon cho hua,bonchohua,1,9,0
đụ má đụ cha,đụmáđụcha,1,9,0
loại khùng,loạikhùng,1,9,0
thằng khựa,thằngkhựa,1,9,0
đm nhái thg,đmnháithg,1,9,0
chó táp cức,chótápcức,1,9,0
trầm trọng,trầmtrọng,1,9,0
trẻ trâu đm,trẻtrâuđm,1,9,0
xem thường,xemthường,1,9,0
vãi thị lồn,vãithịlồn,1,9,0
già mất nết,giàmấtnết,1,9,0
nhà nói dóc,nhànóidóc,1,9,0
bỏ phong bì,bỏphongbì,1,9,0
làn gió độc,làngióđộc,1,9,0
quan tuong,quantuong,1,9,0
ngu như cức,ngunhưcức,1,9,0
dut may day,dutmayday,1,9,0
truòng trị,truòngtrị,1,9,0
xau nhu quy,xaunhuquy,1,9,0
loại ăn cức,loạiăncức,1,9,0
nhin ge qua,nhingequa,1,9,0
cái quân cs,cáiquâncs,1,9,0
oan nghiệt,oannghiệt,1,9,0
xé banh xác,xébanhxác,1,9,0
lũ thất học,lũthấthọc,1,9,0
đám sạo lồn,đámsạolồn,1,9,0
gắt vãi đái,gắtvãiđái,1,9,0
hại não vcl,hạinãovcl,1,9,0
chó cụp đui,chócụpđui,1,9,0
chúng mày,chúngmày,32,8,6
phản động,phảnđộng,28,8,12
thằng ngu,thằngngu,11,8,3
thằng chó,thằngchó,11,8,2
thần kinh,thầnkinh,9,8,2
não phẳng,nãophẳng,5,8,0
con mẹ mày,conmẹmày,5,8,4
bọn chúng,bọnchúng,5,8,2
con đàn bà,conđànbà,4,8,2
vo van hoa,vovanhoa,4,8,0
đéo có não,đéocónão,3,8,1
địt con mẹ,địtconmẹ,3,8,2
cái lồn mẹ,cáilồnmẹ,3,8,1
cướp giật,cướpgiật,3,8,1
trộm cướp,trộmcướp,3,8,4
tiêu diệt,tiêudiệt,3,8,3
mấy thằng,mấythằng,3,8,10
linh tinh,linhtinh,3,8,0
dạng háng,dạngháng,3,8,0
chúng bây,chúngbây,3,8,1
giãy chết,giãychết,3,8,1
thằng già,thằnggià,3,8,0
biến thái,biếnthái,3,8,3
con khùng,conkhùng,2,8,0
địt cụ mày,địtcụmày,2,8,0
con hoang,conhoang,2,8,0
diệt vong,diệtvong,2,8,0
vô văn hóa,vôvănhóa,2,8,2
quan tham,quantham,2,8,2
nhạc nhẽo,nhạcnhẽo,2,8,0
chặt chém,chặtchém,2,8,0
xuyên tạc,xuyêntạc,2,8,0
phan dong,phandong,2,8,1
lòng vòng,lòngvòng,2,8,0
già mà non,giàmànon,2,8,1
bệnh hoạn,bệnhhoạn,2,8,0
cái thằng,cáithằng,2,8,2
than kinh,thankinh,2,8,0
ngột ngạt,ngộtngạt,2,8,2
nghèo đói,nghèođói,2,8,2
việt cộng,việtcộng,2,8,1
chôn sống,chônsống,2,8,0
chảnh chó,chảnhchó,2,8,1
hống hách,hốnghách,2,8,0
địt mẹ mày,địtmẹmày,2,8,3
vaicalon,vaicalon,2,8,0
vô liêm sỉ,vôliêmsỉ,2,8,0
thằng lồn,thằnglồn,2,8,2
tống tiền,tốngtiền,2,8,0
nguy hiểm,nguyhiểm,2,8,3
hành hung,hànhhung,2,8,0
lũ đu càng,lũđucàng,2,8,0
gặm xương,gặmxương,2,8,0
thằng cha,thằngcha,2,8,2
biểu tình,biểutình,2,8,3
phản quốc,phảnquốc,1,8,0
bọn côn đồ,bọncônđồ,1,8,0
nghèo mạt,nghèomạt,1,8,0
lạm quyền,lạmquyền,1,8,0
chộp giật,chộpgiật,1,8,0
khét vãi l,khétvãil,1,8,0
pháo kích,pháokích,1,8,0
dựng dựng,dựngdựng,1,8,0
ko khá nổi,kokhánổi,1,8,0
vãi cả nồi,vãicảnồi,1,8,0
quái thai,quáithai,1,8,2
ngu cu đen,ngucuđen,1,8,0
xoạc háng,xoạcháng,1,8,0
hãnh diện,hãnhdiện,1,8,0
con đi cho,conđicho,1,8,0
chửi thuê,chửithuê,1,8,0
lũ chó lợn,lũchólợn,1,8,0
kiêu ngạo,kiêungạo,1,8,0
xàm loinf,xàmloinf,1,8,0
ko khôn ra,kokhônra,1,8,0
cha khùng,chakhùng,1,8,0
dit cu may,ditcumay,1,8,0
miệng xấu,miệngxấu,1,8,0
lũ chó đói,lũchóđói,1,8,0
ganh nạnh,ganhnạnh,1,8,0
thiếu iot,thiếuiot,1,8,0
con bà già,conbàgià,1,8,0
thua cả bò,thuacảbò,1,8,0
mạng ng rẻ,mạngngrẻ,1,8,0
vãi trò hề,vãitròhề,1,8,0
nghèo bền,nghèobền,1,8,0
bu lu bu la,bulubula,1,8,0
ngụy biện,ngụybiện,1,8,0
nứng nứng,nứngnứng,1,8,1
khiêu dâm,khiêudâm,1,8,0
dien dien,diendien,1,8,0
vô văn hoá,vôvănhoá,1,8,0
nha` que vl,nhaquevl,1,8,0
bán dồ giả,bándồgiả,1,8,0
chị ba phi,chịbaphi,1,8,0
chém giết,chémgiết,1,8,0
mày óc chó,màyócchó,1,8,0
chết tiệt,chếttiệt,1,8,0
thôn tính,thôntính,1,8,0
thằng lìn,thằnglìn,1,8,0
thờ satan,thờsatan,1,8,0
vô thần vô,vôthầnvô,1,8,0
mục xương,mụcxương,1,8,0
chậm tiến,chậmtiến,1,8,0
trộm cươp,trộmcươp,1,8,0
show hàng,showhàng,1,8,0
băng đảng,băngđảng,1,8,1
xám khí đú,xámkhíđú,1,8,0
chết mẹ nó,chếtmẹnó,1,8,2
cái vẹo gì,cáivẹogì,1,8,0
bọn óc vật,bọnócvật,1,8,0
loan luân,loanluân,1,8,0
khẩu súng,khẩusúng,1,8,0
chửi chửi,chửichửi,1,8,0
loai bê đê,loaibêđê,1,8,0
i thức kém,ithứckém,1,8,0
chả có đéo,chảcóđéo,1,8,0
ăn cám heo,ăncámheo,1,8,0
đi nhuyễn,đinhuyễn,1,8,0
tụi trung +,tụitrung,1,8,1
chột dịch,chộtdịch,1,8,0
quan lieu,quanlieu,1,8,0
thu dan ba,thudanba,1,8,0
vice lone,vicelone,1,8,0
cái qằn qè,cáiqằnqè,1,8,0
cuồng phâ,cuồngphâ,1,8,0
bợ đít vcc,bợđítvcc,1,8,0
đù má điên,đùmáđiên,1,8,0
đachlone,đachlone,1,8,0
coin card,coincard,1,8,0
đồ quê mùa,đồquêmùa,1,8,0
m phạm tội,mphạmtội,1,8,0
th nghiện,thnghiện,1,8,0
buồi hiền,buồihiền,1,8,0
lũ ngu dân,lũngudân,1,8,0
đập tét mỏ,đậptétmỏ,1,8,0
khoác lác,khoáclác,1,8,0
sai khiến,saikhiến,1,8,0
unfollow,unfollow,1,8,0
thằng vẹo,thằngvẹo,1,8,0
đếch thèm,đếchthèm,1,8,0
thông ass,thôngass,1,8,0
bọn nghèo,bọnnghèo,1,8,0
dựng lông,dựnglông,1,8,1
thanglon,thanglon,1,8,0
benh chet,benhchet,1,8,0
bẩn thiểu,bẩnthiểu,1,8,0
chúng tao,chúngtao,1,8,0
kinh bỏ mẹ,kinhbỏmẹ,1,8,0
lảng vảng,lảngvảng,1,8,0
bầu cử giả,bầucửgiả,1,8,0
khịa vãi l,khịavãil,1,8,0
biết cc gì,biếtccgì,1,8,1
mã bố nhà m,mãbốnhàm,1,8,0
buồn cười,buồncười,1,8,2
ỉa vào mặt,ỉavàomặt,1,8,0
thang lol,thanglol,1,8,0
con đi gia,conđigia,1,8,0
ớn cả lạnh,ớncảlạnh,1,8,0
rảnh háng,rảnhháng,1,8,1
chết thay,chếtthay,1,8,0
lo ăn chơi,loănchơi,1,8,0
bo tay . com,botaycom,1,8,0
bao cao su,baocaosu,1,8,1
lũ bất tài,lũbấttài,1,8,0
bẩn miệng,bẩnmiệng,1,8,0
ngu như bò,ngunhưbò,1,8,1
dễ như phò,dễnhưphò,1,8,0
loạn luan,loạnluan,1,8,0
nhãi ranh,nhãiranh,1,8,0
hiếp zdam,hiếpzdam,1,8,0
ăn nói vậy,ănnóivậy,1,8,0
nguỵ biện,nguỵbiện,1,8,0
mỉa mai vc,mỉamaivc,1,8,0
đỵt mẹ đời,đỵtmẹđời,1,8,0
gian manh,gianmanh,1,8,0
con me gia,conmegia,1,8,0
dm cấm cãi,dmcấmcãi,1,8,0
bọn ăn bám,bọnănbám,1,8,0
rảnh hánh,rảnhhánh,1,8,0
bon cho ca,bonchoca,1,8,0
long hanh,longhanh,1,8,0
tien su no,tiensuno,1,8,0
con cụ mày,concụmày,1,8,0
nhạ ngọng,nhạngọng,1,8,0
chém chết,chémchết,1,8,0
bọn mọi rợ,bọnmọirợ,1,8,1
bon tu ban,bontuban,1,8,0
nó xạo lồn,nóxạolồn,1,8,0
đức chung,đứcchung,1,8,0
ý thức ncc @@,ýthứcncc,1,8,0
do van hoa,dovanhoa,1,8,0
cút mẹ mày,cútmẹmày,1,8,0
thiêu hủy,thiêuhủy,1,8,0
tắc trách,tắctrách,1,8,0
vẽ ra dự án,vẽradựán,1,8,0
chống chế,chốngchế,1,8,0
chung may,chungmay,1,8,0
bóng cười,bóngcười,1,8,0
lá chà bồn,láchàbồn,1,8,0
nhục quốc,nhụcquốc,1,8,0
đám cu vẹm,đámcuvẹm,1,8,0
kênh kiệu,kênhkiệu,1,8,0
bọ chưởng,bọchưởng,1,8,0
mua chuộc,muachuộc,1,8,0
nail culi,nailculi,1,8,0
dương vật,dươngvật,1,8,1
nó xàm lồn,nóxàmlồn,1,8,0
tổ sư màiiii,tổsưmàii,1,8,0
phắn cmmd,phắncmmd,1,8,0
bồng bềnh,bồngbềnh,1,8,0
tụi du côn,tụiducôn,1,8,0
mã cha mầy,mãchamầy,1,8,0
tống vô tù,tốngvôtù,1,8,0
nhuốm máu,nhuốmmáu,1,8,0
k biết đọc,kbiếtđọc,1,8,0
ngu vải ra,nguvảira,1,8,0
chết cmnl,chếtcmnl,1,8,0
thằng dốt,thằngdốt,1,8,0
rửa lỗ tai,rửalỗtai,1,8,0
chó ngoan,chóngoan,1,8,0
bồn kỳ lắc,bồnkỳlắc,1,8,0
con nhung,connhung,1,8,2
tg nhà quê,tgnhàquê,1,8,0
giong quy,giongquy,1,8,0
lung tung,lungtung,1,8,0
lũ hại dân,lũhạidân,1,8,0
kg tha thứ,kgthathứ,1,8,0
bà tụi bây,bàtụibây,1,8,0
việt plus,việtplus,1,8,0
chửi nhảm,chửinhảm,1,8,0
già mà ngu,giàmàngu,1,8,0
nhục nhục,nhụcnhục,1,8,0
đm nó nhục,đmnónhục,1,8,0
bu cat cho,bucatcho,1,8,0
có đi học k,cóđihọck,1,8,0
thằng nào,thằngnào,1,8,6
mất ý thức,mấtýthức,1,8,0
chết nhát,chếtnhát,1,8,0
nhồi nhét,nhồinhét,1,8,0
zô zăn hóa,zôzănhóa,1,8,0
quái thái,quáithái,1,8,0
tập cặn bã,tậpcặnbã,1,8,0
lương lẹo,lươnglẹo,1,8,1
ganh ghét,ganhghét,1,8,0
nhức nách,nhứcnách,1,8,0
lũ hút máu,lũhútmáu,1,8,0
nổ như chó,nổnhưchó,1,8,0
ăn vào mồm,ănvàomồm,1,8,0
mõm nó góm,mõmnógóm,1,8,0
giả tạo vl,giảtạovl,1,8,0
hoang dâm,hoangdâm,1,8,0
công công,côngcông,1,8,0
vãi cả lồn,vãicảlồn,1,8,0
mũi thì to,mũithìto,1,8,0
bị tẩy não,bịtẩynão,1,8,1
vi phạm pl,viphạmpl,1,8,0
phạm pháp,phạmpháp,1,8,0
ngậm buồi,ngậmbuồi,1,8,0
rách rưới,ráchrưới,1,8,0
ban thieu,banthieu,1,8,0
phẩn động,phẩnđộng,1,8,0
lũ ăn cướp,lũăncướp,1,8,0
bọn chó sư,bọnchósư,1,8,0
trắng mắt,trắngmắt,1,8,0
conchodi,conchodi,1,8,0
trốn trại,trốntrại,1,8,0
mày bú lồn,màybúlồn,1,8,0
an kg duoc,ankgduoc,1,8,0
lường gạt,lườnggạt,1,8,1
thông dâm,thôngdâm,1,8,0
thiển cận,thiểncận,1,8,0
nhét tiền,nhéttiền,1,8,0
ai mà thèm,aimàthèm,1,8,0
đánh nhau,đánhnhau,1,8,1
ông cố nội,ôngcốnội,1,8,1
đitconme,đitconme,1,8,1
bắn mịa nó,bắnmịanó,1,8,0
đậu rồi má,đậurồimá,1,8,0
dân bắc kỳ,dânbắckỳ,1,8,0
troi danh,troidanh,1,8,0
nước tiểu,nướctiểu,1,8,0
bèo khùng,bèokhùng,1,8,0
chửi càng,chửicàng,1,8,0
chó hoang,chóhoang,1,8,0
óc cứt vkl,óccứtvkl,1,8,0
hàng fake,hàngfake,1,8,1
ngu người,ngungười,1,8,0
nhố nhăng,nhốnhăng,1,8,0
loài ấuhồ,loàiấuhồ,1,8,0
tốt đẹp gì,tốtđẹpgì,1,8,0
chống phá,chốngphá,1,8,0
lũ súc vật,lũsúcvật,1,8,1
ung thư da,ungthưda,1,8,0
chia chát,chiachát,1,8,0
cây vô đầu,câyvôđầu,1,8,0
bắc kỳ con,bắckỳcon,1,8,0
long lone,longlone,1,8,0
bọn ba que,bọnbaque,1,8,0
giết chết,giếtchết,1,8,0
tao khinh,taokhinh,1,8,0
bạo quyền,bạoquyền,1,8,0
lòn má mày,lònmámày,1,8,0
vào rừng ở,vàorừngở,1,8,0
"thằng "" nát",thằngnát,1,8,0
tuột quần,tuộtquần,1,8,0
bơm ma túy,bơmmatúy,1,8,0
bọn cặn bả,bọncặnbả,1,8,0
câm mẹ mồm,câmmẹmồm,1,8,0
thằng này,thằngnày,1,8,4
quy khung,quykhung,1,8,0
mấy con đĩ,mấyconđĩ,1,8,0
tông chết,tôngchết,1,8,0
mồ xanh cỏ,mồxanhcỏ,1,8,0
lz ma no do,lzmanodo,1,8,0
cl bị sình,clbịsình,1,8,0
đek thông,đekthông,1,8,0
chết trùm,chếttrùm,1,8,0
nghèo khổ,nghèokhổ,1,8,0
banh hang,banhhang,1,8,0
thò chắng,thòchắng,1,8,0
ác nghiệp,ácnghiệp,1,8,0
tuổi buồi,tuổibuồi,1,8,0
ý thức kém,ýthứckém,1,8,0
thang ngu,thangngu,1,8,0
bệnh quạn,bệnhquạn,1,8,0
bò nhai cỏ,bònhaicỏ,1,8,0
thăng đần,thăngđần,1,8,0
do suc vat,dosucvat,1,8,0
chúng nó,chúngnó,48,7,24
thối nát,thốinát,12,7,3
trẻ trâu,trẻtrâu,12,7,5
con bóng,conbóng,11,7,2
bán nước,bánnước,10,7,3
quần què,quầnquè,9,7,5
tâm thần,tâmthần,9,7,6
khốn nạn,khốnnạn,8,7,2
con điên,conđiên,6,7,6
tàu cộng,tàucộng,6,7,1
giang hồ,gianghồ,6,7,2
khủng bố,khủngbố,6,7,1
im mẹ mồm,immẹmồm,5,7,0
đầu buồi,đầubuồi,5,7,2
tàu khựa,tàukhựa,5,7,2
bóng già,bónggià,4,7,1
bất chấp,bấtchấp,4,7,1
đạo nhái,đạonhái,4,7,1
phá hoại,pháhoại,4,7,1
bụng phệ,bụngphệ,4,7,1
câu like,câulike,4,7,2
trơ trẽn,trơtrẽn,3,7,0
chó vàng,chóvàng,3,7,3
bọn khựa,bọnkhựa,3,7,0
nhục mặt,nhụcmặt,3,7,0
hiếp dâm,hiếpdâm,3,7,2
nằm vùng,nằmvùng,3,7,2
nhai lại,nhailại,3,7,1
con mẹ nó,conmẹnó,3,7,3
gian dối,giandối,3,7,0
thể loại,thểloại,3,7,1
lũ mọi rợ,lũmọirợ,3,7,0
ảo tưởng,ảotưởng,3,7,1
chửi bậy,chửibậy,3,7,2
khóc lóc,khóclóc,3,7,1
đầu thai,đầuthai,2,7,1
nông nỗi,nôngnỗi,2,7,0
cú có gai,cúcógai,2,7,0
tục tiểu,tụctiểu,2,7,1
già mà dơ,giàmàdơ,2,7,0
chết mịa,chếtmịa,2,7,0
đội quần,độiquần,2,7,0
bốc phốt,bốcphốt,2,7,0
bóng gió,bónggió,2,7,0
con cờ hó,concờhó,2,7,1
con như m,connhưm,2,7,0
chơi gái,chơigái,2,7,0
đách lồn,đáchlồn,2,7,0
lợi dụng,lợidụng,2,7,1
đồ khùng,đồkhùng,2,7,0
thôn...làm,thônlàm,2,7,2
khai trừ,khaitrừ,2,7,0
ranh con,ranhcon,2,7,0
vô duyên,vôduyên,2,7,0
láo toét,láotoét,2,7,0
bôi trơn,bôitrơn,2,7,0
trục lợi,trụclợi,2,7,0
đầu ngắn,đầungắn,2,7,0
búa liềm,búaliềm,2,7,3
tụt quần,tụtquần,2,7,0
chùi lol,chùilol,2,7,0
lưu manh,lưumanh,2,7,3
hán gian,hángian,2,7,0
khon nan,khonnan,2,7,0
đám bò đỏ,đámbòđỏ,2,7,1
đánh sập,đánhsập,2,7,0
chết đói,chếtđói,2,7,0
tầu cộng,tầucộng,2,7,0
bọn cướp,bọncướp,2,7,0
cướp bóc,cướpbóc,2,7,0
khoá mõm,khoámõm,2,7,2
ngu muội,ngumuội,2,7,1
con bò đỏ,conbòđỏ,2,7,2
tuổi lồn,tuổilồn,2,7,0
chất độc,chấtđộc,2,7,0
đuỵt mọe,đuỵtmọe,2,7,0
tẩy chai,tẩychai,2,7,0
đánh bom,đánhbom,2,7,0
đéo chết,đéochết,2,7,1
cơm sườn,cơmsườn,2,7,0
thằng ad,thằngad,2,7,11
chó rách,chórách,2,7,0
động dục,độngdục,2,7,0
vãi bướm,vãibướm,1,7,0
tiêu cực,tiêucực,1,7,0
đụmámài,đụmámài,1,7,0
thảm hoạ,thảmhoạ,1,7,0
khủng mẹ,khủngmẹ,1,7,0
thốn đcđ,thốnđcđ,1,7,0
bợ đít cs,bợđítcs,1,7,0
lật lộng,lậtlộng,1,7,0
bong gia,bonggia,1,7,1
nhảm lol,nhảmlol,1,7,0
kẻ tồi tệ,kẻtồitệ,1,7,0
làm nail,làmnail,1,7,1
bạo hành,bạohành,1,7,0
lạm dụng,lạmdụng,1,7,0
mả cụ mày,mảcụmày,1,7,0
ngứa mắt,ngứamắt,1,7,0
ngái dứa,ngáidứa,1,7,0
miệt thị,miệtthị,1,7,0
riêu rao,riêurao,1,7,0
hãm lone,hãmlone,1,7,0
rẫy chết,rẫychết,1,7,0
xiaolin,xiaolin,1,7,0
ngực lép,ngựclép,1,7,0
thủ đoạn,thủđoạn,1,7,2
xứ sở lừa,xứsởlừa,1,7,0
bục ruột,bụcruột,1,7,0
thúi nát,thúinát,1,7,0
chực cắn,chựccắn,1,7,0
do khung,dokhung,1,7,0
đ*t con mẹ,đtconmẹ,1,7,0
quần đùi,quầnđùi,1,7,0
ngựa loz,ngựaloz,1,7,0
xúc phạm,xúcphạm,1,7,2
linh cẩu,linhcẩu,1,7,1
chẳng ưa,chẳngưa,1,7,0
chó điên,chóđiên,1,7,0
lưư manh,lưưmanh,1,7,0
alibaba,alibaba,1,7,0
trộm cắp,trộmcắp,1,7,0
lũ óc chó,lũócchó,1,7,0
tài lanh,tàilanh,1,7,0
nước đái,nướcđái,1,7,1
""" tài giỏi""",tàigiỏi,1,7,0
việt tân,việttân,1,7,2
láo phét,láophét,1,7,1
bóp lồnn,bóplồnn,1,7,0
tau khửa,taukhửa,1,7,0
tet mo nó,tetmonó,1,7,0
bắt giam,bắtgiam,1,7,0
bo` cho' do,bochodo,1,7,0
nham nhi,nhamnhi,1,7,0
đám giặc,đámgiặc,1,7,0
lông lon,lônglon,1,7,0
thằng bd,thằngbd,1,7,0
tam than,tamthan,1,7,1
chết cdm,chếtcdm,1,7,2
thằng ml,thằngml,1,7,0
hết thời,hếtthời,1,7,0
vớ vẩn vl,vớvẩnvl,1,7,0
lâm thồn,lâmthồn,1,7,0
chả thèm,chảthèm,1,7,0
nước bọt,nướcbọt,1,7,0
chết cha,chếtcha,1,7,0
n loạn vl,nloạnvl,1,7,0
hàn xẻng,hànxẻng,1,7,0
bắn chết,bắnchết,1,7,2
lũ cặn bả,lũcặnbả,1,7,0
mập thây,mậpthây,1,7,0
yeu sach,yeusach,1,7,0
chui rua,chuirua,1,7,0
rác rưởi,rácrưởi,1,7,0
gian dâm,giandâm,1,7,0
lão phét,lãophét,1,7,0
thang ml,thangml,1,7,0
hung hãn,hunghãn,1,7,0
tiền bẩn,tiềnbẩn,1,7,0
gào thét,gàothét,1,7,0
m cắn càn,mcắncàn,1,7,0
thấy ghê,thấyghê,1,7,1
núp bóng,núpbóng,1,7,0
chứ tu gì,chứtugì,1,7,0
cắn răng,cắnrăng,1,7,0
thò thụt,thòthụt,1,7,0
chết sớm,chếtsớm,1,7,2
nhục nhã,nhụcnhã,1,7,4
nhật bổn,nhậtbổn,1,7,1
nghẹo cổ,nghẹocổ,1,7,0
tên khốn,tênkhốn,1,7,0
nỗi nhục,nỗinhục,1,7,0
vô ý thức,vôýthức,1,7,1
chửi ngu,chửingu,1,7,0
vang xin,vangxin,1,7,0
con điếm,conđiếm,1,7,1
rau sạch,rausạch,1,7,0
lệch lạc,lệchlạc,1,7,2
giết hại,giếthại,1,7,0
đậu xanh,đậuxanh,1,7,0
quần lót,quầnlót,1,7,0
tôi ngay,tôingay,1,7,0
thất học,thấthọc,1,7,0
lu virut,luvirut,1,7,0
lịt mẹ nó,lịtmẹnó,1,7,0
xaolonnnnnnnnn,xaolonn,1,7,0
vailunnn,vailunn,1,7,0
giả danh,giảdanh,1,7,0
pản động,pảnđộng,1,7,0
cụp đuôi,cụpđuôi,1,7,0
chửi tục,chửitục,1,7,1
đéo rảnh,đéorảnh,1,7,0
lai lưng,lailưng,1,7,0
láo nháo,láonháo,1,7,0
giết oan,giếtoan,1,7,0
fuckboi,fuckboi,1,7,0
nhảm cứt,nhảmcứt,1,7,0
lồn trâu,lồntrâu,1,7,1
phơi xác,phơixác,1,7,0
lôn va nô,lônvanô,1,7,0
bon bê đê,bonbêđê,1,7,0
cho khug,chokhug,1,7,0
căn buôi,cănbuôi,1,7,0
thằng cc,thằngcc,1,7,0
ban nuoc,bannuoc,1,7,0
mom thui,momthui,1,7,0
càn quét,cànquét,1,7,0
ông họ hồ,ônghọhồ,1,7,0
cồng đầu,cồngđầu,1,7,1
chồn lùi,chồnlùi,1,7,0
lòi phèo,lòiphèo,1,7,0
nốn lừng,nốnlừng,1,7,0
miệng hô,miệnghô,1,7,0
tụt mẹ nó,tụtmẹnó,1,7,0
ngáo đét,ngáođét,1,7,0
giải toả,giảitoả,1,7,0
dot phao,dotphao,1,7,0
cái âm hộ,cáiâmhộ,1,7,0
bị mất ví,bịmấtví,1,7,0
yêu đảng,yêuđảng,1,7,0
mẫu quốc,mẫuquốc,1,7,1
kho ua va,khouava,1,7,0
xạo lồng,xạolồng,1,7,1
nổ và láo,nổvàláo,1,7,0
kon mẹ nó,konmẹnó,1,7,0
rút ruột,rútruột,1,7,0
ở chuồng,ởchuồng,1,7,0
diễu cợt,diễucợt,1,7,0
bẩn bỏ mẹ,bẩnbỏmẹ,1,7,0
tôi ngày,tôingày,1,7,0
gian lận,gianlận,1,7,0
chửi sml,chửisml,1,7,0
chặt cuu,chặtcuu,1,7,0
chim lợn,chimlợn,1,7,0
loạn lạc,loạnlạc,1,7,0
busss cuuu,busscuu,1,7,0
lao phét,laophét,1,7,0
não ngắn,nãongắn,1,7,0
xàm lồng,xàmlồng,1,7,0
bị dờ gáy,bịdờgáy,1,7,0
đá dập mu,đádậpmu,1,7,0
k có tuổi,kcótuổi,1,7,0
đám chết,đámchết,1,7,0
nhảm nhí,nhảmnhí,1,7,0
con đĩ mẹ,conđĩmẹ,1,7,2
cười đểu,cườiđểu,1,7,0
con hàng,conhàng,1,7,0
đu ma may,đumamay,1,7,0
câm họng,câmhọng,1,7,0
chó phèn,chóphèn,1,7,0
liếm cứt,liếmcứt,1,7,0
tham lam,thamlam,1,7,1
ham tiên,hamtiên,1,7,0
ngoáy đồ,ngoáyđồ,1,7,0
xé xác nó,xéxácnó,1,7,0
sợ tụt lờ,sợtụtlờ,1,7,0
lon trau,lontrau,1,7,0
đểu cáng,đểucáng,1,7,0
chết mẹ t,chếtmẹt,1,7,0
chem' gio,chemgio,1,7,2
nông cạn,nôngcạn,1,7,0
mặt thộn,mặtthộn,1,7,0
lảm nhảm,lảmnhảm,1,7,0
cứt choá,cứtchoá,1,7,0
nứng lòn,nứnglòn,1,7,0
ngu xuẩn,nguxuẩn,1,7,1
cao lông,caolông,1,7,0
suc phạm,sucphạm,1,7,0
lưu vong,lưuvong,1,7,1
me may du,memaydu,1,7,0
tạm giam,tạmgiam,1,7,0
"""chịch dở""",chịchdở,1,7,0
nhũn não,nhũnnão,1,7,0
cục phân,cụcphân,1,7,0
khôn dại,khôndại,1,7,0
con giặc,congiặc,1,7,0
trút moẹ,trútmoẹ,1,7,0
thang cc,thangcc,1,7,0
vailone,vailone,1,7,0
vặt lông,vặtlông,1,7,0
hách lối,háchlối,1,7,0
tuổi lon,tuổilon,1,7,0
phét lác,phétlác,1,7,0
kinh tom,kinhtom,1,7,0
óc chó vl,ócchóvl,1,7,0
cái thần,cáithần,1,7,0
khóa mõm,khóamõm,1,7,0
bong khg,bongkhg,1,7,0
đéo cayy,đéocayy,1,7,0
ca sĩ câm,casĩcâm,1,7,0
bốc phân,bốcphân,1,7,0
nhảm loz,nhảmloz,1,7,0
con bò nó,conbònó,1,7,0
phạm tội,phạmtội,1,7,0
nung lon,nunglon,1,7,0
hiep’ dam,hiepdam,1,7,0
sát nhân,sátnhân,1,7,0
máu lạnh,máulạnh,1,7,1
thằng ca,thằngca,1,7,0
đánh bẫy,đánhbẫy,1,7,0
thẩm quy,thẩmquy,1,7,0
đou mẹ nó,đoumẹnó,1,7,0
luu vong,luuvong,1,7,0
tàn nhẫn,tànnhẫn,1,7,0
mồm thối,mồmthối,1,7,0
các thím,cácthím,1,7,0
nhai lai,nhailai,1,7,0
đô khùng,đôkhùng,1,7,0
địt thúi,địtthúi,1,7,0
bóng lộn,bónglộn,1,7,0
xạo lozzz,xạolozz,1,7,0
ch!ch phê,chchphê,1,7,0
ngu ngoc,ngungoc,1,7,1
tre trau,tretrau,1,7,0
tuổi cẹc,tuổicẹc,1,7,0
rạp xiếc,rạpxiếc,1,7,0
cún vàng,cúnvàng,1,7,0
tiến bịp,tiếnbịp,1,7,0
xuong lô,xuonglô,1,7,0
trụy lạc,trụylạc,1,7,0
con khác,conkhác,1,7,0
nhảm lồn,nhảmlồn,1,7,0
vaicutt,vaicutt,1,7,0
con đy me,conđyme,1,7,0
nhân quả,nhânquả,1,7,0
chửi mắn,chửimắn,1,7,0
cán dọng,cándọng,1,7,0
ngây ngô,ngâyngô,1,7,0
khờ khạo,khờkhạo,1,7,0
sát chết,sátchết,1,7,0
cứt kiếc,cứtkiếc,1,7,0
chui lon,chuilon,1,7,0
gãy răng,gãyrăng,1,7,0
lông loz,lôngloz,1,7,0
gớm giết,gớmgiết,1,7,0
có não kg,cónãokg,1,7,0
xứ bắc hà,xứbắchà,1,7,0
quê vlin,quêvlin,1,7,0
du ma may,dumamay,1,7,1
phè phỡn,phèphỡn,1,7,0
lũ bợ đít,lũbợđít,1,7,0
con bệnh,conbệnh,1,7,0
tẩy chay,tẩychay,1,7,1
khinh ng,khinhng,1,7,0
chó giấy,chógiấy,1,7,0
vét máng,vétmáng,1,7,0
fuck you,fuckyou,1,7,0
bọn 3 que,bọn3que,1,7,1
rãnh đít,rãnhđít,1,7,0
thúi rùm,thúirùm,1,7,0
du me may,dumemay,1,7,0
khó nghe,khónghe,1,7,0
dài dòng,dàidòng,1,7,0
thằng hl,thằnghl,1,7,0
thằng xl,thằngxl,1,7,0
lòi họng,lòihọng,1,7,0
duconme,duconme,1,7,0
liếm đít,liếmđít,1,7,0
chửi lộn,chửilộn,1,7,0
biến thá,biếnthá,1,7,0
chửi láo,chửiláo,1,7,0
mày chửi,màychửi,1,7,2
đáng đời,đángđời,1,7,0
chửi bới,chửibới,1,7,2
kinh tởm,kinhtởm,1,7,1
đánh đập,đánhđập,1,7,0
chế giễu,chếgiễu,1,7,0
trọng lú,trọnglú,1,7,0
hãm loll,hãmloll,1,7,0
a bụng bự,abụngbự,1,7,1
thối lồn,thốilồn,1,7,0
múa phím,múaphím,1,7,0
chết mất,chếtmất,1,7,0
giẻ rách,giẻrách,1,7,0
chỉ điểm,chỉđiểm,1,7,0
bàn thời,bànthời,1,7,0
bon dien,bondien,1,7,0
kệ mẹ lồi,kệmẹlồi,1,7,0
xạo xược,xạoxược,1,7,0
vô nghiã,vônghiã,1,7,0
đái ngồi,đáingồi,1,7,0
hàng dởm,hàngdởm,1,7,0
concard,concard,1,7,0
phat lac,phatlac,1,7,0
khinh bỉ,khinhbỉ,1,7,0
mất nước,mấtnước,1,7,0
diễn hài,diễnhài,1,7,2
văng tục,văngtục,1,7,0
thất đức,thấtđức,1,7,0
mấy đứa 3///,mấyđứa3,1,7,0
bạo loạn,bạoloạn,1,7,0
bi nhũng,binhũng,1,7,0
con đien,conđien,1,7,0
đồ. do. bán,đồdobán,1,7,0
bọn ngu 3///,bọnngu3,1,7,0
xác chết,xácchết,1,7,0
sống bẩn,sốngbẩn,1,7,0
đoản hậu,đoảnhậu,1,7,0
chet moe,chetmoe,1,7,0
khó ưa vc,khóưavc,1,7,0
chế độ vc,chếđộvc,1,7,0
vãi nhồn,vãinhồn,1,7,0
loại mày,loạimày,1,7,1
cẩu quan,cẩuquan,1,7,0
ngu ngục,ngungục,1,7,0
vải lông,vảilông,1,7,0
địa ngục,địangục,1,7,0
ngây thơ,ngâythơ,1,7,0
mạnh mồm,mạnhmồm,1,7,0
lươn lẹo,lươnlẹo,1,7,0
chuì lol,chuìlol,1,7,0
lũ vô học,lũvôhọc,1,7,0
thứ điên,thứđiên,1,7,0
nói toẹt,nóitoẹt,1,7,0
bê đê vcl,bêđêvcl,1,7,0
xích chó,xíchchó,1,7,0
kệ cha nó,kệchanó,1,7,0
nực cười,nựccười,1,7,0
sống lỗi,sốnglỗi,1,7,0
mẹ tụi nó,mẹtụinó,1,7,2
lấp liếm,lấpliếm,1,7,0
xamlone,xamlone,1,7,0
búa liêm,búaliêm,1,7,0
tổ cha nó,tổchanó,1,7,0
tịch thu,tịchthu,1,7,0
buồn nôn,buồnnôn,1,7,0
nham lôn,nhamlôn,1,7,0
chó nhập,chónhập,1,7,0
loại này,loạinày,1,7,0
cam sung,camsung,1,7,0
dislike,dislike,1,7,1
dit cmcm,ditcmcm,1,7,0
lầm than,lầmthan,1,7,0
bất hạnh,bấthạnh,1,7,0
khỉ rừng,khỉrừng,1,7,0
hèn bỏ mẹ,hènbỏmẹ,1,7,0
trẩu tre,trẩutre,1,7,0
lũ sâu bọ,lũsâubọ,1,7,1
chó chết,chóchết,1,7,0
diệt tận,diệttận,1,7,0
nông cản,nôngcản,1,7,0
chinazi,chinazi,1,7,0
rác thải,rácthải,1,7,0
chặt đất,chặtđất,1,7,0
xạo lồn,xạolồn,24,6,2
con chó,conchó,20,6,9
mất dạy,mấtdạy,15,6,6
chết mẹ,chếtmẹ,13,6,3
xạo lol,xạolol,12,6,3
máu lồn,máulồn,11,6,0
tụi bây,tụibây,10,6,4
xàm lồn,xàmlồn,9,6,4
tao lao,taolao,9,6,0
con cặc,concặc,8,6,3
vãi lồn,vãilồn,8,6,4
xàm lol,xàmlol,8,6,0
tử hình,tửhình,7,6,2
tào lao,tàolao,7,6,4
mat day,matday,7,6,2
dân đen,dânđen,7,6,1
vailon,vailon,7,6,4
ngu dốt,ngudốt,6,6,1
súc vật,súcvật,6,6,2
giả tạo,giảtạo,6,6,1
chó hùa,chóhùa,6,6,0
chúng m,chúngm,6,6,5
sao lon,saolon,5,6,1
nghiệp,nghiệp,5,6,10
quả báo,quảbáo,5,6,1
vãi lol,vãilol,4,6,1
địt mẹ m,địtmẹm,4,6,0
xaolol,xaolol,4,6,0
xạo loz,xạoloz,4,6,1
tự nhục,tựnhục,4,6,1
ngáo đá,ngáođá,4,6,0
mat dai,matdai,4,6,3
tụi mày,tụimày,4,6,4
con cac,concac,4,6,0
vô dụng,vôdụng,4,6,0
nhồi sọ,nhồisọ,4,6,2
bọn chó,bọnchó,4,6,5
lạc hậu,lạchậu,4,6,1
thủ dâm,thủdâm,4,6,0
bưng bô,bưngbô,4,6,2
ngao da,ngaoda,3,6,0
tụi tao,tụitao,3,6,1
ông nội,ôngnội,3,6,1
đầu bùi,đầubùi,3,6,0
xamlol,xamlol,3,6,1
bóng dơ,bóngdơ,3,6,0
con quỷ,conquỷ,3,6,3
độc tài,độctài,3,6,3
ngu vcl,nguvcl,3,6,0
vãi nồi,vãinồi,3,6,0
ăn cướp,ăncướp,3,6,5
vãi loz,vãiloz,3,6,1
vãi đái,vãiđái,3,6,1
đu càng,đucàng,3,6,4
sạo lồn,sạolồn,3,6,2
sạo lol,sạolol,3,6,0
xao lon,xaolon,3,6,1
con ngu,conngu,3,6,0
bọn mày,bọnmày,3,6,2
tay sai,taysai,3,6,0
câm mồm,câmmồm,3,6,0
vãi lon,vãilon,3,6,1
con rối,conrối,2,6,0
la liếm,laliếm,2,6,0
chê bai,chêbai,2,6,1
bóc lột,bóclột,2,6,3
lũ ngợm,lũngợm,2,6,0
ghê tởm,ghêtởm,2,6,1
cái lồn,cáilồn,2,6,11
con gia,congia,2,6,0
con mẹ m,conmẹm,2,6,0
bọn tao,bọntao,2,6,1
tấu hài,tấuhài,2,6,3
gian ác,gianác,2,6,0
đút lót,đútlót,2,6,1
xàm loz,xàmloz,2,6,1
ác khẩu,áckhẩu,2,6,0
lồn què,lồnquè,2,6,0
bọn ngu,bọnngu,2,6,2
ngu học,nguhọc,2,6,0
mất dậy,mấtdậy,2,6,1
cà chớn,càchớn,2,6,0
con nay,connay,2,6,4
lua dao,luadao,2,6,0
sửu nhi,sửunhi,2,6,0
hổn láo,hổnláo,2,6,0
bọn dlv,bọndlv,2,6,0
bọn cẩu,bọncẩu,2,6,0
suc vat,sucvat,2,6,0
máu lol,máulol,2,6,0
assmin,assmin,2,6,1
ăn tiền,ăntiền,2,6,1
xả súng,xảsúng,2,6,0
não chó,nãochó,2,6,3
ăn chia,ănchia,2,6,0
ngu lồn,ngulồn,2,6,0
quần xì,quầnxì,2,6,0
mả bố nó,mảbốnó,2,6,0
lừa đảo,lừađảo,2,6,4
tàn độc,tànđộc,2,6,0
chết me,chếtme,2,6,0
vịt lam,vịtlam,2,6,0
cháu bò,cháubò,2,6,0
tẩy não,tẩynão,2,6,0
mõm chó,mõmchó,2,6,0
cục cức,cụccức,2,6,0
con nầy,connầy,2,6,0
tai nạn,tainạn,2,6,2
mất nết,mấtnết,2,6,1
soi mói,soimói,2,6,1
xộn lào,xộnlào,2,6,1
đặt mìn,đặtmìn,2,6,0
tục tĩu,tụctĩu,2,6,0
ung thư,ungthư,2,6,4
con. quy,conquy,2,6,1
báo đời,báođời,2,6,0
sam lon,samlon,2,6,0
bạo lực,bạolực,1,6,1
th điên,thđiên,1,6,0
mắc dại,mắcdại,1,6,0
quy lay,quylay,1,6,0
vãi lìn,vãilìn,1,6,1
săm trổ,sămtrổ,1,6,0
mua hoạ,muahoạ,1,6,0
bao che,baoche,1,6,0
bon tao,bontao,1,6,0
vl fake,vlfake,1,6,0
mẹ kiếp,mẹkiếp,1,6,0
cắn bậy,cắnbậy,1,6,0
mồm mày,mồmmày,1,6,1
con cật,concật,1,6,0
lốn màu,lốnmàu,1,6,0
nghi án,nghián,1,6,0
mị nhau,mịnhau,1,6,1
giả sửa,giảsửa,1,6,0
nhà quê,nhàquê,1,6,1
mõm mày,mõmmày,1,6,0
chet me,chetme,1,6,1
chung m,chungm,1,6,0
lão già,lãogià,1,6,1
đốt nhà,đốtnhà,1,6,1
xù lông,xùlông,1,6,0
lừa dối,lừadối,1,6,0
nhảm vl,nhảmvl,1,6,0
lon ma m,lonmam,1,6,0
hành hạ,hànhhạ,1,6,0
đảng nô,đảngnô,1,6,0
toanggg,toangg,1,6,0
hầm cầu,hầmcầu,1,6,1
stupid,stupid,1,6,0
bóng lộ,bónglộ,1,6,0
con mái,conmái,1,6,0
con này,connày,1,6,14
che mắt,chemắt,1,6,0
cục cứt,cụccứt,1,6,0
ngu lol,ngulol,1,6,0
vai lin,vailin,1,6,1
im cmnm,imcmnm,1,6,0
hỗn láo,hỗnláo,1,6,0
sâu mọt,sâumọt,1,6,0
đầu bồi,đầubồi,1,6,0
buồn ỉa,buồnỉa,1,6,0
đập nát,đậpnát,1,6,0
lũ cướp,lũcướp,1,6,0
nắm đầu,nắmđầu,1,6,0
bu càng,bucàng,1,6,0
dối trá,dốitrá,1,6,0
câm mõm,câmmõm,1,6,0
lăng mạ,lăngmạ,1,6,0
bắc hàn,bắchàn,1,6,0
nhà xác,nhàxác,1,6,0
mặt con,mặtcon,1,6,1
nó chửi,nóchửi,1,6,6
xúc vật,xúcvật,1,6,0
thủ lợi,thủlợi,1,6,0
chủ tịt,chủtịt,1,6,1
lũ điên,lũđiên,1,6,1
cu để bú,cuđểbú,1,6,0
chia rẻ,chiarẻ,1,6,0
gïa tąo,gïatąo,1,6,1
xạo lon,xạolon,1,6,0
vô thần,vôthần,1,6,0
vàbg mã,vàbgmã,1,6,0
thứ ngu,thứngu,1,6,1
dái chó,dáichó,1,6,0
phân bò,phânbò,1,6,0
mất dại,mấtdại,1,6,0
nỗ banh,nỗbanh,1,6,0
ghê vãi,ghêvãi,1,6,0
bạo dâm,bạodâm,1,6,0
địa phủ,địaphủ,1,6,1
giật đồ,giậtđồ,1,6,0
sản sủa,sảnsủa,1,6,0
mõm lồn,mõmlồn,1,6,0
cgai mẹ,cgaimẹ,1,6,0
chó sủa,chósủa,1,6,0
bạo lưc,bạolưc,1,6,0
bốc cứt,bốccứt,1,6,0
cái bài,cáibài,1,6,0
bán dâm,bándâm,1,6,0
vịt nôm,vịtnôm,1,6,0
loz què̉,lozquè,1,6,0
hại dân,hạidân,1,6,0
đéo đâu,đéođâu,1,6,1
con cho,concho,1,6,3
hậm hực,hậmhực,1,6,0
đầu cha,đầucha,1,6,0
choi da,choida,1,6,0
gian tà,giantà,1,6,0
thu vat,thuvat,1,6,0
chệt đỏ,chệtđỏ,1,6,0
doi kho,doikho,1,6,0
an chan,anchan,1,6,0
cút xéo,cútxéo,1,6,0
xấu vkl,xấuvkl,1,6,0
căt cho,cătcho,1,6,0
sao lôn,saolôn,1,6,1
lũ 3/// cccđ,lũ3ccđ,1,6,0
ũ 3/// sỏ lá,ũ3sỏlá,1,6,0
má dơ vl,mádơvl,1,6,0
bố m đéo,bốmđéo,1,6,0
con mày,conmày,1,6,0
bắt cóc,bắtcóc,1,6,0
cắm đầu,cắmđầu,1,6,0
đám quỹ,đámquỹ,1,6,0
lắc não,lắcnão,1,6,0
râu xồm,râuxồm,1,6,0
tởm vkl,tởmvkl,1,6,0
ghê gớm,ghêgớm,1,6,0
chóp bu,chópbu,1,6,0
chít mẹ,chítmẹ,1,6,0
xàm lòn,xàmlòn,1,6,0
hãm loz,hãmloz,1,6,0
xỉ nhục,xỉnhục,1,6,0
bệnh vl,bệnhvl,1,6,0
con cẩu,concẩu,1,6,0
bị đánh,bịđánh,1,6,0
bờ phẹc,bờphẹc,1,6,0
mất mặt,mấtmặt,1,6,0
ddjtme,ddjtme,1,6,0
dau kho,daukho,1,6,0
con thú,conthú,1,6,1
phỉ bág,phỉbág,1,6,0
buồi to,buồito,1,6,1
hù đánh,hùđánh,1,6,0
bọn tàu,bọntàu,1,6,0
tuổi lờ,tuổilờ,1,6,0
am binh,ambinh,1,6,0
đầu chó,đầuchó,1,6,0
bà nội m,bànộim,1,6,0
cơn sản,cơnsản,1,6,0
xàm chó,xàmchó,1,6,0
tự chết,tựchết,1,6,0
nói bậy,nóibậy,1,6,0
vãi lòn,vãilòn,1,6,2
mặt heo,mặtheo,1,6,1
lừa lộc,lừalộc,1,6,0
lưa đao,lưađao,1,6,0
môi dầy,môidầy,1,6,0
lóc cóc,lóccóc,1,6,0
tiên sư,tiênsư,1,6,2
ngu vkl,nguvkl,1,6,0
bú bóng,búbóng,1,6,0
hàn the,hànthe,1,6,0
suc vât,sucvât,1,6,0
chêt me,chêtme,1,6,0
bày đặc,bàyđặc,1,6,0
thag ml,thagml,1,6,0
chó đàn,chóđàn,1,6,0
dạy đời,dạyđời,1,6,0
ghê quá,ghêquá,1,6,1
sờ trym,sờtrym,1,6,1
phá hại,pháhại,1,6,0
bài đặt,bàiđặt,1,6,0
sủa bậy,sủabậy,1,6,2
chặn bố,chặnbố,1,6,0
sờ chim,sờchim,1,6,0
mù quán,mùquán,1,6,0
mặt dầy,mặtdầy,1,6,0
nhạt vl,nhạtvl,1,6,0
giết ng,giếtng,1,6,0
đám phá,đámphá,1,6,0
xam lom,xamlom,1,6,0
thú vật,thúvật,1,6,0
bien hô,bienhô,1,6,0
cha mày,chamày,1,6,0
chó sửa,chósửa,1,6,0
vãi lìu,vãilìu,1,6,0
già mồm,giàmồm,1,6,0
kệ mẹ nó,kệmẹnó,1,6,1
chợ búa,chợbúa,1,6,1
chửi xả,chửixả,1,6,0
mặt lồn,mặtlồn,1,6,0
cạn lời,cạnlời,1,6,0
bất tài,bấttài,1,6,0
ném cmn,némcmn,1,6,0
xảo trá,xảotrá,1,6,1
tàn bạo,tànbạo,1,6,0
lều báo,lềubáo,1,6,0
não cứt,nãocứt,1,6,0
lửa đốt,lửađốt,1,6,0
bố tổ sư,bốtổsư,1,6,1
già lẫn,giàlẫn,1,6,0
xạo lôz,xạolôz,1,6,0
ngôn lù,ngônlù,1,6,0
lỗ llon,lỗllon,1,6,0
san voi,sanvoi,1,6,0
con cặt,concặt,1,6,0
lůa đao,lůađao,1,6,0
mất day,mấtday,1,6,0
cái thứ,cáithứ,1,6,3
dân bắc,dânbắc,1,6,1
biến mẹ,biếnmẹ,1,6,0
boác hù,boáchù,1,6,0
cổ lổ sỉ,cổlổsỉ,1,6,0
can dit,candit,1,6,0
núp lùm,núplùm,1,6,1
thk đần,thkđần,1,6,0
ĩ khùng,ĩkhùng,1,6,0
ba bá dơ,babádơ,1,6,0
con quỹ,conquỹ,1,6,0
chơi dơ,chơidơ,1,6,0
báo hại,báohại,1,6,0
con cak,concak,1,6,1
loã thể,loãthể,1,6,0
biến đi,biếnđi,1,6,0
vịt tần,vịttần,1,6,0
tụi dlv,tụidlv,1,6,1
bớt xén,bớtxén,1,6,0
ngu vlllll,nguvll,1,6,0
1 con bò 🐂,1conbò,1,6,0
ăn thuế,ănthuế,1,6,0
dóc láo,dócláo,1,6,0
tui mày,tuimày,1,6,0
ngu dân,ngudân,1,6,0
bay dac,baydac,1,6,0
vaidai,vaidai,1,6,0
yếu sly,yếusly,1,6,0
hán hoá,hánhoá,1,6,0
dơ vler,dơvler,1,6,0
con hấp,conhấp,1,6,0
lao gia,laogia,1,6,0
cùi bắp,cùibắp,1,6,0
pónk dơ,pónkdơ,1,6,0
nói leo,nóileo,1,6,0
ngu vãi,nguvãi,1,6,2
chó -lũ 3///,chólũ3,1,6,0
cmt = não,cmtnão,1,6,0
xẻ thịt,xẻthịt,1,6,0
lú cmnr,lúcmnr,1,6,0
phắc ộp,phắcộp,1,6,0
đijt mẹ,đijtmẹ,1,6,0
vu khốg,vukhốg,1,6,0
đit lao,đitlao,1,6,0
mau lol,maulol,1,6,0
rau dền,raudền,1,6,0
cạn lợi,cạnlợi,1,6,0
hãm lồn,hãmlồn,1,6,0
nợ công,nợcông,1,6,0
lưa gat,lưagat,1,6,1
nó ngáp,nóngáp,1,6,0
nó chừa,nóchừa,1,6,0
hâm hết,hâmhết,1,6,0
chửi cm,chửicm,1,6,0
tổ trác,tổtrác,1,6,0
mày ngu,màyngu,1,6,0
dừa lòn,dừalòn,1,6,1
phá sản,phásản,1,6,0
đàn c hó,đànchó,1,6,0
cắn sủa,cắnsủa,1,6,0
đói khổ,đóikhổ,1,6,1
xạo khổ,xạokhổ,1,6,0
bới móc,bớimóc,1,6,0
hít bụi,hítbụi,1,6,0
bon nay,bonnay,1,6,0
láo lồn,láolồn,1,6,0
cút hết,cúthết,1,6,0
vailou,vailou,1,6,0
tụi bay,tụibay,1,6,3
hạn chế,hạnchế,1,6,2
gio ban,gioban,1,6,0
sục kẹc,sụckẹc,1,6,0
cai thứ,caithứ,1,6,0
tui bey,tuibey,1,6,0
weeboo,weeboo,1,6,0
si nhuc,sinhuc,1,6,0
bê đê mà,bêđêmà,1,6,0
mệt lòn 🙂,mệtlòn,1,6,0
cầm đầu,cầmđầu,1,6,0
cực chờ,cựcchờ,1,6,0
mom cho,momcho,1,6,0
già đâu,giàđâu,1,6,0
cấu kết,cấukết,1,6,0
táp cứt,tápcứt,1,6,0
con kẹc,conkẹc,1,6,0
dâm dục,dâmdục,1,6,0
giết bỏ,giếtbỏ,1,6,0
tàn sát,tànsát,1,6,0
compat,compat,1,6,0
vãi đớp,vãiđớp,1,6,0
qua bao,quabao,1,6,0
ngượng,ngượng,1,6,0
bóc cức,bóccức,1,6,0
hạ đẳng,hạđẳng,1,6,0
ho then,hothen,1,6,0
đáng sợ,đángsợ,1,6,1
"""doc tai""",doctai,1,6,0
thái lọ,tháilọ,1,6,0
ô nhiễm,ônhiễm,1,6,3
cuccut,cuccut,1,6,0
vang da,vangda,1,6,0
đút túi,đúttúi,1,6,1
rón dái,róndái,1,6,0
chó săn,chósăn,1,6,0
“ưu việt”,ưuviệt,1,6,0
cailoz,cailoz,1,6,1
ho boom,hoboom,1,6,0
nhà sản,nhàsản,1,6,0
ham cau,hamcau,1,6,0
tự kiêu,tựkiêu,1,6,1
bêu rếu,bêurếu,1,6,0
cứt chó,cứtchó,1,6,0
gắn não,gắnnão,1,6,0
đ c l c m m,đclcmm,1,6,0
lừa bịp,lừabịp,1,6,1
trẩu vc,trẩuvc,1,6,0
lũ nhảm,lũnhảm,1,6,0
hài vcl,hàivcl,1,6,1
giả dối,giảdối,1,6,0
đĩ mẹ nó,đĩmẹnó,1,6,0
than ôi,thanôi,1,6,1
nói xéo,nóixéo,1,6,0
gja tao,gjatao,1,6,0
lựu đạn,lựuđạn,1,6,0
bọn đấy,bọnđấy,1,6,0
tàn mồm,tànmồm,1,6,0
tk trẩu,tktrẩu,1,6,0
lew lew,lewlew,1,6,0
đậu móa,đậumóa,1,6,0
gặp họa,gặphọa,1,6,0
thô tục,thôtục,1,6,2
bat may,batmay,1,6,0
kém cỏi,kémcỏi,1,6,0
gãi ghẻ,gãighẻ,1,6,0
bọn cho,bọncho,1,6,0
qui cai,quicai,1,6,0
lua gat,luagat,1,6,0
xàm xàm,xàmxàm,1,6,0
cố chấp,cốchấp,1,6,0
thổ phỉ,thổphỉ,1,6,0
chọc mù,chọcmù,1,6,0
rẻ rách,rẻrách,1,6,1
mộng du,mộngdu,1,6,0
phế vật,phếvật,1,6,0
tan nat,tannat,1,6,0
loại bỏ,loạibỏ,1,6,0
sủa cmm,sủacmm,1,6,0
cục súc,cụcsúc,1,6,1
0 có học,0cóhọc,1,6,0
ém nhẹm,émnhẹm,1,6,0
đít vịt,đítvịt,1,6,0
batron,batron,1,6,0
rẻ tiền,rẻtiền,1,6,0
tục tằn,tụctằn,1,6,0
gõ phím,gõphím,1,6,0
chúg nó,chúgnó,1,6,0
tụi mầy,tụimầy,1,6,0
đéo húp,đéohúp,1,6,0
thg cho,thgcho,1,6,0
th cha m,thcham,1,6,0
cái bọn,cáibọn,1,6,1
lẩm cẩm,lẩmcẩm,1,6,0
đái tật,đáitật,1,6,0
hổn hào,hổnhào,1,6,0
họ nhà m,họnhàm,1,6,1
ma ranh,maranh,1,6,0
làm màu,làmmàu,1,6,0
đè chết,đèchết,1,6,0
cailon,cailon,1,6,2
ăn trộm,ăntrộm,1,6,1
vo vung,vovung,1,6,0
bú trên,bútrên,1,6,0
bú dưới,búdưới,1,6,0
mất xác,mấtxác,1,6,0
treo cổ,treocổ,1,6,1
ní nuận,nínuận,1,6,0
bọn tầu,bọntầu,1,6,0
sao lol,saolol,1,6,0
dân bẩn,dânbẩn,1,6,0
thù dai,thùdai,1,6,0
mấy đứa,mấyđứa,1,6,6
thăng l,thăngl,1,6,0
dốt nát,dốtnát,1,6,0
dẻo mồm,dẻomồm,1,6,0
sục cặc,sụccặc,1,6,1
âm binh,âmbinh,1,6,1
yếu kém,yếukém,1,6,2
bóng đỏ,bóngđỏ,1,6,0
não quá,nãoquá,1,6,0
dan den,danden,1,6,0
cách ly,cáchly,1,6,13
bà mẹ nó,bàmẹnó,1,6,0
dày xéo,dàyxéo,1,6,0
ông già,ônggià,1,6,8
4 đánh 6,4đánh6,1,6,0
đã kích,đãkích,1,6,0
đả kích,đảkích,1,6,0
ngu cmm,ngucmm,1,6,0
tàn phá,tànphá,1,6,2
bó nhan,bónhan,1,6,0
làm mầu,làmmầu,1,6,0
nói móc,nóimóc,1,6,0
mấy cái,mấycái,1,6,3
xả thải,xảthải,1,6,1
trả đũa,trảđũa,1,6,0
lm đéo j,lmđéoj,1,6,0
mat net,matnet,1,6,0
xam lok,xamlok,1,6,0
cắn càn,cắncàn,1,6,0
hút máu,hútmáu,1,6,3
ác mộng,ácmộng,1,6,2
tui bây,tuibây,1,6,0
ao giac,aogiac,1,6,0
lốp lái,lốplái,1,6,0
địt cụ m,địtcụm,1,6,1
bịa đặt,bịađặt,1,6,1
cức chó,cứcchó,1,6,1
chó sai,chósai,1,6,0
ngu ngu,ngungu,1,6,0
oán hận,oánhận,1,6,0
sống ảo,sốngảo,1,6,2
chết đỉ,chếtđỉ,1,6,0
cộng nô,cộngnô,1,6,0
nói xạo,nóixạo,1,6,0
ghen tị,ghentị,1,6,0
luu dan,luudan,1,6,0
như lon,nhưlon,1,6,1
địiiiiitttttttt,địiitt,1,6,0
nịnh bợ,nịnhbợ,1,6,0
ẳng ẳng,ẳngẳng,1,6,0
thằng,thằng,214,5,37
địt mẹ,địtmẹ,24,5,4
tụi nó,tụinó,23,5,8
óc chó,ócchó,21,5,1
khùng,khùng,20,5,8
chúng,chúng,19,5,23
khung,khung,17,5,5
con mẹ,conmẹ,12,5,3
bọn nó,bọnnó,11,5,7
con bò,conbò,9,5,6
lũ chó,lũchó,8,5,1
bắc kỳ,bắckỳ,8,5,2
bố láo,bốláo,7,5,3
chịch,chịch,6,5,5
vô học,vôhọc,6,5,2
con di,condi,6,5,4
thang,thang,6,5,4
ngu vl,nguvl,6,5,1
đàn áp,đànáp,6,5,3
toang,toang,6,5,10
mẹ mồm,mẹmồm,5,5,0
ấu dâm,ấudâm,5,5,0
con cu,concu,5,5,1
ba que,baque,5,5,1
cặn bã,cặnbã,5,5,4
ích kỷ,íchkỷ,4,5,0
thăng,thăng,4,5,6
con đĩ,conđĩ,4,5,2
bố mày,bốmày,4,5,3
địt cụ,địtcụ,4,5,0
khinh,khinh,4,5,3
sân si,sânsi,4,5,1
chưởi,chưởi,3,5,1
ăn bám,ănbám,3,5,2
con ml,conml,3,5,1
xử bắn,xửbắn,3,5,0
mọi rợ,mọirợ,3,5,0
chó đẻ,chóđẻ,3,5,0
ăn hôi,ănhôi,3,5,0
vớ vẩn,vớvẩn,3,5,2
tham ô,thamô,3,5,3
dlike,dlike,3,5,0
ditme,ditme,3,5,3
củ cặc,củcặc,3,5,1
bac ky,backy,3,5,1
ngu si,ngusi,3,5,3
hối lộ,hốilộ,3,5,4
lật đổ,lậtđổ,3,5,0
côn đồ,cônđồ,3,5,0
chó má,chómá,3,5,0
tàn ác,tànác,3,5,1
mẹ mày,mẹmày,3,5,3
ma tuý,matuý,3,5,0
óc cức,óccức,3,5,0
cô hồn,côhồn,3,5,0
đậu má,đậumá,3,5,1
con mụ,conmụ,2,5,2
con đỉ,conđỉ,2,5,1
dị ứng,dịứng,2,5,0
hạ cấp,hạcấp,2,5,0
hèn hạ,hènhạ,2,5,0
phang,phang,2,5,0
di cho,dicho,2,5,0
mị dân,mịdân,2,5,0
ám sát,ámsát,2,5,0
bọn vc,bọnvc,2,5,2
đoảng,đoảng,2,5,0
tội đồ,tộiđồ,2,5,0
lũ ngu,lũngu,2,5,1
đả đảo,đảđảo,2,5,0
vô đầu,vôđầu,2,5,0
kỳ thị,kỳthị,2,5,0
đầy tớ,đầytớ,2,5,0
ác quỷ,ácquỷ,2,5,1
dã man,dãman,2,5,0
xạo lz,xạolz,2,5,2
ki thị,kithị,2,5,0
chuoi,chuoi,2,5,1
dơ vcl,dơvcl,2,5,1
câm mẹ,câmmẹ,2,5,1
võ mồm,võmồm,2,5,0
láo cá,láocá,2,5,0
3/// xỏ lá,3xỏlá,2,5,0
oc cho,occho,2,5,0
chiếm,chiếm,2,5,7
sủa dơ,sủadơ,2,5,0
bác hù,báchù,2,5,0
bố đời,bốđời,2,5,0
ăn hại,ănhại,2,5,0
mả cha,mảcha,2,5,1
dở hơi,dởhơi,2,5,1
cuồng,cuồng,2,5,3
củ cải,củcải,2,5,0
lủ ngu,lủngu,2,5,1
lỗ đít,lỗđít,2,5,3
bắn bỏ,bắnbỏ,2,5,3
độc ác,độcác,2,5,0
đá phò,đáphò,2,5,0
ăn cắp,ăncắp,2,5,3
lồn má,lồnmá,2,5,0
xàm vl,xàmvl,2,5,0
vo van,vovan,1,5,0
bài ca,bàica,1,5,0
mất ói,mấtói,1,5,0
kệ cmn,kệcmn,1,5,0
xau ho,xauho,1,5,1
bợ đít,bợđít,1,5,1
ăn mài,ănmài,1,5,0
hề già,hềgià,1,5,0
djt mẹ,djtmẹ,1,5,0
to tát,totát,1,5,0
mộ noi,mộnoi,1,5,0
đm may,đmmay,1,5,0
im cmm,imcmm,1,5,1
vào tù,vàotù,1,5,1
nam kỳ,namkỳ,1,5,0
phanh,phanh,1,5,0
lên án,lênán,1,5,0
ke me m,kemem,1,5,0
cai lờ,cailờ,1,5,0
đú vcl,đúvcl,1,5,0
kệ cha,kệcha,1,5,0
ám ảnh,ámảnh,1,5,0
bợ dái,bợdái,1,5,0
sướng,sướng,1,5,1
đàn bà,đànbà,1,5,5
ném đá,némđá,1,5,0
khiep,khiep,1,5,0
rên rỉ,rênrỉ,1,5,0
"""bỏ ống""",bỏống,1,5,0
đệt mệ,đệtmệ,1,5,0
bắt bớ,bắtbớ,1,5,0
vãi lz,vãilz,1,5,0
lịt pẹ,lịtpẹ,1,5,0
dí lồn,dílồn,1,5,0
hán nô,hánnô,1,5,0
hô hào,hôhào,1,5,1
mẹ lồn,mẹlồn,1,5,0
ham hố,hamhố,1,5,0
óc vật,ócvật,1,5,0
lò tôn,lòtôn,1,5,1
trừng,trừng,1,5,2
mie nó,mienó,1,5,0
bóp dú,bópdú,1,5,0
xóc óc,xócóc,1,5,0
ăn hùa,ănhùa,1,5,0
baker,baker,1,5,0
ba chó,bachó,1,5,0
cm mày,cmmày,1,5,0
đjtme,đjtme,1,5,0
dí đái,díđái,1,5,0
dị hợm,dịhợm,1,5,0
đách l,đáchl,1,5,0
đá xéo,đáxéo,1,5,1
đéo mẹ,đéomẹ,1,5,2
tự vẫn,tựvẫn,1,5,0
đậu mạ,đậumạ,1,5,0
mọe nó,mọenó,1,5,0
mo lon,molon,1,5,0
an lon,anlon,1,5,0
dkm cs,dkmcs,1,5,0
mắc ói,mắcói,1,5,0
nghẹo,nghẹo,1,5,0
bọn đó,bọnđó,1,5,0
thàng,thàng,1,5,1
bắt ky,bắtky,1,5,0
ích kỉ,íchkỉ,1,5,0
vãi cả,vãicả,1,5,1
éo hỉu,éohỉu,1,5,0
vũ khí,vũkhí,1,5,1
bỉ bôi,bỉbôi,1,5,0
đấu đá,đấuđá,1,5,2
đm mày,đmmày,1,5,0
lol mẹ,lolmẹ,1,5,2
vẹo cổ,vẹocổ,1,5,0
vo hoc,vohoc,1,5,0
bág bổ,bágbổ,1,5,0
dơ dái,dơdái,1,5,1
an cuc,ancuc,1,5,0
áp bức,ápbức,1,5,0
củ loz,củloz,1,5,0
an ban,anban,1,5,0
dkm nó,dkmnó,1,5,0
con mu,conmu,1,5,0
ăn cứt,ăncứt,1,5,3
gáy to,gáyto,1,5,1
t m ngu,tmngu,1,5,0
bán rẻ,bánrẻ,1,5,0
sủa cc,sủacc,1,5,0
cái lũ,cáilũ,1,5,1
xóa sổ,xóasổ,1,5,0
tử hih,tửhih,1,5,0
"ăn,cuc",ăncuc,1,5,0
kon di,kondi,1,5,0
lay má,laymá,1,5,0
sūa cl,sūacl,1,5,0
mã cha,mãcha,1,5,0
bó tay,bótay,1,5,1
bóp cu,bópcu,1,5,1
đo ngu,đongu,1,5,0
vãi l*n,vãiln,1,5,0
vào lò,vàolò,1,5,0
khi du,khidu,1,5,0
con dĩ,condĩ,1,5,0
loz me,lozme,1,5,0
cô lập,côlập,1,5,0
tro he,trohe,1,5,0
mày to,màyto,1,5,0
con đỹ,conđỹ,1,5,0
đầu nó,đầunó,1,5,0
lòi óc,lòióc,1,5,0
trung +,trung,1,5,29
ta đây,tađây,1,5,0
te tua,tetua,1,5,0
lủ chó,lủchó,1,5,1
thú dữ,thúdữ,1,5,0
cm may,cmmay,1,5,0
xấu xí,xấuxí,1,5,0
im m* mồm,immồm,1,5,0
phụ hồ,phụhồ,1,5,0
vớ vét,vớvét,1,5,0
nản vl,nảnvl,1,5,0
chảnh,chảnh,1,5,0
mở mồm,mởmồm,1,5,4
me mom,memom,1,5,0
gạ địt,gạđịt,1,5,1
không,không,1,5,137
xạo l*n,xạoln,1,5,1
dịt mẹ,dịtmẹ,1,5,0
con mệ,conmệ,1,5,0
cái lờ,cáilờ,1,5,0
dừa lờ,dừalờ,1,5,0
ấu trĩ,ấutrĩ,1,5,0
thông,thông,1,5,21
con me,conme,1,5,0
tàu hũ,tàuhũ,1,5,0
bon no,bonno,1,5,0
đumoe,đumoe,1,5,0
ghê vl,ghêvl,1,5,1
mỏ lồn,mỏlồn,1,5,0
già vl,giàvl,1,5,0
ăn xin,ănxin,1,5,1
vơ vét,vơvét,1,5,3
xám xí,xámxí,1,5,0
đầu cơ,đầucơ,1,5,1
tù đày,tùđày,1,5,0
haizz,haizz,1,5,3
dou ma,douma,1,5,0
trưởi,trưởi,1,5,0
ăn bom,ănbom,1,5,0
gay vl,gayvl,1,5,0
mày sv,màysv,1,5,0
mắc đ*t,mắcđt,1,5,0
sai lè,sailè,1,5,0
quánh,quánh,1,5,3
đĩ đực,đĩđực,1,5,0
đitme,đitme,1,5,1
bả lồn,bảlồn,1,5,0
bể mặt,bểmặt,1,5,0
nghét,nghét,1,5,2
đm dlv,đmdlv,1,5,0
sạo ke,sạoke,1,5,0
cu lon,culon,1,5,0
gắt vđ,gắtvđ,1,5,0
ngu vđ,nguvđ,1,5,0
sũa cc,sũacc,1,5,0
vãi lờ,vãilờ,1,5,0
lỗ mồm,lỗmồm,1,5,0
ác phủ,ácphủ,1,5,0
kéo cổ,kéocổ,1,5,0
mỏ loz,mỏloz,1,5,0
chuồn,chuồn,1,5,2
úp sọt,úpsọt,1,5,0
trinh,trinh,1,5,6
vòi bò,vòibò,1,5,0
áp phe,ápphe,1,5,1
ốc chó,ốcchó,1,5,0
đumaaaaaaaa,đumaa,1,5,0
bố tàu,bốtàu,1,5,0
chó đi,chóđi,1,5,0
lạ lồn,lạlồn,1,5,0
nhâyy,nhâyy,1,5,0
đỉ lol,đỉlol,1,5,0
cay cú,caycú,1,5,0
bodoi,bodoi,1,5,0
thánh,thánh,1,5,3
oc dac,ocdac,1,5,0
thổ tả,thổtả,1,5,1
mắc ỉa,mắcỉa,1,5,1
kon mẹ,konmẹ,1,5,1
đụ mẹ m,đụmẹm,1,5,0
xấu hổ,xấuhổ,1,5,1
xau hô,xauhô,1,5,0
ko não,konão,1,5,1
cút mẹ,cútmẹ,1,5,1
tự mãn,tựmãn,1,5,0
tồi tệ,tồitệ,1,5,0
ức chế,ứcchế,1,5,2
ăn lol,ănlol,1,5,1
sa đọa,sađọa,1,5,0
gay to,gayto,1,5,0
chưit,chưit,1,5,0
thèng,thèng,1,5,0
virus +,virus,1,5,4
mịa nó,mịanó,1,5,1
chó bò,chóbò,1,5,0
ỉa bậy,ỉabậy,1,5,0
thề lề,thềlề,1,5,0
thè lè,thèlè,1,5,0
lolzzzz,lolzz,1,5,0
bắn cm,bắncm,1,5,0
ỉa đái,ỉađái,1,5,0
trò hề,tròhề,1,5,1
hãm lz,hãmlz,1,5,0
xam lo,xamlo,1,5,0
do ngu,dongu,1,5,0
"""bò lết""",bòlết,1,5,0
đ.buoi,đbuoi,1,5,0
quyền,quyền,1,5,19
chó cs,chócs,1,5,0
bò ngu,bòngu,1,5,0
độu má,độumá,1,5,0
ba xao,baxao,1,5,0
thẳng,thẳng,1,5,3
ói máu,óimáu,1,5,0
điz mé,đizmé,1,5,0
đập đá,đậpđá,1,5,0
tới số,tớisố,1,5,0
dam xe,damxe,1,5,0
be dau,bedau,1,5,0
lệ xồn,lệxồn,1,5,0
đỗn lì,đỗnlì,1,5,0
chích,chích,1,5,0
củ căc,củcăc,1,5,0
lỗ nhị,lỗnhị,1,5,0
lồn mẹ,lồnmẹ,1,5,0
dan ba,danba,1,5,4
đit mè,đitmè,1,5,0
đầu bó,đầubó,1,5,0
sau vc,sauvc,1,5,0
vô ích,vôích,1,5,1
botay,botay,1,5,0
mắc mớ,mắcmớ,1,5,0
đu may,đumay,1,5,0
toi so,toiso,1,5,0
bà nội,bànội,1,5,0
bá zoe,bázoe,1,5,0
âm phủ,âmphủ,1,5,0
chống,chống,1,5,8
láo lz,láolz,1,5,0
con má,conmá,1,5,0
dập dá,dậpdá,1,5,0
lon má,lonmá,1,5,0
ochco,ochco,1,5,0
vỡ mồm,vỡmồm,1,5,0
vô hậu,vôhậu,1,5,0
ác đức,ácđức,1,5,0
hột le,hộtle,1,5,1
bố thí,bốthí,1,5,0
dịp mẹ,dịpmẹ,1,5,0
cái đb,cáiđb,1,5,0
ba gia,bagia,1,5,0
tổ lái,tổlái,1,5,0
bỏ mặc,bỏmặc,1,5,0
bậy bạ,bậybạ,1,5,0
an cap,ancap,1,5,0
mẹ mài,mẹmài,1,5,0
bi cần,bicần,1,5,0
bợ lol,bợlol,1,5,0
đ chết,đchết,1,5,0
hút cỏ,hútcỏ,1,5,0
tổ cha,tổcha,1,5,0
lùm má,lùmmá,1,5,0
chửi,chửi,178,4,42
chết,chết,98,4,39
chui,chui,26,4,9
dell,dell,18,4,5
nhục,nhục,18,4,7
cướp,cướp,17,4,9
đánh,đánh,16,4,13
giết,giết,16,4,7
bê đê,bêđê,15,4,3
cmnr,cmnr,14,4,5
nứng,nứng,13,4,4
điên,điên,13,4,11
loại,loại,11,4,9
ghét,ghét,8,4,3
đụ má,đụmá,8,4,5
bò đỏ,bòđỏ,8,4,4
mẹ nó,mẹnó,8,4,7
bóng,bóng,7,4,10
buồi,buồi,7,4,2
ngáo,ngáo,7,4,3
tụi m,tụim,6,4,1
lozz,lozz,6,4,1
nhảm,nhảm,6,4,2
lone,lone,6,4,2
đụ mẹ,đụmẹ,6,4,2
chán,chán,6,4,11
vãi l,vãil,5,4,0
má nó,mánó,5,4,1
fake,fake,5,4,0
háng,háng,5,4,15
khựa,khựa,5,4,1
dmcs,dmcs,5,4,2
bede,bede,5,4,1
chet,chet,5,4,3
nô lệ,nôlệ,5,4,0
ch!ch,chch,5,4,3
thối,thối,5,4,4
dien,dien,5,4,3
du ma,duma,5,4,4
hiếp,hiếp,4,4,4
đu me,đume,4,4,1
đmcs,đmcs,4,4,3
trốn,trốn,4,4,6
đuổi,đuổi,4,4,0
xạo l,xạol,4,4,1
bỏ mẹ,bỏmẹ,4,4,1
khịa,khịa,4,4,5
tự tử,tựtử,4,4,0
kệ mẹ,kệmẹ,4,4,6
trẩu,trẩu,4,4,1
chém,chém,4,4,2
loạn,loạn,4,4,3
ghet,ghet,3,4,8
3 que,3que,3,4,2
đcmm,đcmm,3,4,0
nhuc,nhuc,3,4,4
clmm,clmm,3,4,2
đéoo,đéoo,3,4,0
bú cu,búcu,3,4,0
biến,biến,3,4,9
kinh,kinh,3,4,13
tự ái,tựái,3,4,4
liếm,liếm,3,4,2
bake,bake,3,4,0
vlon,vlon,3,4,3
fuck,fuck,3,4,0
cave,cave,3,4,0
quái,quái,3,4,3
đếch,đếch,3,4,0
xiên,xiên,3,4,1
chưi,chưi,3,4,0
đinh,đinh,2,4,11
puồi,puồi,2,4,0
bú đá,búđá,2,4,1
chat,chat,2,4,1
chặt,chặt,2,4,3
cmay,cmay,2,4,0
tuổi,tuổi,2,4,12
thua,thua,2,4,9
gian,gian,2,4,16
đệch,đệch,2,4,0
cocc,cocc,2,4,1
táng,táng,2,4,0
đù má,đùmá,2,4,0
trộm,trộm,2,4,6
vô sỉ,vôsỉ,2,4,0
khắm,khắm,2,4,0
lứng,lứng,2,4,2
ma no,mano,2,4,3
clgt,clgt,2,4,0
du me,dume,2,4,0
bọn 3///,bọn3,2,4,0
bỏ tù,bỏtù,2,4,4
adua,adua,2,4,0
việt +,việt,2,4,46
nhai,nhai,2,4,4
nhồi,nhồi,2,4,3
cdmm,cdmm,2,4,0
ahbp,ahbp,2,4,0
clmn,clmn,2,4,0
trym,trym,2,4,1
chôn,chôn,2,4,4
vlol,vlol,2,4,1
clgv,clgv,2,4,1
cháy,cháy,2,4,1
dcmm,dcmm,2,4,1
nuốt,nuốt,2,4,0
culi,culi,2,4,0
rạch,rạch,2,4,1
hỏng,hỏng,2,4,8
khug,khug,2,4,2
chịt,chịt,2,4,4
lũ bò,lũbò,2,4,0
bá dơ,bádơ,2,4,0
xàm l,xàml,2,4,0
tham,tham,2,4,13
vị tù,vịtù,1,4,0
đỷ mẹ,đỷmẹ,1,4,0
ra rả,rarả,1,4,1
thảm,thảm,1,4,2
sỉ vả,sỉvả,1,4,0
đéll,đéll,1,4,0
cljv,cljv,1,4,0
thúi,thúi,1,4,3
nguu,nguu,1,4,0
dễ vl,dễvl,1,4,0
chậm,chậm,1,4,26
quẫy,quẫy,1,4,0
thui,thui,1,4,5
tnao,tnao,1,4,0
thụt,thụt,1,4,1
vô tù,vôtù,1,4,0
cmnđ,cmnđ,1,4,0
v lin,vlin,1,4,1
c** mũi,cmũi,1,4,0
ăn vạ,ănvạ,1,4,0
cmmr,cmmr,1,4,0
chơi,chơi,1,4,22
pháo,pháo,1,4,0
loằn,loằn,1,4,0
giựt,giựt,1,4,3
choá,choá,1,4,1
taoo,taoo,1,4,0
cm nó,cmnó,1,4,1
đien,đien,1,4,0
vượn,vượn,1,4,0
thâm,thâm,1,4,2
cú vl,cúvl,1,4,0
ô già,ôgià,1,4,0
nhàm,nhàm,1,4,8
lồồn,lồồn,1,4,0
go go,gogo,1,4,0
dcu m,dcum,1,4,0
ngon,ngon,1,4,14
màyyy,màyy,1,4,0
vler,vler,1,4,0
óc bò,ócbò,1,4,0
đẻng,đẻng,1,4,0
dkmn,dkmn,1,4,1
nguc,nguc,1,4,1
đầu b,đầub,1,4,5
đeos,đeos,1,4,0
chệt,chệt,1,4,0
dâm l,dâml,1,4,0
khắc,khắc,1,4,5
giặc,giặc,1,4,3
lx má,lxmá,1,4,0
con c**,conc,1,4,19
danh,danh,1,4,10
bà bđ,bàbđ,1,4,0
lz mẹ,lzmẹ,1,4,0
bmay,bmay,1,4,0
pbvm,pbvm,1,4,0
giet,giet,1,4,0
long,long,1,4,12
chữa,chữa,1,4,7
tà ma,tàma,1,4,0
trug+,trug,1,4,0
clck,clck,1,4,0
dkm m,dkmm,1,4,0
osin,osin,1,4,0
đụma,đụma,1,4,0
dơ dơ,dơdơ,1,4,0
cúttttttttt⛏⛏🔪🔪,cútt,1,4,0
bê đe,bêđe,1,4,0
nhôt,nhôt,1,4,0
to su,tosu,1,4,0
chua,chua,1,4,5
chảm,chảm,1,4,0
oc no,ocno,1,4,3
đờ mờ,đờmờ,1,4,1
bọn t,bọnt,1,4,4
ổ dlv,ổdlv,1,4,0
eo ơi,eoơi,1,4,0
boác,boác,1,4,3
deoooo,deoo,1,4,0
dơ vl,dơvl,1,4,0
pê đê,pêđê,1,4,0
nlol,nlol,1,4,0
mặt l,mặtl,1,4,5
rách,rách,1,4,8
xích,xích,1,4,0
rống,rống,1,4,0
khẩu,khẩu,1,4,7
vloz,vloz,1,4,0
súng,súng,1,4,4
bêde,bêde,1,4,1
ba mu,bamu,1,4,0
xỉ vã,xỉvã,1,4,0
bỏ fl,bỏfl,1,4,0
củ kỉ,củkỉ,1,4,0
dễ sợ,dễsợ,1,4,1
ruồi,ruồi,1,4,6
bién,bién,1,4,0
phắc,phắc,1,4,0
lồng,lồng,1,4,2
nứkg,nứkg,1,4,0
d*t me,dtme,1,4,0
fúck,fúck,1,4,0
giãy,giãy,1,4,0
ko ưa,koưa,1,4,0
tụi 3///,tụi3,1,4,0
cõng,cõng,1,4,0
vong,vong,1,4,0
đĩ mẹ,đĩmẹ,1,4,2
tụi t,tụit,1,4,2
trốc,trốc,1,4,0
xờ lờ,xờlờ,1,4,0
me nó,menó,1,4,0
ngụy,ngụy,1,4,3
bà ta,bàta,1,4,3
ia md,iamd,1,4,0
dizz,dizz,1,4,0
ngứa,ngứa,1,4,1
chim,chim,1,4,3
bố nó,bốnó,1,4,1
công,công,1,4,46
lmcs,lmcs,1,4,0
vờ lờ,vờlờ,1,4,0
hạch,hạch,1,4,1
dogy,dogy,1,4,0
kg ưa,kgưa,1,4,0
thằg,thằg,1,4,2
bong,bong,1,4,6
tự kỉ,tựkỉ,1,4,0
dụ má,dụmá,1,4,0
tự tự,tựtự,1,4,0
beđe,beđe,1,4,0
đụ mé,đụmé,1,4,0
đù mé,đùmé,1,4,0
đụ me,đụme,1,4,0
ma ám,maám,1,4,0
dk me,dkme,1,4,0
ốc ác,ốcác,1,4,1
bẻ cổ,bẻcổ,1,4,0
khấc,khấc,1,4,0
đù mẹ,đùmẹ,1,4,0
đê mê,đêmê,1,4,0
nguỵ,nguỵ,1,4,0
bú ku,búku,1,4,0
ak 47,ak47,1,4,0
éo ưa,éoưa,1,4,0
chọc,chọc,1,4,6
ômôi,ômôi,1,4,0
im mẹ,immẹ,1,4,1
armu,armu,1,4,0
nó bỏ,nóbỏ,1,4,2
ke le,kele,1,4,0
chọi,chọi,1,4,0
chym,chym,1,4,1
nulo,nulo,1,4,2
ô noi,ônoi,1,4,0
chữi,chữi,1,4,1
mỏ l*n,mỏln,1,4,0
đuma,đuma,1,4,1
tổ sử,tổsử,1,4,0
chốn,chốn,1,4,1
bien,bien,1,4,0
đell,đell,1,4,1
"đ,m,c,l",đmcl,1,4,0
boom,boom,1,4,1
shit,shit,1,4,1
loai,loai,1,4,1
buồn,buồn,1,4,16
sung,sung,1,4,4
l** mày,lmày,1,4,0
cái l,cáil,1,4,16
bu cu,bucu,1,4,1
shjt,shjt,1,4,1
bíên,bíên,1,4,0
oánh,oánh,1,4,0
điss,điss,1,4,0
ngựa,ngựa,1,4,0
mé nó,ménó,1,4,0
hang,hang,1,4,9
chủi,chủi,1,4,0
thằn,thằn,1,4,0
điêu,điêu,1,4,1
chúg,chúg,1,4,0
sục c#c,sụcc,1,4,0
vkllllllllll,vkll,1,4,0
bướm,bướm,1,4,0
óc tó,óctó,1,4,0
cờ hó,cờhó,1,4,0
chửa,chửa,1,4,1
đeso,đeso,1,4,0
lonnn,lonn,1,4,2
loài,loài,1,4,1
vlòn,vlòn,1,4,0
nuôi,nuôi,1,4,10
clgb,clgb,1,4,0
trồi,trồi,1,4,8
đm nó,đmnó,1,4,2
đu.má,đumá,1,4,0
nhốt,nhốt,1,4,1
chùi,chùi,1,4,2
đĩ nl,đĩnl,1,4,0
gái 3/,gái3,1,4,0
chũi,chũi,1,4,0
3 heo,3heo,1,4,0
mã mẹ,mãmẹ,1,4,0
mờ ám,mờám,1,4,0
anti,anti,1,4,3
điếc,điếc,1,4,0
2 mặt,2mặt,1,4,0
lồnnn,lồnn,1,4,1
choi,choi,1,4,1
ác ôn,ácôn,1,4,3
lz má,lzmá,1,4,0
phân,phân,1,4,9
đầu l,đầul,1,4,0
đéo,đéo,255,3,77
mày,mày,147,3,78
con,con,142,3,106
ngu,ngu,138,3,155
tao,tao,135,3,33
bọn,bọn,88,3,38
lồn,lồn,62,3,13
sủa,sủa,52,3,12
lol,lol,44,3,19
chó,chó,44,3,34
vcl,vcl,42,3,10
may,may,36,3,22
lon,lon,23,3,5
đcm,đcm,21,3,4
loz,loz,17,3,7
cứt,cứt,16,3,13
méo,méo,16,3,5
vãi,vãi,16,3,3
clm,clm,16,3,3
cmn,cmn,15,3,7
đái,đái,14,3,4
cặc,cặc,14,3,6
bắn,bắn,14,3,5
mồm,mồm,14,3,16
xấu,xấu,14,3,16
chả,chả,13,3,18
vkl,vkl,12,3,1
xạo,xạo,12,3,7
đứa,đứa,12,3,12
dkm,dkm,11,3,3
xàm,xàm,10,3,6
đkm,đkm,10,3,3
tụi,tụi,10,3,8
cút,cút,10,3,3
địt,địt,10,3,9
láo,láo,9,3,4
cắn,cắn,9,3,4
vcc,vcc,9,3,1
đmm,đmm,9,3,3
deo,deo,9,3,12
tởm,tởm,8,3,5
đít,đít,8,3,6
đập,đập,8,3,5
đấm,đấm,7,3,3
dlv,dlv,7,3,6
cho,cho,7,3,230
cái,cái,7,3,168
clg,clg,7,3,6
ghê,ghê,7,3,22
hại,hại,7,3,4
hắn,hắn,6,3,18
cức,cức,6,3,10
sml,sml,6,3,1
câm,câm,6,3,1
đám,đám,6,3,4
sàm,sàm,6,3,1
mịa,mịa,6,3,0
ẳng,ẳng,6,3,17
dcm,dcm,6,3,3
lôn,lôn,6,3,12
cmm,cmm,6,3,4
hèn,hèn,6,3,2
đeo,đeo,6,3,9
lão,lão,6,3,1
lừa,lừa,6,3,1
hùa,hùa,5,3,2
bố m,bốm,5,3,3
phò,phò,5,3,7
đhs,đhs,5,3,0
mầy,mầy,5,3,0
đốt,đốt,5,3,3
nát,nát,4,3,3
sua,sua,4,3,4
lạy,lạy,4,3,3
hãm,hãm,4,3,5
cẩu,cẩu,4,3,3
bẩn,bẩn,4,3,4
mài,mài,4,3,2
đớp,đớp,4,3,0
tục,tục,4,3,7
giả,giả,4,3,30
bon,bon,4,3,5
bần,bần,3,3,2
gáy,gáy,3,3,2
phá,phá,3,3,41
lôi,lôi,3,3,3
lợn,lợn,3,3,7
dam,dam,3,3,2
mõm,mõm,3,3,2
thg,thg,3,3,6
dmm,dmm,3,3,4
cac,cac,3,3,8
ass,ass,3,3,3
bắt,bắt,3,3,25
bom,bom,3,3,3
wtf,wtf,3,3,0
hỗn,hỗn,3,3,4
quỳ,quỳ,3,3,6
đit,đit,3,3,19
kém,kém,3,3,3
đểu,đểu,3,3,0
del,del,3,3,2
lòi,lòi,3,3,3
cut,cut,3,3,7
tml,tml,3,3,0
tàu,tàu,3,3,7
tên,tên,3,3,13
xỉu,xỉu,3,3,0
bậy,bậy,3,3,3
dái,dái,3,3,2
xác,xác,3,3,8
đme,đme,3,3,0
vẹo,vẹo,3,3,0
đel,đel,2,3,0
béo,béo,2,3,4
tui,tui,2,3,23
cat,cat,2,3,3
mẹ m,mẹm,2,3,3
cuc,cuc,2,3,1
vch,vch,2,3,4
dis,dis,2,3,0
moá,moá,2,3,1
đek,đek,2,3,0
vlll,vll,2,3,0
mấy,mấy,2,3,50
cno,cno,2,3,2
gay,gay,2,3,12
sam,sam,2,3,3
ghẻ,ghẻ,2,3,0
chê,chê,2,3,4
đuỹ,đuỹ,2,3,1
dai,dai,2,3,9
dẹp,dẹp,2,3,4
mẽo,mẽo,2,3,4
dog,dog,2,3,0
mom,mom,2,3,2
bới,bới,2,3,2
nhỏ,nhỏ,2,3,10
mọe,mọe,2,3,1
mịe,mịe,2,3,0
dí l,díl,2,3,0
sạo,sạo,2,3,1
thề,thề,2,3,6
bây,bây,2,3,20
nản,nản,2,3,2
quy,quy,2,3,23
vái,vái,2,3,0
c.nó,cnó,2,3,8
cdm,cdm,2,3,3
não,não,2,3,18
thứ,thứ,2,3,40
lòn,lòn,2,3,17
nó,nó,459,2,316
đm,đm,118,2,27
vl,vl,107,2,32
cc,cc,91,2,149
dm,dm,77,2,20
mẹ,mẹ,72,2,31
no,no,63,2,67
lũ,lũ,34,2,17
éo,éo,30,2,16
cl,cl,26,2,73
má,má,23,2,40
bố,bố,19,2,26
ỉa,ỉa,19,2,2
xl,xl,16,2,3
tù,tù,15,2,12
dơ,dơ,12,2,7
cu,cu,12,2,58
qq,qq,11,2,3
vc,vc,11,2,12
mỏ,mỏ,10,2,2
cm,cm,10,2,79
đb,đb,9,2,1
đụ,đụ,7,2,6
bà,bà,7,2,64
ăn,ăn,6,2,164
nổ,nổ,6,2,25
ml,ml,6,2,52
ma,ma,6,2,89
me,me,6,2,26
mù,mù,5,2,7
tk,tk,5,2,25
bú,bú,5,2,5
l*n,ln,5,2,8
ác,ác,5,2,189
mụ,mụ,5,2,9
lú,lú,4,2,24
đú,đú,4,2,53
sl,sl,4,2,6
bò,bò,4,2,4
gà,gà,4,2,60
bả,bả,3,2,62
lủ,lủ,3,2,4
bã,bã,3,2,3
đĩ,đĩ,3,2,3
sợ,sợ,3,2,13
