id,texts,label_original,label_gemini
555,"Con bạn ảo tưởng, đã xấu còn dẩm, nghĩ mình có tí học thức mà oai như cóc. Giờ đang bảo nếu ko lấy đc ck tử tế thì xin giống sếp nó (sếp nó là thằng Tây lông mập ***), rồi sau nuôi con 1 mình cho thoải mái Nghĩ haizz, có thằng đb nào lại ngu vậy, cho nó đứa con rồi sau này ăn hết phốt à hoặc ko có phốt gì thì cũng khổ con mình, lớn lên đéo có bố",1,2
556,"hy vọng dập dc, chứ nó tranh thủ làm cách mạng màu xong lan sang mấy nước xung quanh là ăn lolz",1,1
557,Thằng ca sĩ biết KICM đang phốt nặng mà cũng rán dính vào để giờ thúi theo cmnl.,1,1
558,"Tôi nghĩ thằng Cửa Nam bị ép phải để cho 3 thằng đã không trắng đá 3 quả cuối, chứ người thân kinh bình thường thì làm sao có thể quyết định ngu như thế đc",1,1
559,"300tr dân mà chơi đỏ đen ko bằng 100tr đông lào . Đông lào cần rửa tiền mà có người đeo mặt nạ nhận giải ngay, giãy chết chơi bạc mà cũng ngu",1,1
560,Thảm hại vailon. Xong lại què 1 trong số trụ cột thì lại mếu. Dcm cái liên đoàn mang trụ cột (ko thể thay thế) của dtqg đi đá giải U. Đáng nói hơn là chính bọn U còn đang đéo đủ sân chơi để rèn luyện,1,1
561,"tin éo đâu, đọc cho vui vậy",1,0
562,"thằng nhà mạng 4 chữ đúng vất sục, thu tiền khách hàng ko thiếu 1 xu mà suốt ngày bóp băng thông",1,1
563,"nói vài 3 câu cho Eoz ngạo nghễ thôi, chứ sự thực thế nào ai chẳng biết. tây phương chỉ giỏi chó đàn, được cái chất mẹ gì đâu. nếu Á châu sẵn sàng liên minh đánh nguyên trục ấn, tàu, nga , khối phi và ĐNA trung lập thì chắc âu châu ngất mẹ trên cành quất.",1,1
564,Khứa này cứ vài ngày là thấy 1 post tâm thân phân liệt )) Bệnh này cho vô trại cai nghiện là hết ngay,1,2
565,đm đến dự QBV thằng ml lều còn bú đĩ,1,1
566,"Ông Thiểm Tây này đéo biết được trả lương bao nhiêu mà suốt ngày khoe Tàu nhiều thế nhỉ, vào đây nói ít thôi, post mấy ảnh em girl China ngon cho anh em xem thì còn được.",1,2
567,"web như cc luôn, 500k đăng tin được 1 tuần mà méo có ai xem, hết hạn sales nó cứ alo kêu mình nạp thêm",1,1
568,"Xem phim ít thôi. Được bao nhiêu đứa con nhà giàu mà bất hạnh so với tụi con nhà bần nông ăn roi thay cơm qua ngày. Con nhà giàu khôn thì đi du học, ngu thì làm chân dưới quyền ông già thì áp lực cc à. Nói chung là mấy thằng bần nông hay có trò thủ dâm tinh thần là nhà giàu cũng có cái khổ nghe buồn ỉa bỏ mẹ.",1,2
569,Dm lũ chó này vẫn mở mồm đc nghề bạc lắm,1,2
570,"nó dạy cách keo bẩn bòn rút của công , mày hiểu nó dạy mày tiết kiệm thì biết độ ngu của mày",1,2
571,t mà nhà trường gọi CA thì t tống cmn thằng ranh kia cái khởi tố tội xúc phạm r. Đéo có khúc sau đâu.,1,1
572,"Thôi bớt nâng cao quan điểm đi mấy thằng ngu, sống mấy chục năm rồi không phân biệt được vấn đề nhận thức mà cứ bô bô chủ quan này kia. Mày chỉ ra tao xem ngoài tin đó ra bao nhiêu tin trong ngày là nhồi nhét sự nguy hiểm của dịch bệnh nào ? Hay cứ 10 tin cảnh báo là chúng mày toang toang vỡ trận ? Giờ đăng một tin tích cực chút để dân nó có chút ánh sáng hi vọng chứ không phải tẩy não ? Mấy tháng nay trong hang đói chửi quá à ?",1,2
573,"Hồi nhỏ thấy mấy thằng hung hăng cỡ nào đi nữa mà thấy đối thủ 2 tay 2 cục đá (đá chứ ko phải gạch) to cỡ nắm xôi là auto rén... Dính 1 cục ngay đầu chỉ có nước gục Từng thấy có thằng trong quá nhậu bị 2, 3 thằng ép..nó lấy 2 chai bia đập bể đít chai (nhọn hoắt)...mấy thằng kia cũng ko dám xông vào...cơ mà tụi nó lấy ghế gỗ ném thật mạnh vào thì thằng kia oẳng luôn //Tóm lại món ném có lợi phết...",1,0
574,Má người ta chi cả tấn tiền mong cho đẹp để được chụp hình mà mày ko cho. Thứ âm binh chó **.,1,2
575,"Thiên đường của dân tị nạn mà, bọn da trắng củng ko phải TS gốc đâu",1,0
576,Lũ thổ tả đốt tiền để truyền bá chủ nghĩa thổ tả chứ mấy cái đống này cầm chắc lỗ rồi.,1,1
577,Clgt cái gì đắt thế,1,0
578,"Thằng loser dbrr ngày ngày vẫn lên đây xàm lol thì đời mày không khá được đâu, phế vật",1,2
579,"Sau này đẻ con gái cho nó đi uốn éo từ nhỏ ấy, học hành làm cmg.",1,0
580,"Đúng thì trước khi ký hợp đồng tuyên bố cấm bia rượu đi mấy thằng fifa mất dạy thật, đúng kiểu lộ mặt thật của bọn phương tây.",1,1
581,Bóng k vào vòng cấm được vờn vờn cái đb. Thủ dâm ghê thật.,1,1
582,"haiz thay đổi bản thân, nhưng mình chỉ là 1 hạt cát nhỏ giữa sa mạc, đéo có tiếng nói, thay đổi bản thân cở nào đi nữa cũng là sống thoi thóp bị tụi khốn nạn ở trẹn ăn trên đầu trên cổ á thím, 1 cánh én đéo thể nào làm nên mùa xuân,",1,1
583,Nghe mà thấy nhục thay.,1,0
584,"Nó đứng product thuê VN làm culi code là hiểu rồi, khi nào ngược lại hẵng nói, đến cái Zalo quốc dân mà còn phải source Tàu, tội mấy anh ở trên thủ dâm anh này giỏi anh kia giỏi, khi nào đứng product thuê IT Ấn làm culi code thì hãy nói, 1985 Nhật đã có product game Mario mà bây giờ đám culi code VN làm còn đéo được, cười ỉa thật sự với đám culi code ở trên, ếch ngồi đáy giếng",1,2
585,Cả nước biết con chó xám thiếu nợ 80k. Thặc là vice lone =]],1,2
586,"Anh ngu gấp đôi chủ thớt, chủ thớt đi có 30km thôi, anh tận 60km mà.",1,2
587,rồi về già éo có đất cũng chả có cc luôn,1,1
588,"Thôi thôi, dm cuối tháng cầm 6-70m, ae làm chầu bia còn khoẻ thì chiến tiếp đá phò mát xa. Vui vui rủ nhau đi chơi xa. Đm lều báo.",1,1
589,Vkl.Cái accout này từ 2011.Sao set member là thế nào vậy 2k post của mình đi tong mẹ rồi,1,1
590,"Sủa cc gì vậy, thôi đừng quote t pls",1,2
591,thì bọn thủ dâm tinh thần chứ gì nữa sức mạnh đâu đéo thấy toàn thấy thằng này thằng kia thuyết âm mưu mõm rồi cả đám bu vô tuyên truyền thủ dâm nhau,1,1
592,Vl thằng Shaw... nó mập như con lợn vậy,1,2
593,"Chấp gì thằng cận đụt trĩ hả a, nhìn mặt nó đủ biết loại ở đáy XH rồi",1,2
594,"Mafia thứ thiệt như Vũ nhôm, út trọc... dân đen cả đời chắc còn đéo thấy mặt",1,0
595,"Dân Việt mình chưa đủ toxic, tẩy chay chưa tới, dễ đến dễ quên. Cần có những chế tài xử lý thật mạnh với các đối tượng vi phạm đạo đức, luật pháp nghiêm trọng Toàn phò phạch, svbdbctlhc, nghiện ngập, ông hoàng bà chúa lên nói đạo lý, tẩy trắng, làm những trò con bò lố bịch, tốt đời đẹp đạo thối đéo chịu được",1,1
596,"lỡ mồm tý bị nó dí quá phen Hỏi lại rồi, đéo dời đũa, đéo rén thì mất 50tr à hehe mõm chứ đâu có ngu",1,1
597,"vấn đề lũ nhà báo ngu, sai lè lè ra mà cố viết thành một bài báo tung hô cho bằng được.",1,1
598,Ông này hiểu bản chất này. Ông bán mật rẻ hơn cả nhà máy gom bởi mật đấy nhà máy nó méo gom Cái mật tràm của ông bị đi quảng cáo là mật rừng nhiều lắm đấy. Bố khỉ tụi gian thương. Bữa gặp 1 lão lấy mật tràm rồi bảo mật bên miên bán 1tr5/lit. Tí nữa tôi táng cho vào mỏ,1,1
599,"thằng lều báo ngu như chó, bỏ 2-3 tỉ của nó to quá, SG 4,5 tỉ giờ mua được nhà hẻm gần gần trung tâm, xe oto còn đóe vào được nữa chứ ở đó có ccc mà chỗ đậu.",1,1
600,"Óc chó cãy cùn, tao ngồi xem chúng nó chửi nhau chỉ thấy mày là thằng ngược ngu nhất haha",1,2
601,Chưa gì đã muốn làm osin Chưa là người yêu của nhau thì ông mua làm cc gì ?,1,1
602,"Nó đã nói thế này thì cho về nơi sản xuất được rồi, đã ngu còn cố chấp.",1,1
603,"Tào lao. Éo ai bóp tw cả. Lý do gì mà bóp? Trump bị dập vì vụ capitol, còn tw đéo có ccc gì cả",1,1
604,vcloz. Đáp con mẹ thằng này đi thôi bác ơi,1,1
605,Con bé này dâm vkl,1,1
606,"Mấy con nứ đớp cũng ngập mồm chứ ở đó mà ko biết, làm hiệu trưởng mà ko biết thì nghỉ mẹ đi.",1,1
607,Ai rảnh có mấy thằng chó lều báo bới cứt tìm đồ ăn chứ ai rảnh mà la ó,1,1
608,"tổ sư thằng Văn, mấy em nhỏ mà chúng nó tổ chức ngu rồi nó vẫn thở ra cái câu thế này",1,1
609,Dell chỉ vozlit mà kể cả voz tay to cũng chỉ biết ngậm ngùi,1,0
610,Đọc qua bài viết thấy thớt có vấn đề thần kinh hơi ( nói thẳng ra là ngu ) .,1,2
611,Viện hoàn mỹ bình phước là chi nhánh của thằng hoàn mỹ sài gòn à... Giờ nó lôi cả bệnh nhân cấp cứu ra ăn chia thì ghê nhỉ... Thí tốt mấy thằng bv là xong.. các con giời tiếp theo lao vào mà đưa cổ cho nó cắt tiếp,1,1
612,Nói đi cũng phải nói lại là cái hệ thống đèn giao thông ở HN nó ngu vc,1,1
613,"Anh lại khéo văn vẻ, ý là sale là cái nghề đéo có tự trọng thì nói mẹ ra",1,1
614,Cái này mà cũng ghi ra à ? Tham gia voz đến khi nào não dày thêm thì tự ngộ thôi. Thẳng rảnh háng cứ tưởng mình hay.,1,2
615,"Đúng xứ lừa, tước gpkd mẹ 1năm nghe còn tạm được, 3tháng bõ bèn gì?",1,1
616,"Thằng đầu khấc nào lấy thông tin của mình đi đăng kí là người thân của nó, bây giờ bọn FE Credit đòi nợ nó ko được hay sao cũng đe'o biết.",1,1
617,"Trường hợp năm nay ko vô địch được thì cũng là tại mình. Nghĩ sau này mấy thằng Nhà hát kia nó bảo ""Không nhờ bố mày cầm chân MC cho thì nhà mày cũng ăn bùn thôi, lấy đéo đâu vô địch NHA"" thì tôi cũng cay lắm. Kệ mẹ chúng nó cắn nhau, việc của mình là thắng tối đa các trận còn lại.",1,1
618,"thế thì cả nước mới không sở hữu nhà, mới thuê nhà cả lũ, mua trả góp cả đời. Như thế mới là xã hội công bằng theo 1 số thằng bất mãn cuộc đời",1,1
619,"Dkm công kích cá nhân, dám lấy ảnh ng khác đăng lên luôn, dkm th gay lọ tởm lợm, đã gay còn đóng vai ác.",1,2
620,"Cái đó là mất dạy, khôn lỏi, ăn cháo đá bát. Đó người khác sẽ nói vậy.",1,0
621,"lại mấy thằng xl sợ dầu/xăng tăng, đm tụi m chứ ko sợ, năm ngoái dầu ổn định có 14-15, giờ gần 30, cùng 1 khoảng đường tiền nhiên liệu x2 mà không quan tâm ?",1,1
622,"dm hết giãn cách rồi mà còn đòi giảm tới 60% giá tới tận tết, mày cũng chừa cơm cho chủ nhà với chứ, tao mà là thằng chủ đất tao đuổi cổ luôn rồi",1,1
623,"Chẳng có nếu đâu nhé, thanh bùi ko dại chọc vào c*t Nghệ sĩ có 5-7 loại 1 lũ bê đê gay lọ biến thái suốt ngày lên tivi nói đạo lý ko chửi hơi phí Thêm con chuyển giới nam -> nữ đi dạy ng khác giữ chồng Con ml hát ko ra hơi đi hát nhép tự nhận ca sĩ....",1,2
624,"rất đơn giản, gọi chủ thầu đến, hỏi nó : ""được mắt ta ra mắt người, thế dm nhà mày lát thế này mày có chịu được không mà mày làm cho người ta như vậy ? mày nhận tiền mày không thấy xấu hổ với lương tâm à ? giữ tiền đéo cho làm tiếp nữa, gọi thầu khác vào thi công tiếp. đây là cách ông già em đã xử lý khi nó làm cho nhà em cái nền nhà bộp bộp",1,1
625,"chư mà đá xong trận này cho bên MC, chư cứ spam ""cay"" cho mấy thằng ATM muốn sủa gì thì sủa",1,1
626,Riêng hút cát thì phải từ chỉnh... xã huyện chả có quyền vẹo gì.,1,0
627,trọng tài thiên vị vãi. Làm xấu mặt mấy thằng Trung Đông,1,1
628,giá như bệnh nhân ung thư nào cũng yêu đời như pier thì hay biết mấy. Toàn thằng không làm mà đòi có ăn thì ăn đb ăn cứt nhé,1,1
629,"""Nhà tao tóc bạc do di truyền nha thằng lol"" - lãnh đạo said",1,1
630,"Bọn Tây lông này lắm trò điên vãi, còn bộ môn nhảy cầu gì nhìn cũng kinh bm ra",1,1
631,Post đúng 1 cái cmt đó vào đây xem sao? Hay nói đéo đúng nên đéo dám post? Thứ ngu lại còn hoang tưởng!,1,2
632,"Tính thì tính cho hết, hỏi hỏi cl",1,1
633,"thế éo nào tôi uống thấy ko bằng bud nhôm, ko bằng 333",1,0
634,"phế vật cavani cả năm đá được 2 3 trận từ dự bị mà mấy thằng fan ngu khen đấy khen để, chẳng hiểu nổi , lương thì 250k/ tuần cho 1 ông già sắp hết hơi,chẳng hiểu mấy thằng mu làm gì nữa",1,2
635,"Làm vui thôi mà, các ông không thích xem thì đừng vào. Dm súc sinh nào rp",1,1
636,"mấy thằng bò đỏ như mày thì cút, đừng quote tau.",1,2
637,"Tào lao, dân nghèo tiền hỗ trợ covid còn đéo có mà yên lòng mẹ gì, vấn đề là đám ôm BĐS rất giàu nên cần phải moi tiền thuế nuôi bộ máy",1,1
638,"12 tiếng là nghỉ thứ 7 chủ nhật rồi đó. Đi làm culi mà nghỉ cả thứ 7 khác đéo gì cưỡi ngựa xem hoa. Nếu nó làm thêm thứ 7, chủ nhật thì x2 lên, làm đêm mà còn thứ 7 CN thì cứ x3.",1,0
639,Thằng tàu đánh đl ăn cám vận 1 tỉ cái miệng ăn đói là nó tự loạn chứ có gì đâu. Chắc không quá 1 năm tính từ thời điểm phang đài loan. : )),1,0
640,dm đá hay cả trận thua quả nhảm lồng,1,1
641,Đ* m* tôi đọc báo mô tả chi tiết cách bọn nó hành hạ con bé mà giận run người. Bọn khốn nạn đừng nên cho nó sống và phải bắt bọn nó chết theo cách đau đớn nhất mới đúng.,1,1
642,Mấy thằng kia đéo đọc bài à? Ý đây nói là các khu công nghiệp có nhà ở cho công nhân chỉ đáp ứng được 20% lượng công nhân. Còn 80% công nhân phải ra ngoài thuê trọ ở khu dân cư bên ngoài.,1,1
643,"Đám fan theo mùa đó mà, giờ bọn nó nghĩ vn dự wc tới nơi rồi ông park đang kéo tầm bóng đá vn xuống đòi đuổi miết. Lũ ngu chỉ có thủ dâm là giỏi.",1,2
644,"tiện thớt của thím xin chửi đm garena, hồi lol mới ra hot, nạp cũng 1 mớ vào mua skin tặng bạn bè, xong 1 hôm đẹp trời có mail gửi về hòm thư 1 đoạn chat thằng lol nào với bên hỗ trợ garena, báo đã đổi thông tin mail và sdt thành công, vào check đúng là bị đổi thật, lên trụ sở ở hoàng hoa thám cho điền các thứ xong cũng đéo hỗ trợ được đm garena phát nữa, đm cả thằng SEA",1,1
645,"Tới phạt chết mẹ nó luôn. Mày làm như chúng ông có mắt như mù, đường hư ko sửa à ? Bố láo thật. Phải học hết trường hết lớp, chạy chọt..ấy nhầm, cống hiến bao năm để lên tới chức này, mới đủ trình sửa đường được nhé. Láo nháo ông cho cái mũ ""chống phá"" chết cụ mày.",1,1
646,Để đến mức bắn chết thì chĂc éo vừa.,1,0
647,Càng def càng thể hiện cái ngu cái cùn à. Ngay cả tây lông văn minh nó cũng bán đầy xe mạnh + làm đường cho xe chạy. Mỗi cung đường đều có giới hạn tốc độ. Còn việc thằng làm xe để thương mại hoá thì nó đạt các chuẩn quy định để lưu thông trên đường là xuất bán được thôi.,1,1
648,"Làm thiết kế, nhưng mà hay bắt lỗi sai chính tả tiếng anh của bọn BA, mà đéo hiểu sao trong 1 cái ảnh 1 từ chúng nó có thể viết sai thành 3 phiên bản được",1,0
649,chúng mày đọc thế cũng tin dc tạo ạ. mấy con bò bị dắt mũi,1,1
650,Cuộc sống ngoài tiền với gái thì còn có cái đéo gì nữa,1,0
651,ĐM cái phim này trả lương cho thằng siêu nhân là hết mịa ngân sách thuê diễn viên rồi hay sao mà cast dàn nữ toàn xấu ói.,1,1
652,Top 10 toàn mẽo ngoại trừ thằng sáu đĩ,1,0
653,"Fan rác, không ở bên thầy lúc thua Inteo thì cũng đừng ăn mừng khi thầy dẫn lũ ngu độn ẳm C2 danh giá",1,2
654,mày có biết ngày xưa trong thớt bđ này tụi nó chửi rủa và bài trừ bet thủ như súc vật không ? mày biết mod quạ ban tao bao nhiêu nick rồi không ?,1,1
655,Thì ai bảo bọn nó khôn đâu? Chẳng qua sinh ra ở vùng đất tư bản giãy chết nên nó mới được vênh váo với đời như thế chứ dân á sang tây thì cướp hết việc trí óc của bọn tây lông (bông) nhá.,1,2
656,"Ở Indo, CA cũng là một lũ khốn nạn. Vì tụi nó bắt tụi tao hoãn giải vô địch quốc gia nè",1,1
657,"Chuẩn đấy toọc ơi. M làm cái cà vẹt đưa lên là nó câm ngay, không mấy thằng Vin nô cứ khinh anh em Anti bọn m là loại nghèo hèn chỉ biết chửi bới, vô học, ko có oto thì câm mồm. T thấy m bị chửi nhiều quá mà cũng thấy ngại lây luôn ý.",1,2
658,"Chúng nó biết thừa, nhưng bọn đấy dù là bộ đội thì vẫn đi làm nhân công rẻ mạt culi cho bọn nó nên bắt làm gì, tốn tiền nuôi cơm tù và bắt hết thì thằng nào làm culi tiếp",1,1
659,Mặt gãy làm 8 mà cũng xinh à? Đm thằng lều báo trap ae t nhé,1,1
660,Xời Giờ đầy thằng vozer nghèo kiết xác vẫn dỏng mõm chửi người giàu đấy thôi Xưa cái gì,1,1
661,"Tôi éo cần tử tế với bọn tâm thần ok, không tiễn mời phắn cho",1,2
662,"Thằng ranh con này là công nhân tập đoàn mà, ko có gì lạ",1,1
663,"Thay chữ ""ông anh họ"" = ""chị họ"" là vozerlit ở đây chúng nó chửi cho lên bờ xuống ruộng, thiền môn thẳng tiến luôn",1,1
664,Thằng thớt bị ngu ah.Nó block m thì liên quan gì đến việc giả nai trong sáng.Hay m muốn nó phải chửi thẳng mặt m mới hiểu vấn đề là nó thấy m phiền phức.Mấy thằng k tán được quay qua chửi như m thì Fa tiếp đi,1,2
665,"Tư tưởng của đa số thanh niên chê bai trên chán đ chịu được, sống là để hưởng thụ, nói như mấy bố thì có 2 mảnh để 10 năm lên 10 tỉ cũng không nên bán vì để 100 năm có khéo nó lên trăm tỉ và mãi mãi thớt đi con xe máy nắng mưa mà chả hưởng thụ dc cái mẹ gì trong khi 1 đống tài sản trong tay. Giả dụ thớt nó nghèo thì chẳng nói đây nhà cửa công việc ổn định làm con xe rẻ rẻ 200 300 đi là ấm vợ ấm con rồi. Cứ tính cái bài toán mua xe lỗ hàng năm mua đất lãi hàng năm thì đi xe đạp là đỡ lỗ nhất xe máy mua xong cũng lỗ bỏ mẹ.",1,1
666,"đụt thì kệ mẹ tui chứ,ý kiến à",1,1
667,Óc chó phát biểu ngu vkl Đẻ thì tư bản giãy chết ăn đứt nhé,1,2
668,Trận này xem đéo biết chửi ai luôn. Trừ thủ môn 10 thằng còn lại ngu như nhau.,1,1
669,PQ tôi đi năm 2021 đã thấy đắt vl rùi ra chợ đêm đéo có cc gì đặc sắc mà đắt như chó hồi đó ngu ngu sao bỏ gần 300k mua trái dừa sáp,1,1
670,"Cho 1 gạch trước cái thói hỗn láo, đọc sau. Đ m mới trớ con mắt ra đời xưng chị với ai vậy.",1,2
671,giờ đập đi xây mới chứ sửa cl,1,1
672,"Vặn thế éo nào đc thằng ôn thần máy ủi đấy!. Đấm nhau với ae hazard còn có cửa chứ ku lu như con khỉ đột, rớ vào nó vã cho lệch mẹ hàm",1,1
673,"Loại mày tư cách đ đâu mà đòi 5 triệu. Ảo tưởng sức mạnh quá đấy. Nhà thiếu i ốt thì mở mồm ra xin, tao cho. Không cẩn thận bướu cổ rồi trí thông minh nó tụt như tụt quần đấy.",1,2
674,Mày thì nhạc thượng đẳng,1,1
675,Tụi mày nghèo có tiền đéo đâu chơi ),1,1
676,"smartkey honda thì ngu thật, chứ yamaha nó làm ngon vl, quên tắt máy đi 1 đoạn nó hú inh ỏi, khởi động vặn phát là lên đi, thằng lol honda làm ra cái củ lol bấm đề nữa phiền vc",1,1
677,"Thẻ đỏ nhảm lol, thằng tài Mã cay cú dân tộc hay sao chứ quả đấy đéo có cơ sở gì để phát thẻ luôn, nó vào trúng bóng rõ ràng và cũng ko hề lao chân vào đối phương",1,1
678,"Vcl đọc đánh giá thì chỉ có thể là thằng ngu mới đưa cái link này, lại còn ""uni thua xa hàng vn"" .",1,2
679,"luật là bố, bố là luật. bớt ý kiến ko bố nhét 331 vào mõm giờ.",1,1
680,mồm tranh luận khoa học logic nhưng 10 post của nó hết 11 post 3/ già nua yếu ớt lảm nhảm,1,2
681,"tháng 3 mình dính 5 tờ, dm buôn bán đồ kim khí thì biết đéo dc nó hoạt động sao. check lúc nó gửi bản nháp thôi chứ nó có hoạt động nữa ko thì bố biết dc. bị gọi lên may mà cũng quen biết nên ko sao, vkl thật",1,1
682,Cái bày là thằng lều cố tình đặt tít lật ngược sự việc lun chứ éo phải là nột nửa sự thật nữa. Cái này thỉ chửi éo oan.,1,1
683,Thế thì là người hướng nội chứ già éo gì,1,1
684,Sao trong luật đấu giá cả thế giới có quy định chung mà mấy thằng ngu cứ tự nghĩ ra những điều khoản như đb xong tưởng mình thông minh nhỉ?,1,2
685,"Mịa, áo sân khách của MU phèn vkl. Éo xứng đáng với tâm thế của đội bóng lớn.",1,1
686,"Shop éo có đánh giá mà cũng mua, óc thì chết thôi",1,2
687,"T thì nghĩ show vì nó đếch biết cái gì thôi Nhà này thằng Giang kỹ chết mẹ ra nên khó mà sụp lắm, đúng kiểu ăn chắc mặc bền, nó cày tiền top mẹ nó cái showbitch rồi, má vl thật, tài năng thì ngắn mà gặp thời cái phất éo đỡ đc.",1,1
688,"Ko có tiền yêu đương ccj, mà con đó cũng gọi là con gấu đc à, biết hoàn cảnh của chú vậy vẫn đòi hỏi, chú nên gọi nó là con dzẫm đi, gấu gấu ccc.2 củ 1 tháng 1 mình còn dell đủ sống, đèo bồng làm ccj, tiền đó ba mẹ cho thì ráng mà tập trung ăn học, làm việc, chỉ cần sau này ví dầy cộm, gái gú dưa rau, thiếu cmnj. Đúng là tấm chiếu mới.",1,2
689,"tại sao 1 thằng trong hang chung ra vin vào cái cớ chính trị chó shit của nó có quyền can thiệp đất cát địa chủ nhiều đời, thậm chí có sự mua bán hợp bán của dòng họ nhiều đời của thằng can thiệp chọn sai thì chọn lại -> nhát -> đánh đổi -> nghiệp của 1 dân tộc -> chấp nhận nhân quả",1,1
690,M thích lói nhiều không? Không lo tập bước 1 đi thằng củ cải này Sang mùa mà flop là thằng Hà Lan nó cười cho,1,2
691,M xạo vừa thôi. VN 1m90 nhung nhúc ngoài đường đầy,1,1
692,Cái đèn xi nhan nhìn ngu thế,1,1
693,Tốt chỗ nào vậy ? Mày làm như thời bao cấp vậy cu ?,1,2
694,"ngờ u thì chết, chửi cái gì? lại còn chửi người khác, luật có đó mua nhiều sao ko đọc? đâu phải tự nhiên mà ngta đẻ ra từ ""nhập lậu"" mấy lần khai gian nhập lậu chót lọt chắc vui lắm giờ quên khai gian nó đánh thuế theo luật lại chửi",1,2
695,"fame dữ lắm , chửi trên voz thì ok , chứ ra fb fan thằng đồi bòi này tế mả lên luôn .",1,1
696,"Nhà tao to hơn nhà nó là được, nhục cái đéo",1,1
697,Người yêu còn đéo có còn bày đặt có con,1,1
698,fdj so với casemiro không khác so cứt vs sô cô la hạng nhất phúc tổ cho Mu ko nghe lời mồm chó vó ngựa mấy thằng tâm thần phân liệt vozer mà mua thằng đần de jong bằng mọi giá,1,2
699,Côn đồ thế này thì 1% thương tích cũng ăn án rồi. Vote xử kịch khung 3 năm tù cho nó chết,1,1
700,"nói có sai đâu, từ ngày giao lưu với thanh niên xứ công quốc cho hút cây rau má là đầu óc bằng đầu có những triệu chứng bất thường, hai đội éo liên quan cách nhau nửa đất nước cũng nhầm, nhưng ko sao, chỉ cần kiên nhẫn nghe bổn toạ văn vở đạo lý là đầu óc sẽ thanh tịnh, chỉ cần đóng 150k tuần 3 buổi là đc",1,1
701,"Vào bưng hóa chất chứ làm cc gì, ko bằng cấp chuyên môn thì đâu cũng vậy",1,1
702,Bọn này dìm hàng phá hoại hãng xe Anh Cuốc à. Có tiền nhận xe ko có tiền nhận xét. Chẳng qua thằng chủ chưa đọc hdsd…,1,1
703,"Tiểu xảo thôi nhưng bây giờ có VAR, bảo 1-2 trận bị VAR bắt chẹt chửi đám Trọng Tài còn đc, đây trận éo nào cũng phải chửi VAR, ngay cả trận trên sân nhà Mỹ Đình thì đủ hiểu cái tiểu xảo của VN lộ và thô vl...",1,1
704,"thôi anh, gáy nữa ăn loz luôn thật đấy.",1,1
705,"Thằng XT bị cái bệnh trịnh thượng , mặt lúc loa nào cũng khinh khỉnh ta đây! Đá thì bao năm đéo khá đc mà thái độ lúc nào cũng như loz . Hồi mới ra thấy nó có vẻ trưởng thành chững trạc này nọ giờ thấy có vẻ bị ảo tưởng bản thân!",1,2
706,"đèn thì đéo có công nghệ gì mà cũng 90 củ, bọn này nó ngáo giá hết rồi ah",1,1
707,"Đm cái răng ngu của tôi nhú đc một nửa 2 năm nay rồi, mỗi lần nhú được một tí là ê ẩm cả tuần chả thiết tha làm cái việc gì khác nữa",1,1
708,cái ac chơi voz cũng 13 năm rồi thì chắc cũng 3x tuổi rồi... mà não Shit thế fen.,1,2
709,"cả vụ lấy tiền của facebook, mấy thằng ăn cắp nó vẫn sống khỏe re, bọn nó ko ra nc ngoài tuoi ti bắt đc, lai còn đòi gây sức ép nn bắt cười ỉa, mấy thằng rồ mẽo",1,1
710,"Đừng có lấy lý do là : ""mang nhà nước ra bảo là ko chăm lo an sinh xã hội"". Cái lý do người ta rút bảo hiểm 1 lần đấy là do an sinh xã hội như cc và người ta éo tin vào cái an sinh bánh vẽ đấy. Ngoài ra, tiền của tôi, ai cho các ông cấm rút, các ông bắt bọn tôi nộp thì đến lúc rút hay ko là quyền của bọn tôi.",1,1
711,"Mày bảo lương bình thường mà. Mày show bảng lương cty mày ra đây bố xem nào? Cần đéo làm kèo? Cái tao cần là số lượng lớn, mày show 1 đứa ra đây ăn lol à?",1,2
712,"Nó giúp xã giao cho có qua có lại thôi, VN cũng chả tới mức cần nó giúp. Cái thằng cơm còn đéo có ăn thì giúp cái gì nổi cho ra hồn.",1,1
713,"Vua việt xưa là học trong anh tàu rep 1:1 học cái tốt cho dân tộc. Chứ bây h khác rồi, cũng học tàu mà học cái dơ bẩn chứ k học cái hay ho",1,1
714,"Thôi bớt xạo lol đi em, thằng nào rảnh đi hack đt thằng phế vật mạt hạng như mày",1,2
715,"Thằng ml này bị Suarez nó chửi cho chả sai, đàn bà vcc ra. Thằng này lắm mồm từ xưa rồi",1,2
716,ngu. Dân tộc thì liên quan card gì mà đòi xua quân. Với thời đó làm gì có khái niệm dân tộc chủng tộc. Việt Nam cũng là một chi của Việt mà ra. Éo phải thì bao đời lấy chữ Việt là gì. Việt Nam may mắn là đám duy nhất đám dân việt độc lập và sống tách hẳn trung hoa.,1,1
717,"chưa đúng kịch bản lắm nhưng đã có kotex cho tot gà, dm kinh nghiệm của trư mà, thấy có mùi thằng tot làm kinh tế trận này rồi, h1 làng chết ngã rạ, còn tot -1.25 cả trận cũng sắp đem chôn",1,1
718,"chuẩn đét, phụ nữ đéo bao h nhận sai, nhưng là loài rất thích tha thứ cho kẻ khác, dù đéo bao h quên đâu. Cứ lâu lâu kiểu gì cũng lôi ra. Trường hợp thớt mình nghĩ cứ mỗi ngày call 1 lần xin lỗi đéo nghe thì nhắn 1 tin kệ cmn rep hay ko. Đên cuối tuần thì sang chơi làm hoà. Với có biết bạn nào thân của nó thì nhờ, đcm đàn bà nói 1 câu vs nhau nó tín hơn đàn ông nhiều.",1,2
719,Rác rưởi. Cút về fb đi cháu,1,2
720,"Còn 1 thằng 7 nữa không biết sau ra sao bác nhỉ.Thằng này có tính tò mò hay phết, cái thằng làm đồ tể chém đầu bố đẻ đấy bác.",1,1
721,Thời buổi giờ có phải thế chiến 2 đâu. Tên lửa dẫn đường chính xác từng m chứ có phải máy bay đem bom ị trật cả cây số đâu. A để ý thấy tất cả tàu sân bay đều đóng từ thời ww2 hoặc sau đó vài năm. Hiện nay ko còn ai đóng nữa vì nó đéo cần thiết. Hiện nay tên lửa chiến lược là ưu thế. Thấy bọn tohamak làm trùm một phương là đủ biết,1,1
722,"thì đó, nên mọi người chạy vô chửi nhau, nó thêm tương tác. Mỗi lần iPhone ra cái gì mới là mấy ông chạy vô tìm nó để hóng hớt, để coi nó phát biểu ngu không ? mấy ông vô chửi và shortcut cái phát biểu của nó phát tán ra chỗ khác. Sau đó lại nó tinh tế thế này, tinh tế thế nọ. Nguyên 1 đám bị dắt mũi.",1,1
723,Sợ nhất mấy thằng biên kịch óc chó như thằng viết kịch bản antman 3 ấy,1,2
724,Trẻ trâu học lỏm đc mấy từ rồi bày đặt phú nhị phú tam này nọ. Khinh,1,2
725,"ăn dơ vậy mà cũng có thằng ngu def hộ được, xuất cmn sắc",1,2
726,"Phụ nữ mà để cái lol ra ngoài thì không con thằng này cũng con thằng khác, thứ nulo. Cho chết con mẹ m đi thứ phò phạch.",1,2
727,""" Bố mẹ em không cho yêu "" có cái đb cái c nhé. Bạn đéo ngon thì nó văn vở thế thôi chứ bạn mà ngon thì nó bỏ nhà theo bạn cũng được luôn chứ ở đấy mà cho với không cho tỏ tình là ngu rồi, cứ đè ra mà chịch nhé. Bố mẹ em cấm yêu chứ đâu cấm chịch, cấm mang bầu, dẫn quả ba lô úp ngược 3 tháng về xin phép bố mẹ em ấy cho yêu nhé",1,2
728,"trong team có con bé xinh xinh, thằng đb trong team thích nó nên lúc nào cũng vặn vẹo tôi để thể hiện với con bé đó, con bé đó thì tôi éo để ý gì mà nó lại đi vặn vẹo tôi, đkm thằng db",1,2
729,"Méo có ngu đâu, đen thôi. Như chơi coin thôi, thành công thì như CZ, xui thì như thằng Đỗ Quân trốn như chó Úp bô nhanh trót lọt thì mua biệt phủ 15ha",1,1
730,Đúng đất nước của thằng Cuội với trạng Quỳnh. Toàn nói phét để ăn tiền.,1,1
731,"Lúc ấm no thì ngồi rao giảng đạo đức, có biến cái là lộ mặt thật chứ đéo gì đâu. Dân chủ nhân quèn mà lũ đội tây lông lên đầu (trong voz có 1 cơ số không ít) hay rao giảng đấy =]]",1,1
732,"Bứt tốc như thằng Toàn mà gặp Thái Lan thôi là đã tắt điện thì Hải em chơi thế éo nào lại đám nigga. Thằng quản lý ko tư vấn hay tham khảo trước à, chọn đội gì mà lối đá toàn rơi vào sở đoản của nó.",1,1
733,"tao chắc chắn mày ngu rồi, ko cần hỏi nữa. Cắt 1 cái hình để nguỵ biện clgv. Bị sút vào mồm khi nó đưa đc giá rồi lươn lẹo",1,2
734,"nó mất dạy hơn ở chỗ, đang cò kè, ngta chưa đồng ý nó vẫn tự ý đéo trả tiền",1,1
735,"Ngày lễ nào cũng vậy mà vẫn không hết được những thằng ngu thích thể hiện, may là không liên lụy đến người bình thường.",1,1
736,"Ngu như con chó. Toàn lảng tránh vấn đề ngụy biện lại còn đòi ra vẻ tranh luận, xin lỗi ở đây chỉ có tao chửi mày như con chó thôi Lại còn ""mày cũng thế thôi"". Xin lỗi, tao không đi lừa đảo chịch dạo và bị vợ chưa cưới cắm sừng.",1,2
737,"Sau con đá đít ra đường đừng lên đây khóc lóc, thằng thất đức",1,2
738,cái d m 2 thằng lên thương chúng nó gọi 2 ly nước mía rồi làm mà dell có tình người gì,1,1
739,"Thằng đkvd nó ăn có cả yếu tố điểm rơi phọng độ, bản lĩnh và sự may mắn. Và nó thua một đội làng nhàng éo gì sau đó nó cũng k còn liên quan tới giải euro nó ăn nữa thế thôi. Thằng đức 2014 thắng WC xứng đáng, sau đó bị loại bạc nhược ở 2018 thì 2 cái cũng éo có gì liên quan nhau",1,1
740,Người ta có lòng báo cho thì làm theo đi hỏi hỏi cl. Đm m tin cái đám trên đây hay Pa lan hơn.,1,2
741,"Sang tuần mới biết, đm tập đoàn",1,1
742,"cười ỉa bọn buôn đất đông lào đẻ ra vô số khái niệm mới thế giới chưa đâu có: ""biệt thự song lập"" ""biệt thự liền kề""",1,1
743,"Fen nói sao chứ mấy thằng ""ở trên cao"" nó cũng chịch gái như nghéo mà càng làm càng lên là sao .Mấy thằng càng giàu thì số gái nó chịch càng nhiều",1,1
744,"đức tính của lũ ăn hốc trên xương máu đàn bà lũ chúng mày, chứ đéo phải của con cháu nhà chúng tao, ok?",1,2
745,"Mấy thằng như anh toàn nghe mồm thiên hạ, hoặc do ngu nên bị bốc thuốc.",1,2
746,"Mấy thím lớn rồi thì còn biết phân biệt đâu là tiếng Việt đúng, đâu là chế. Tụi con nít cấp 1 cấp 2 bây giờ mở miệng ra toàn vãi này vãi nọ, có khi tụi nó coi đó như 1 phần của từ vựng hàng ngày luôn rồi. Nhà t miền Nam xưa giờ ko có ai nói từ 'vãi', nhưng có nhỏ cháu học lớp 6, vô trường nghe bạn bè nói bây giờ toàn vãi vãi",1,0
747,"Tôi ko nói đến chuyện chó mèo, tôi nói đến cái sự ""yêu thương bình đẳng"" ấy. Cái này nó hãm lol lắm anh ạ.",1,1
748,"Vẫn còn cái gọi là ""rút ra tư tưởng"" thì chưa cải cách nổi đâu. Học Tàu mà học nửa vời thì vứt",1,1
749,T lười giải thích cho mấy vong còn chả biết tiền là gì. Nói chuyện ngu ngơ như đám học sinh cấp 3. Mà có khi là hs cấp 3 thật.,1,2
750,"Đéo hiểu sao nhiều thèn cứ nhắc vụ 5 củ, liên quan đéo gì",1,1
751,đã là vợ chồng mà có con lại đi phá. thất đức vl,1,1
752,"Vlon ông này mà bảo vừa phải, body như này không có 2~3 năm ăn tập bài bải thì dell có đâu. Mà ông này cũng cao vs đẹp trai sẵn cmnr nữa.",1,1
753,"WWDC dành cho developer nó xem là chính, đéo ai so kiểu ngu học",1,1
754,@stonecold166.02 thím dân Quảng Nam phỏng vào SG xiên thằng khỉ sau đó bay ra Hà Nội xiên nốt giáo sư lợn wengay cho mọi người hóng với,1,2
755,"đĩ mẹ nó, k đáng bao nhiêu tiền mà bực mình, nó vẫn đăng bài mấy phút 1 lần, nhưng nt đéo rep, gọi điện đéo đứa nào nghe, làm ăn kiểu mất dậy",1,1
756,Phiên dịch mà trình độ tiếng anh đúng như ccc. phóng viên nó hỏi 1 câu mấy ý chính liền thì dịch ra tiếng anh sơ sài vl còn lúc Sắc trả lời đơn giản thì tự phịa ra tiếng Việt 1 tràng. vcd phiên dịch.,1,1
757,"Xưa h quen đúng 1 con, lúc chia tay nó còn kêu sau này a sẽ phải trả giá (ý nói bỏ nó). Tới h đéo quen được mối nào luôn, gần 30 mẹ rồi! Dm con mặt lờ",1,2
758,Mấy thành phần bất tài ghen ăn tức ở chửi đổng cũng còn nhiều nhỉ,1,1
759,"Ông già lú thật sự mẹ rồi. Từ vụ Moyse đã đéo thể chấp nhận nổi. Giờ thằng 7 đĩ lại về làm loạn, fan MU ~25 năm như tôi cảm thấy chán kinh khủng.",1,1
760,"Vozer cl gì cũng chê cho đc nhỉ Sở thích của nó, muốn làm gì làm, ko ảnh hưởng người khác hay vi phạm pl là được rồi.",1,1
761,"ĐM cái video của thằng lều, cơ mờ thằng này dính phải thần lol thì xác cmn định. Ngu, như thằng CP đấy, ngon vl LoL cũng có this that, dính vào cái đám xướng ca vô loài này thì xong cmnr",1,1
762,"Cũng méo hiểu sao có một bộ phận thanh niên hay lên mxh gáy đạo lý, bình thường tiếp xúc thấy mấy anh chơi cũng sòng phẳng, thậm chí đẹp nhưng kết bạn toàn những thành phần như cc, không thì cũng thuộc dạng “ Tao sống đẹp, không đứa nào được sống lỗi với tao”, người khác làm phật ý tí là giãy nảy, quằn quại như dao đâm cắt ruột vậy",1,1
763,bố mẹ chúng nó khác gì con vật đâu,1,2
764,"vkl mấy tay c.a xuống quả này cũng rén vkl, chả may bị cắn cho 1 phát lại tốn 2 củ tiêm phòng dại",1,1
765,"lều báo vừa nghèo vừa ngu, chưa nghe câu dừng dạy người giàu cách tiêu tiền à. người giàu xài tiền vào việc gì cũng có lý do của họ vị đại gia kia chẳng qua bỏ ra 10 tỏi để câu mồi bọn lừa đảo thôi, với khả năng của vị ấy thì sẽ sớm tóm được bọn lừa đảo, lấy lại tiền và tống chúng vào tù",1,1
766,"đây là thớt của bạn tôi sao, mé tính vô chửi! đặt cái tên thớt củ chuối, éo hiểu gì làm sóng não đang ngủ chủ nhật phải bật dậy xem nó viết cái chi",1,0
767,cứt bò mang lên mặt trăng thì nó ko phải là thành tựu à? mày ngu hay tao ngu?,1,1
768,Nhưng giết người là ngu,1,0
769,"Dị ó hõ?Gần mực thì đen thôi, dần dà cũng luyện được tuyệt kỹ cà khịa 1 cách có văn minh :v Ra đường nói ko với đbrr và cư xử như người văn minh tránh xa như tránh tệ nạn xã hội, dây vào shit làm chi cho nó thối um ra.",1,1
770,Mua để nhả thằng Torres + thêm cầu thủ nguời Anh.,1,0
771,Anh đọc hiểu như cái qq.,1,1
772,"Cái doge coin đó nó tăng từ năm 2018 rồi, tao đã post link. Còn dbz éo phải nhờ triệu lượt follow từ kênh khoa pug có cái lol mà shill.",1,1
773,"ngu đéo chịu được, giờ còn có cả thể loại lên xem Gif để phán",1,1
774,Thuê hitman thì 1 thằng hitman nó thọt 1 phát là đi chứ thuê làm gì 5 6 thằng rồi bị bắt. Nghiệp dư. Ngu người,1,1
775,"Bán dâm mà ngoài thỏa thuận cũng tính hiếp dâm và ăn án như thường nhé, nói chung cứ theo luật thì con bé đâu có sai, nó chỉ ngu dại thôi",1,0
776,"Mịa dân chí đã thấp mà loài báo còn cố dìm xuống nữa, giống như méo có câu chuyện gì trong xã hội để nói phải kiếm ra chủ đề gì đó hót để dẫn dắt à. Hay kinh tế như lol muốn có mục tiêu để dân chửi để quên đi cái thối nát hơn.",1,1
777,ban cả 2 thằng đi mod ơi Toàn võ mồm xl là giỏi,1,1
778,Quen loại gái đú đó làm mịa gì Next,1,1
779,Ờm.. tau đây.. bị Mod bọ cạp chém hết mấy cái acc halley vì COvid rồi,1,0
780,bao nhiêu đứa ngu ntn rồi mà vẫn ko rút được tí kinh nguyệt nào,1,1
781,"Như vầy thì ai nói gì, Hóng, những cm dạng hỏi ngu ngơ thể hiện thượng đẳng… Rác Việt là gì? Tôi ko thèm xem abc chê xyz… (thể hiện tôi ko biết nó là gì nhưng chê dc …có tgian nhảy vào cm thể hiện mình ko biết nhưng ko chịu tốn 2s gg )",1,1
782,"đợt lên việt trì chơi 1 vòng mới thấy cái F&B này nó nhiều thế nào.Thằng em mời vào 1 cái quán cafe của nó, thương hiệu chưa nghe thấy bao giờ, tra gg ra cũng đéo có 1 tý ấn tượng nào mà cũng là nhượng quyền luôn. Nhượng quyền kiểu gì mà chả # éo gì quán cafe cóc mấy ông ở quê tự mở k cần tham khảo ai vậy. Thế mà nó cũng bán nhượng quyền đc, thật vl. 3 tháng sau thì lại nhượng cho 1 thằng # quán đó, năm sau nên thì thấy trở thành quán bán bánh đa cua rồi ). Thằng cuối cùng vẫn là thằng ăn bô",1,1
783,"thằng đó ngu như bò có biết mẹ gì đâu, nghe là biết loại não tàn rồi",1,1
784,"Thằng này giờ đi hát phòng trà bèo bèo cũng phải 1 chai 1 ngày , tháng 20 30 củ cũng yên thân rồi có nát như loser voz đâu mà mấy anh lo",1,1
785,"Có cl mà tiến lên XHCN, trước nó còn chừa chút của cho m sống, giờ nó lấy hết r thượng đẳng ban phát cho m sống dở chết dở thì tệ hơn nhiều. Tiến lên chế độ toàn trị độc tài khả năng cao hơn.",1,1
786,"không góp kệ anh, người ta góp thì liên quan éo gì anh?",1,1
787,Chắc có mà tao đéo bjeets,1,1
788,Tao ko thấy dễ thương chỗ lol nào cả,1,1
789,"Bố mẹ thằng phạm nhân phải xin lỗi nó vì không giáo dục nó nên người, để nó phạm tội vào tù.",1,2
790,"Cái 5 tuyệt đối đúng. Bọn nữ, mõm cứ gào nữ quyền, bình đẳng giới, mạnh mẽ như đàn ông... sớm thì muộn bọn nó cũng trèo lên đầu người dẫn dắt, người bảo trợ...",1,2
791,"trong này chưa gì tôi thấy có 2 thằng ngu 1 là thằng thớt, 2 là thằng trong video tôi thời đi học nhút nhát, tới khi ra đi làm thì cũng phải học cách hòa đồng, giao lưu với tập thể, dù đéo có điểm chung gì cả nên đôi khi rất khó nói chuyện.",1,1
792,"Pỏn cũng bị vả sml, bọn này trâu chó đá với bọn nó khoai vl",1,1
793,"mới out khỏi bọn lol mobifone đây, sim trả trước éo đăng ký gói cước gì gán cái lol 12ckz gì gì đó đó, phải gọi lên dằn mặt chửi, viết đơn yêu cầu làm khó các kiểu, quằng hơn 1 tuần lễ cuối cùng cũng qua đc viettel",1,1
794,"bọn nó sống phây phây là do hốt tiền của đám ngu, đám fan cuồng, ... chứ đâu ra tôi ko anti đến nỗi mất não nhưng còn lâu mới cúng tiền mua vé xem phim rác rưởi của thằng lệ tổ",1,1
795,Điên khùng Nói gì chả hiểu,1,0
796,Giờ mới thấy 0416 thượng đẳng hơn bọn 2020 chưa được 120 ngày,1,0
797,"Anh đánh giá trình độ y tế của cả một quốc gia qua vài cái răng ?mà giá rẻ vì chất lượng tệ chứ tự hào cái cc gì, răng giả đồ nghề các thứ toàn phải nhập, tôi cũng éo bao giờ thấy thằng tây nào chủ động qua vn làm răng hay chữa bệnh gì cả,anh bớt xạo loz chắc chỉ có thằng bạn việt kiêù của anh éo có bảo hiểm mới phải lết về vn chữa răng",1,1
798,"Loại rẻ tiền mới thế thôi, loại đắt nó chơi cả 2 cực.",1,0
799,"giờ quan trọng là khách đến trước giờ đóng cửa hay không? nếu khách tới trước 19h30 thì khách đúng, ocnf lại thì BTC đúng. tiếp theo là tại sao ghế svip lại bị người khác ngồi? cái này BTC sai lè, kể cả khách tới muộn éo đc vào thì cái ghế đó là họ mua svip và đéo ai được ngồi, đằng này được vào xong mới thấy éo có ghế thì BTC sai lè",1,0
800,"Thương ccc, chửi mày bây giờ á",1,1
801,khi win 1 con chó -> Bạn hơn cả con chó khi lose 1 con chó -> Bạn thua cả con chó khi hòa 1 con chó -> Bạn đéo khác gì chó,1,1
802,"Lần hai được xét chỉ tiêu rồi đá chứ có đá bóng loại như lần đầu đéo đâu, như thằng indo còn éo ăn nổi nó chưa 1 lần vô địch ao làng, đá với nó mây năm nay chưa ăn đấy. Nói thẳng luôn mình dựa vào thằng thủ môn nó gánh 60% sức mạnh.",1,1
803,"Ông lạ gì mấy thằng đĩ bút ở xứ này, 1 là nhét chữ, 2 là lái chữ, 3 là moi móc thông tin từ 8 kíp xào lại để câu view. chúng nó là xúc vật mà",1,1
804,có vẹo gì mà bao nhiêu năm nay bố mỹ của m phải bỏ hàng tỷ $ ra để mua động cơ và mua ghế lên Iss. ko có thằng nước ngoài musk thì bố mẽo m vẩn phải tiếp tục thôi con. có gì mà giờ phai cuống đít lên chạy theo làm tên lửa siêu thanh. bảo hàng trên giấy thì làm theo làm con mẹ gì vậy mỹ vàng. còn tàu ngầm thì thằng nào mà ko có tai nạn hả mỹ vàng. bố mẽo của m cũng đầy tai nạn luôn.,1,1
805,Ái cha cha! Mấy anh kêu gọi dâm chủ mà đòi Cao Quan ứng xử bạo quyền như thế à? Đúng là mồm dog vó ngựa,1,1
806,"Mạt vận đất nước, thối nát từ trong ra ngoài.",1,0
807,Mấy cái thằng fan giả danh Mu đi gây war khắp nơi mà cũng đ' biết phân biệt à bro Toàn mấy cái nick đ' có info thì bỏ qua đi. Khi nào thấy 1 thằng cầm cái nick FB chính chủ mà nó gáy bẩn thì hãy nói chứ.,1,1
808,Lêu lêu đồ bần lông,1,1
809,"Ngu vl. Kiếm chỗ nào cao cao treo cổ, nhảy dứa khoát cho nó gãy cổ chết cho nhanh. Đốt xăng chi cho khổ vl vậy.",1,1
810,"tôi thấy thằng chủ xe có khóc đéo đâu và rõ ràng là sự việc với thằng chủ xe là nó đã biết, nó phải tự trả tiền rồi",1,0
811,"Ta ra đảo, mới chưa gặp nhau 1 tuần mà mi nói chuyện cái kiểu gì vậy nè! Cái tên đạo mạo, ra vẻ uyên bác đâu rồi!",1,0
812,"Bye thái khỏi vl2 wc, khôn ao dại biển",1,0
813,Tuổi lolz so vs thiên đàng nha,1,1
814,"Vụ cậu tớ nếu không có thì trước Ban tao vì lý do gì? Ban 3 ngày, lý do `rules violations`. Trong khi Post đó tao không có 1 câu chửi tục, không 1 chữ chửi thề. Hay tao xưng ""bố mày"" thì bị Ban? =]]",1,0
815,khiếp vkl dm lại éo ăn nổi cơm trưa dồiiiiiii,1,1
816,đcm nó cánh trái davies đã cóng rồi thằng coman toàn chạy láo,1,1
817,"Đm cay vl. Nhắc lại cay. Công ty nn, nó xây 2 cái nhà để đồ 15m2. Có mỗi 4 bức tường với cái cửa xếp. 3 ngày xây xong, nó kê cho 800 triệu.",1,1
818,"đúng là trẻ con coi mình là cái rốn vũ trụ, m chỉ cần nó k cần tài sản của nhà nó à đó là cái suy nghĩ ích kỷ của m và đừng lấy đó rồi tự cho mình là cao thượng, con gái người ta đẻ ra trong nhung lụa chiều k hết rồi m đến m nói m chỉ cần nó trong khi trong tay k có gì. găp m là ba mẹ nó m có cho phép k",1,1
819,"tinder giờ nát như chó , toàn me tây với gái bào",1,1
820,Vãi đái. Nhìn như 2 miếng sườn chéo vứt đi mỗi khi mình đi nhậu,1,0
821,"Mỗi người mỗi cuộc sống, mỗi câu chuyện, mỗi hoàn cảnh. Đôi khi người ta chịu đựng nhiều chuyện trong quá khứ rồi, bây giờ chỉ cần một giọt nước thì cảm xúc sẽ tràn ly. Có cc gì mà mấy thằng trên tỏ vẻ ở đây vậy.",1,1
822,"Khi mà Nhật, hàn, sing, đài đã phát triển trước việt nam 50-100 năm mà thanh niên bên đó vẫn sống khổ như chó, cày cuốc từ sáng tới khuya để trả tiền thuê nhà, đéo còn thời gian để vui chơi, chi phí thì đắt đỏ. thằng nào có thời gian vui chơi thì lại đéo có tiền tiêu, đói mốc mỏ, thế nên lại phải lao vào cày. Nói chung là đéo thể nào thoát khỏi vòng xoáy nô lệ của tiền bạc đâu: sinh ra, học hành cực khổ, đi làm cày trâu chó, mua nhà, nuôi con, rồi chết. thế hệ nào rồi cũng vậy thôi cho nên tôi thấy lựa chọn cuộc sống độc thân có lẽ là lý tưởng đúng đắn và hợp lý nhất cho thế hệ thanh niên hiện nay",1,1
823,"Hôm trước đi uống cf vừa ngồi xuống con phục vụ ra hỏi ""Chú dùng gì ạ"". Cái đệt.",1,1
824,Văn Thanh tiếp tục bị loại à ... Thằng Hồ Văn Cường có phải là cái thằng mang áo số 15 đá trận giao hữu vừa rồi phải không .. Đừng nói là nó chứ...,1,0
825,"chán thế loz nào đc, trừ khi ông gay ) đm mấy chục năm ngắm đủ loại gái loại loz trên porn đây có chán đéo đâu )",1,1
826,Thằng Mạnh còn đéo cố tình dơ tay như thằng Recce James. Thế đjt nào 2 thẻ vàng.,1,1
827,"chửi thằng seeder+ bọn rác rưởi sờ trymer, bọn này kinh doanh nhờ fame chứ chất lượng méo bằng giá trị bỏ ra, dắt mũi các cháu nhỏ, sinh viên thì được, chứ 80k/1 phần cơm + canh, thì tôi ra phúc lộc thọ ăn cho sướng cái mồm , p/s: ko biết ăn cơm bọn này có vừa ăn vừa bị chửi ""cái d!t m3 mày"" ko",1,1
828,"Oke 2 đứa đều rách nát, lót đường",1,1
829,Giờ vẫn còn người ngu đến thế này sao?,1,1
830,"Người ta mang tiền từ BĐS sang đốt để các anh có cái xe giá tốt đi mà vẫn bị chửi như chó. Đéo hiểu mấy thằng Top BĐS Việt Nam nó chỉ găm tiền vào túi, chả làm mẹ gì thì có ai chửi ko nhỉ",1,1
831,"Đéo có thằng nào Toeic 945 mà có vấn đề về giao tiếp hết, đọc cái bài đã thấy đéo có tí logic nào. Mày nói t biết mày có vấn đề về giao tiếp thì mày luyện giao tiếp tiếng anh ntn hả thằng thớt? Riết rồi xàm lol đéo vui.",1,1
832,"Mới coi thử 1 tập, éo hiểu sao mấy con zombie nó chỉ cắn duy nhất 1 cái rồi chạy đi cắn thằng khác",1,1
833,"Nói chung bọn này về mặt lợi là nó làm cho những thằng ngu mà có nhiều tiền (trọc phú) giảm bớt đi , của thiên trả địa, chứ làm ăn chân chính tích góp đố có lừa dc, tiền chặt như nêm! Bọn này sẽ ko bjo diệt dc vì nó tồn tại là tất yếu!",1,1
834,Đm Ole Đm Fred Đm thằng mọi đen yếu ớt,1,2
835,"bọn Anh lợn nó phải cắn cái cup thì nó mới thoát kiếp hổ giấy. Nhìn thằng M3P và thằng Kane sút pen đúng 1 trời 1 vực, bố bà tâm lý yếu như mấy con đàn bà",1,2
836,"T nói rõ thế m còn đéo hiểu thì lý sự cc gì nữa??? Ng ta viết mấy câu đọc còn k hiểu thì bắt xem hết cái clip so sánh này nọ mấy chục phút thì ai thèm xem? Content đéo hấp dẫn ng xem, ng ta éo muốn xem đến cuối là lỗi của ng xem ah??? Mấy K viêw của m thì bn thằng xem hết. Ng ta đéo buồn xem là loser bcm ra rồi. Ăn nói thì trịch thượng nghe đã thấy rr rồi",1,1
837,Anh định ngược dòng ngu để vozer chửi cho đấy à? Cả về tình và lý thì thằng anh chả có gì để bênh vào đây cả.,1,1
838,"Nó đi cho kịp đầu thai đấy, hồi tôi còn nhỏ gần nhà có 2 thằng đâm vào cây trụ đá cạnh đường nằm thở như nhưng đéo ai care mà gọi hộ cấp cứu rồi kệ mẹ nó nằm đấy. Tí mấy anh đem cáng đưa đi",1,1
839,Bố mẹ mày ngu hơn con chó tao nuôi ở nhà.,1,2
840,Tag mod khác vô đi mấy fen. Thằng bóng này nãy giờ spam thằng mèo méo meo suốt nhìn tởm vcc,1,2
841,Trước có thớt chia sẻ mẹo lừa gà mà giờ ko tìm được... đọc thấy thất đức vc,1,0
842,"Còn hơn thần tượng một tủ lạnh vãi đị nào đó , và biến thành công cụ sát nhân của hắn . Đại cách mạng văn hóa ở TQ do các thanh niên thần tượng Mao chủ tạch tiến hành . Những tên lính phát xít máu lạnh nhất tàn ác nhất cũng chính là những con chiên trung thành nhất của Hitler .",1,2
843,nhân hoá cho lắm vào rồi lý luận như mới bú đá vậy bro ?,1,1
844,sủa lảm nhảm cút mẹ mày đi,1,1
845,"thớt óc chos . tên người ta như thế đừng có xuyên tạc,",1,2
846,"Đã bao giờ anh đặt xe nhưng éo được vì đường đông, xế huỷ cuốc chưa? Đã bao giờ cả nhà anh đi có việc nhưng đéo có tài nhận vì đường cấm xe dịch vụ chưa? Có gia đình chưa? Nếu chưa cả 3 câu thì tốt nhất là a đừng nói, nói ngu mất công ngta khinh",1,1
847,"Nhưng nó có factos gì diss không nhỉ? Tôi thử 3 câu nhé Yo thằng nhóc con tự kỷ nào bày đặt chơi rap nhỉ Nhạc thì đéo có flow, tưởng mình là ác quỷ Diss lung tung đéo sát thương, câu đéo có một giá trị Cái giá trị mày của tao là 5 phút, đéo chăm chút diss như trí giả Yolo",1,1
848,"Đi xin nhạc mà dám gậy cả tác giả, hóng đập chít cụ bon BH này",1,1
849,"Súc vật, chứng tỏ suy nghĩ thượng đẳng, tiến bộ, khác người cái gì ở đây? Mày biết cảm giác mất người thân nó đau khổ thế nào không? Không phải tự nhiên quân đội người ta hứa xây tặng cái nhà, vì người ta thấu hiểu cái điều đấy, không phải óc chó trẩu như mày.",1,2
850,"Vay vàng trả vàng, vay đô trả đô, vay gì trả nấy, bớt xạo lol. Đéo trả thì lên toà trả lời",1,1
851,"Bọn rợ, chắc CCP vào mới dẹp được tụi này",1,2
852,thì sao con mày chắc là con ông trời đúng không tao cho bọn trẻ ranh cút hết,1,1
853,Tôi là anh tôi li dị từ kiếp trước rồi. 30tr nuôi sgbb liếm cả shit nhé nhu nhược bị con vk nó làm tới thứ ngu,1,2
854,"ku này nắm bắt xu thế thị trường và thị hiếu giải trí của xã hội chỗ nó sống. Làm clip nhảm nhưng giải trí người xem. Đi từ 1 thằng công nhân đứng máy mà xây dựng cơ ngơi thế kia thì đéo thể phán là nó rởm đc. Nó phải giỏi, hoặc rất giỏi, ít nhất là so vs đám xuất thân ngang hàng vs nó",1,0
855,"Hề vl cái đb gì cũng nigga, đéo liên quan cũng cho vào, đcm dân tộc nhà nó, đời đại nhà nó đéo có mầu tự dưng cho mẹ thành nigga, láo toét vl",1,2
856,"Tôi nghĩ phạt nó n theo % giá xe là oke nhất. Đm thường mấy tk ngáo ngáo thể hiện bú rượu lái xe lại lái xe sang. cứ phạt theo thuế GTGT của con xe nó lái. xong thu bằng 1 năm là lành. Đm sợ vcl ra. Giờ ông nào về vùng ven toàn các đại gia chân đất lái xe kinh bỏ mẹ, đường thì vắng nên các bố nhấn nút vít căng như trường đua đm.",1,1
857,Hài lol cái lũ genz trên fb. Luật thì đ biết mẹ gì đâu. Đợt 1 page tick xanh nào đó giải thích luật thì cap lại rồi đi bash người khác,1,1
858,Chắc gì thằng bán nguyên liệu / hàng hóa đầu vào đã nộp VAT. Mày ngu bm.,1,1
859,"Cỡ vẩu dơ trên thông thiên văn dưới tường địa ní mà còn bị nha tặc nó lên tận trên này ""thuốc"" cơ mà.",1,1
860,"Thằng khác mua lại mảng esport của bọn SE, tái cơ cấu nên kick. Thằng 3 gà đéo liên quan gì tới việc kick hay không, nhưng nó vẫn thích chõ mõm vào, thế mới bảo nó bẩn, được chưa anh.",1,1
861,"ngoài đời chuyện đéo j mà chẳng có, nhưng anh lấy cái câu chuyện rác đó ra kêu thớt đọc mà làm gương trông buồn cười vcl thôi",1,1
862,"từ lúc lòi ra cái đa vũ trụ thì coi như là fan service thôi muốn hồi sinh thằng nào cũng được muốn team up với bên nào cũng được cứ gán cho cái đa vũ trụ là xong, vì cơ bản đa vũ trụ là cái loz gì đéo ai hiểu được hết, kịch bản cứ bám vào làm fan service kiếm tiền thôi",1,1
863,"Thằng ranh con này, mày thì biết cái đieo gì. Bạn bè ông bà già mới quan trọng, bạn bè mày chỉ là phụ thôi, mày bỏ tiền đám cưới từ đầu đến cuối,không nhờ vả ông bà gì nhiều thì mày tổ chức trên du thuyền với 1-2 người bạn cũng được nhé. Thằng con láo lếu",1,2
864,Ngu thì chết chứ ma nào nó làm,1,1
865,tin ai không tin đi tin thằng mõm,1,1
866,Mà vấn đề quan hệ 2 nước có cm gì đâu. Tk này chắc lại nghe tin tiktok cmnr,1,1
867,logic của mấy bọn ngu (ngu chứ ko phải dốt),1,1
868,khinh bỉ.. lúc đéo nào cũng hay là em tự tử.. em bị hội chứng này hội chứng nọ đúng là đồ gà.. cùi bắp chưa là gì đâu bạn ơi,1,2
869,"tùy vào khả năng nộp phạt, ít tiền thì làm trò con vi trùng, mà nhiều tiền thì làm trò con , còn cái vụ sản phẩm như l` xong kiện khách hàng rồi lên báo nước ngoài xạo l` thì nó là trò con rồi, lúc đấy ko phải ko giải quyết rồi im ỉm đi như ở vn đâu. nhìn VW bị vả chưa ăn phạt cả nửa tỉ đô luôn",1,1
870,"bác sĩ thì đéo hỏi, lên hỏi trên này làm gì.",1,1
871,"Con mất dạy này suốt ngày lên giường nằm. Đánh nó cũng kệ mẹ, quay lại nhìn cái rồi ngủ tiếp",1,2
872,"Nay Hồ Tấn Tài đá hay thật, quét cánh phải, xúc vật Bún Than đéo giở trò đc gì luôn. Xem như giải này bản lề để e nó đá chính thay xv THanh đùi là hợp. VN đá vẫn hay, tiếc là đéo ghi đc bàn, thể thao là vậy, ăn mãi thế đéo nào đc. Tạch 1 -2 giải là bt, có gì đâu mà lo, lực lượng hồi phục lại năm sau lại khỏe hơn. )",1,2
873,"Lấy phải đứa có tư tưởng ỷ lại thế này thì xác định ăn c*t ăn đb rồi fen ơi. Mà đéo hiểu sao tiền mình làm ra lại phải nộp hết cho vợ nhỉ, như mấy fen khác nói đấy, góp chung vào 1 tài khoản để chi tiêu chung, còn riêng gì thì tính sau. Trong mọi hoàn cảnh, luôn phải tính 1 đường lùi cho mình chứ.",1,1
874,"Cái trung tâm ngu si. Bác chụp hình em chửi, gửi cho cái trung tâm ngu si. Và em nhờ nó kiện em giúp cái. Hứa là thê thảm nó luôn.",1,1
875,"Đời mày lại nát càng nát thôi em ạ, bỏ voz đi mà làm người",1,2
876,"djt cụ Vozer mà rén thế, phải đấm tòe mồm thằng già đó ra chứ, xin lỗi cái đầu bùi à",1,1
877,Lũ quái thai còn hay đi đòi quyền lợi. Cãi nhau với bọn nó chỉ mệt người.,1,2
878,không!! gạch cc à @,1,1
879,Ccái này bạn nói cho dân ngoại đạo đi. Trong này éo ai ko biết điều bạn nói.,1,1
880,"tết mà bỏ, điên quá mấy thằng giáo sư già ơi, sống chán đời bọn mày rồi thì để bọn trẻ sống chứ.",1,1
881,"lằng nhằng thế nhờ, kiện chết cụ nó đi chứ. Trong HDLD dù có ko ghi gì đi nữa vẫn phải tuân thủ luật ld của VN.",1,1
882,Kamala Harris gốc ấn thượng đẳng. Da màu cái con mẹ mày thằng lều báo.,1,2
883,"ĐM, chắc lại ngu người giết con rồi tự sát rồi, thương 2 đứa trẻ quá",1,1
884,"thật thì súc vật thật, rất ghét mấy thằng ml pkl đi vào làn ô tô. bắt nó đền chết cụ nó đi.",1,2
885,Ý tôi là mấy thằng đần xem bóng đá ấy. Hèn gì suốt ngày chửi. Hóa ra là chả hiểu gì về bóng đá. Ngán ngẫm.,1,1
886,Đến rút cáp mạng cho sập cmn sàn còn làm đc thì ba cái vụ như QC này nhằm nhò gì. Cái gì chúng nó chả dám làm ở cái xứ Đông Lào này.,1,1
887,"Súc vật Mark. Đi ẩn 2 album Mobile Upload với Timeline Photo, đéo hiểu để làm gì",1,2
888,Đờ mờ chui đâu ra bố này đi spam thơ vậy...,1,1
889,Bọn Ả Rập đút hìu ngập mõm bọn tài Ý lợn,1,2
890,kiện chết cụ cái công ty đb ấy đi. cty như lol mà cũng làm việc dc. hài vc,1,1
891,"Ơ mày bị xàm lồng. Cái loại mày bảo ""M28 sẽ ở lại và giảm lương""",1,2
892,"Cứ thêm ""bố mày"" vào trước mỗi câu cho có uy lực",0,0
893,"Thế nên bảo tư duy này quá là bình thường, ko có gì điên hay bất cần, chất ""điên"" có thể trong tranh của ổng chứ ko phải ở chuyện từ chối cái deal độc quyền kia",0,0
894,"Tự tìm cái khác đi ông, làm văn phòng mà đụt đụt thì xác định bị bọn kia nó đì cho tới bến.",0,1
895,"anh bị bò Nhật nó tuyên truyền rồi trước ở xứ kia ăn với tắm biển còn éo tin dc, nay bên Nhật chỉ ăn ko tắm, thì tin sao dc đấy là chưa chắc lấy từ chỗ xả thải phóng xạ đấy",0,1
896,"Bố mẹ hiền nên thầy láo. Trước tôi đéo học thêm ông thầy, điểm thi học kỳ vẫn 10, ôgn thầy hỏi chép bài ở đâu thế. Tối bố tôi dẫn tôi đến nhà, nói chuyện nhỏ nhẹ, ông thầy xin lỗi cả 2 bố con. Từ đó đến hết năm đéo dám í ới gì tôi cả.",0,1
897,"Gặp ai đang nổi máu điên thì tránh thiệt xa, chả có mạng thứ 2 để mà rút kinh nghiệm",0,0
898,bọn VN hay có cái trò chửi người ta khổ dâm nhưng lại ép người ta phải cư xử giống mình,0,1
899,"Mấy thằng xộn lào bố đời thì ông cứ thoải mái với nó thôi, lúc nào đông đủ cả lớp kể cho nó nghe câu chuyện về 3 thằng Mỹ Nhật Vn đi máy bay, nghe xong nó sẽ bớt xộn lào thôi",0,1
900,Người chồn chứ ko phải người sói. Sói đéo bào mà lòi ra đc 3 cái vuốt dài ngoằng như thế?,0,1
901,Chán các thanh niên voz Hồi xưa tôi cũng nghĩ là em này ăn cắp thật. Sau mới nghĩ lại là học sinh cấp 3 biết cái éo gì mà nghiên cứu. Chắc chung tiền mua thôi,0,1
902,"Trong đây thì ae chê 100k/1ly đắt đ thèm uống vậy thôi. Chứ bọn 9x cuối, 2k+ giờ uống ly cf 100k để checkin sang chảnh đ thấm thía gì bọn nó đâu. Cảm thấy mình thua xa bọn trẻ bây giờ",0,0
903,Mấy t ngu ý mà Nước nào nó chả bảo hộ sản phẩm của nó. Giờ thời đại copy nhau Ai mạnh thì thắng,0,1
904,Lảm nhảm gì vậy fen?,0,0
905,"Thời đéo nào còn đu bám vào mấy cái bằng ở vn, lo cày kiếm cái chứng chỉ nào đc chứng nhận bởi nước muốn định cư đi, ví dụ chứng chỉ FE của bọn Nhật ấy, cần đếch gì bằng",0,1
906,"thôi sau này có gặp trường hợn thấy người hoạn nạn thì chắc chỉ có nước gọi điện thoại báo conan. Vừa làm tròn trách nghiệm ""cứu người"",vừa ko bị lo được ""trả ơn"" bởi người gặp nạn",0,0
907,"Các ""thầy"" giờ cũng chiêu trò câu khách như nghệ sĩ, cả xã hội thành cái sân khấu rồi.",0,0
908,Tiền túi nó bỏ ra chưa tới 3 tỏi $ thì đâu ra kte VN về đâu. VN dựa gì vào thằng phân lô ấy mà kinh với tế. Nó có phá sản mảng xe điện thì cái tập đoàn Vingroup còn chưa hề hấn gì nói gì VN.,0,0
909,đéo hiểu bọn spaceX này sao nó giỏi vl nhỉ. có chục năm là quá ít so vơi nasa và rocosmos mà giờ nó vượt cả 2 thằng luôn. đéo hiểu anh musk thuê bọn nhân tài kiểu gì.,0,1
910,"Mâm nào cũng thấy lão, dân chơi vcl",0,0
911,"jo chắc còn mỗi quận 3 còn tí cây, Q1 chặt sạch, ngộp vkl",0,1
912,"Đúng rồi. Nó nghĩ ai cũng khinh người nghèo, rồi đùng một phát hóa ra tao đếch nghèo để cho người kia tẽn tò...trào lưu ""Chủ tịch giả nghèo...và cái kết..."" gieo vào người xem ấn tượng như vậy... Thường thì trong 10 phản ứng thì có 1,2 phản ứng theo nó có vẻ khinh người nghèo, vào clip nó lại buff xoáy vào cái phản ứng đó và quy kết là người đó khinh người nghèo...",0,0
913,"Cứ nhìn các thớt trong f33 về ngoài này thì cả chục pages, còn các thớt trong đó lèo tèo 1-2 pages là rõ bọn nào hay đi khịa, phân biệt vùng miền với đóng giả nạn nhân hơn thôi, cái bọn hay khịa người khác nhất bị người ta nói lại thì chơi ngay bài ""chúng mày đóng giả làm nạn nhân"",... đậm chất phóng khoáng",0,1
914,Đúng rồi bệnh này lây kinh lắm. Vào cái thớt này cũng có nguy cơ lây từ thằng thớt ấy. Giờ nó đột biến lây quan internet luôn rồi…,0,1
915,"""WORLD WAR"" thì có mà tránh vào mắt nhé , chưa kể 2 thằng Mẽo - Khựa dạo gần đây đang tranh giành ảnh hưởng khu vực ĐNÁ thì có mà tránh cái nịt , tốt nhất là cầu cho chúng nó đừng bem nhau , chứ có world war thì thằng nào cũng có phần",0,0
916,Thank thím đã thông não!!! Lắm thế thì học thế nào được cho tay ngang.,0,0
917,"Hôm bữa ngồi nc với lão trưởng phòng cũ, cũng dân ăn học bài bản ra, đang 2 đứa con mà quan điểm vãi lúa thật. Lão bảo giờ cho con nít học đại học, cao học ra cũng làm lương 3 cọc 3 đồng, rồi cũng lấy tiền nhà ra kinh doanh, vứt tấm bằng... Tôi hỏi ngược lại lão, nếu ko có tấm bằng đại học thì giờ lão làm công nhân hay trưởng phòng thì quay ngược qua bảo ""tao đi buôn bán"" Đếu mịa các ông làm như dễ ra buôn bán làm chủ lắm vậy, 10 thằng ra làm riêng chỉ có 1,2 thằng thành công. Cho con cái tấm bằng ít nhất nó ko làm dc cái này thì làm cái kia. Hoặc dùng kiến thức đại học ra kinh doanh vẫn dễ hơn 1 đứa chỉ học hết cấp 2,3. Sau này máy móc thay thế dần con người, ko có trình độ chắc đúng là chỉ về làm ruộng chứ chưa chắc dc làm công nhân.",0,1
918,thì là vì thằng kia nó đăng cái status lên kiếm luật sư (sau khi nó xoá clip) - mấy cái hành động này của thằng gogo làm cho dư luận mặc nhiên hiểu là thằng VF gây sức ép đe doạ hay gì gì nó rồi...,0,0
919,"Có QĐ xử phạt rồi, Bưởi bị KIA 3 tháng, phạt 90 củ. Như muỗi đốt inox",0,0
920,"Ko, đừng làm hư bọn nó. Xe mình ko độ đẽo thì cứ thế mà vào, tư duy đút lót làm gì.",0,0
921,"mấy trẻ trâu với già trâu trên FB toxic lắm, nhai lại như bò năm nay Đồng Tháp có Loic rồi nên bớt được mấy thành phần cứ lải nhải ĐT chấp Tây, SG hút máu... này nọ rồi",0,1
922,Gạch vì cái hình tởm lợm,0,0
923,"Riết r cái l gì cũng lên báo dc, ai biết 1 ít về môi trường mạng quốc tế đều ko lạ patreon, quá bình thường. Có ai kề dao vào cổ ép trả tiền đâu",0,0
924,"Đúng rồi, bây giờ mà đánh tư sản thì là chơi max ngu. Vừa mới thoát đại dịch và suy thoái, đang cần đám tư sản để phát triển kinh tế, chứ ai rảnh đâu giảm giá nhà cho bọn khố rách áo ôm mua làm gì, chả có lợi gì về mặt GDP cả.",0,1
925,"Nhưng nếu không có bất kì thằng nhà đài nào mua bản quyền phát ở Việt Nam thì các đài khác có bản quyền được phép phát sóng và thằng nhà đài ở VN được phép tiếp sóng (sóng sạch, không chèn chương trình) Còn đéo mua thì đéo có quảng cáo, thằng nhà đài mất ăn nên nó bắt buộc phải mua",0,1
926,ác mồm vừa vừa thôi chứ mấy anh,0,0
927,"Thớt trước có nhiều thằng kháy đểu EVN ""sắp bị thanh tra thì trời tự nhiên mưa, thuỷ điện lại chạy đc ngay mới tài"", giờ kháy tiếp đi này",0,1
928,"Anh trật lất, nhiều vụ mấy ông U80 ép vợ con bán nhà nuôi bồ nhí rồi, dù hết xí quách nhưng vẫn phải đi ""nhất dạ đế vương"" mới chịu. Gái làm tiền ngoài cái thỏa mãn sinh lý ra thì tụi nó còn nhiều chiêu lắm đấy anh. Đến lúc hết tiền bao gái, thân tàn ma dại thì lại quay về báo gia đình.",0,1
929,"Vậy thì đừng gáy sớm fen ei, nói xong rồi không làm được nhục không fen ei. Bây giờ mở mồm ra không 1 ai bị bỏ lại không thấy ngượng ah",0,1
930,"Bọn cty vận tải nó k quan tâm mấy cái fen nói đâu. Vì 1/ Thằng cung cấp ""auto"" này phải test chán chê rồi xin cấp các chứng chỉ an toàn thì nó mới bán ra. 2/ Bọn vận tải chỉ cần mua cái này + bảo hiểm. Lỡ có tai nạn thì thằng bán auto + bảo hiểm lo hết. 3/ Chi phí tiền lương cho tài xế đường dài rất cao, nó cắt được cái đó thì nó mừng thấy mẹ luôn .",0,0
931,Mua ở siêu thị và chợ thằng này hỏi ngu thế?,0,1
932,"vozer ngáo quá, cái vụ cầm cố trái phiếu này có bị cấm bao giờ đâu mà nhiều ông comment ""nếu đề xuất này được thông qua"" Quan trọng là bank nó có dám cầm cho vay hay không",0,1
933,Cơ mà thằng dân thì éo có quyền sử dụng ngân sách để phát triển cơ sở hạ tầng giao thông,0,0
934,"nước ta về mặt này là ""tiêu thụ văn hóa"" chứ ko chủ yếu về ""sản sinh văn hóa"" nên chắc cần thời gian để hội nhập quốc tế về cập nhật ngôn từ cho phân loại.",0,0
935,"Méo có tác dụng gì hết. Dân SG trước 1975 hay làm vậy chủ yếu để ""điếu lấy hên"" (lucky cigarette) hoặc gọi là ""điếu xé tem"" và điếu đó sẽ hút cuối, dân sau này bắt chước theo chủ yếu để làm màu, kiểu như ta đây hút thuốc lâu năm.",0,0
936,"Tên khác mà, thằng Sơn Hà xịn là ""CÔNG TY CỔ PHẦN QUỐC TẾ SƠN HÀ""",0,0
937,"Lão này dạy ba xàm bá láp cho dân thường, nhưng tư vấn xịn về luật thuế má, tcdn cho dân chuyên nhé các thím. Nhìn thế chứ ko ngu đâu, có các cháu sv đi học cho “khôn ra thôi",0,1
938,Xe đéo nào chả phải bảo dưỡng,0,1
939,Cái thời 2k chỉ xem phim Kim Dung mà ít thấy ai dùng từ hảo hán ngoài đời. Giờ qua 1 câu của thằng giang hồ mà giờ lên mạng đâu đâu cũng thấy các cháu dùng,0,0
940,Cắt hết điện nước chứ còn gì nữa. Tìm hiểu thử có thực sự hết tiền ko? Hết thì cùng tìm cách tháo gỡ. Có 1 số người còn tiền nhưng lợi dụng để ko trả hoặc chưa muốn trả. Với loại này thì đuổi thẳng. Giết gà doạ khỉ,0,0
941,"tôi khuyên các anh simp lỏ lên né mấy thể loại đó ra, không thì tàn 1 đời trai chìm 1 đời chim",0,1
942,tiền ăn xin thuế vẹo gì,0,0
943,"Thôi mấy ông la làng, chửi đỏng con gái 30 ngta dẩm, chứ tôi thấy mấy ông đang hâm hâm, hấp hấp. Nói chuyện khùng khùng, điên điên, khó chịu với đời rồi đây nè chẳng hay mấy ông anh bao tuổi? có vợ hay chưa mà vẫn dẩm thế này đấy? Có vợ r mà vẫn thế thì e rằng thuyết ""30 còn độc thân thì hâm hấp"" là sai ròi ạ",0,1
944,"thấy bảo lách trốn thuế thôi, 3 ae từ chối hết, ts bọn tư bản nhận thừa kế phát đóng thuế 50%, vl, nhận xong khéo cổ phiếu sập luôn à",0,1
945,Má. Tiền của mày mày chuyển cho ai thì công an sao bắt. Cá nhân chuyển tiền cho cá nhân nó khác. Còn Google chuyển tiền cho cá nhân thì đánh thuế đúng rồi.,0,0
946,Mua bán cái con khỉ,0,1
947,"Không phải dân trong ngành hỏi ngu thế chúng nó chưa chửi cho là may, 2 mảng khác nhau",0,1
948,"Ờ thì đúng rồi, bỏ hết mấy cái trong hđ ra rồi ""đòi"".",0,0
949,Mày nói cứ như nó chịu mày rồi đấy.,0,1
950,Có làn đường cho xe đạp đâu mà thí vs mạng. Nội đi trong tp hít khói bụi chen lấn chết cha r,0,0
951,"Tao con trai tao còn thấy thằng nào có ""chí tiến thủ"", thằng nào không. Mày không thấy được tức là mày không có nên thôi đừng quan tâm làm gì cho mắc công",0,1
952,"Cái văn hóa làng xã ăn vào máu rồi, thành ra vô pháp vô thiên như chuyện hiển nhiên, động chạm tí lại lôi cái chữ tình ra.",0,0
953,"bớt nghe mấy thằng youtube xạolol đi, gửi link báo đây. Vụ to thế mà không có báo à",0,1
954,do 2 vợ chồng nghèo + 15 con chó cỏ thôi,0,0
955,"Vậy thì dẹp luôn khỏi chia chác gì sất, 1 mình hưởng hết gia tài, toà nào nhận vụ kiện này cũng xàm. Không có cơ sở gì cũng thụ lý",0,0
956,"nhưng bệnh nặng thì đéo thằng nào mò sang viện tư chữa mới hay. Như đà nẵng, khám tư to tư nhỏ chi, không hết bệnh cũng chở con ra 600 giường. người lớn thì chạy vô đa khoa.",0,1
957,Vậy sao Mỹ hút hết mẹ tinh hoa mấy nước khác vậy bạn.,0,1
958,"Tôi thấy mấy bài báo liên quan đến thị trường điện là y rằng dưới bình luận có mấy đứa đéo hiểu gì về luật thị trường điện hiện tại. Hở ra đòi tư nhân hóa giảm giá điện này nọ. Lên bao bài giải thích rồi, tự tìm hiểu luật chơi của nhà nước đi các bạn trẻ.",0,1
959,"ơ, thế là có kèo rồi à? để xem đội ""ý thức cao"", ""văn minh"",... làm đc gì ngoài việc lên mạng cào phím khóc lóc vì cái pô xe?",0,1
960,Sao bạn lại ghét bố mẹ ông bà nhà bạn thế. Con cái mất nết,0,2
961,"So tổng tài san làm éo gì ? MUFG gồm cả ngân hàng Mitsu, nó tính cả tổng tiền gửi của người dân, các tổ chức gửi vào thì chả lớn. Tài sản đó là tài sản Ngân hàng tạm nắm giữ, ko phải tài sản thật của Ngân hàng, So vậy thì các Ngân hàng TQ nó nắm trùm thế giới chứ éo có Nhật đâu.",0,1
962,Thách dám luôn. Xã hội nào mà dám xâm phạm tới những quyền cơ bản nhất thì đéo ai thèm ủng hộ và tuyệt diệt dần thôi,0,1
963,"Tôi cũng thế, tối chưa thấy comment nào tự xưng dân đà nẵng mà đi cười khi tỉnh khác cũng dính cả. Bây giờ mỗi ca ở tỉnh khác là 1 mối lo lớn, hay ho đéo gì mà cười....",0,1
964,"Chả ai chửi con chó vì nó là con chó. Tôi không ưa bọn làm phim chứ tôi cũng éo biết đạo diễn nó có quyết hết được hay không. Fence đang nhảy vào đầu tôi mà đánh giá tôi đấy. Những gì tôi nói là dựa vào những gì cả đoàn nó thể hiện kia kìa, chứ cũng chả bịa ra đâu.",0,1
965,"Thật ra mấy má còm kiểu cảm tính thôi, thông cảm đê! Tất nhiên là nó không sai, đúng hoàn toàn là khác. Nhưng từ lâu rồi, đọc được cái bài kiểu dạng như này, tôi méo cảm thấy ""công lý và pháp luật được thực thi"" - mà đáng ra nó phải có và nên có. Đọc xong toàn cảm thấy kiểu : ""định mệnh, sao éo làm quan ăn cắp cmn 26 tỷ, rồi nhận lỗi trước dân hay về làm người tử tế"" ... đại loại thế. Tất nhiên mình cũng nên tự kiềm chế để không combat bậy bạ bằng cái cảm tính của mình. Nhưng quả là có nhiều người đang nhìn nhận như vậy lắm. Và nó làm những thông tin có tựa thế này càng làm họ cảm thấy bất công nhiều hơn là công bằng - cho dù nếu công bằng kiểu ấy thì nguy to! À, nhắc lại là tôi ko nói ông ăn dân trong bài đúng nhé, ko lại chửi!",0,1
966,Cơ mà trời mùa mưa thì ô nhiễm kiểu dell gì nhỉ ?,0,1
967,Xem cách ứng xử là biết hơn đứt thằng ranh con kia rồi,0,1
968,Đù 20 củ 1 tháng mới ra trường á. Ghê vậy Bộ phận nào cũng thế ah ?,0,1
969,"Vớ vẩn, sao lại đổ lỗi cho thằng dân thế?",0,1
970,"Thuế vat, tncn thì Mỹ đánh thuế thấp hơn Việt Nam đấy bố",0,1
971,Kinh tế khó khăn mà lỡ đi nhậu bị thổi phát là bay mẹ nó 1/2 tháng lương thì bố thằng nào dám nhậu nữa,0,1
972,Bên next voz kể chuyện toàn méo có hình. Mất chất vãi,0,1
973,"Thớt kiếm đâu ra được 2 tờ 200đ vậy, tôi tưởng loại này tuyệt chủng cmnr",0,1
974,Bọn Tân 1 cú và thằng Vinh Vật Vờ cũng là vozer hết đó. Nghe cách văn phong của bọn nó thì còn là vozer trước 2014. Kể cả không phải vozer cũ nó làm truyền thông nó cũng phải hóng hớt những chỗ đông người chứ.,0,1
975,"Cái đầu báo cháy, cha đẻ và nhà sản xuất nó để 7m5. Ông VN mới thay đổi còn 5m5 hay sao á. Nhỉ hơn cả thằng cha đẻ luôn cho nó an tâm.",0,1
976,Nhà có cái bể ngầm mà đéo hiểu sao hôm nay ng ta báo số nước 280. K hiểu là do đồng hồ sai hay bể bị rò,0,1
977,"I10 sedan trông ngu ngục kinh lên được, trông như hộp diêm",0,1
978,"Học giỏi nhưng ngu về nhận thức thì tự đào thải thôi, ngay cả việc chọn trường đào tạo tốt và trường trung bình thì từ học lớp 12 và khi đăng ký thi xét tuyển nó đã định hình được r chứ k fai để nhắc. Vote...kệ mẹ nó",0,1
979,"Tôi nghĩ bọn nó đủ trình mò đến TĐ thì khoa học kỹ thuật cũng vl lắm rồi, cần đếch gì bắt người làm culi, tốn công tốn cơm mà chắn chắn ko hiệu quả bằng xài AI, máy móc. Khả năng cao đám alien này nếu đến đc thì cũng vượt tầm nhân loại quá xa rồi, giống như anh đi ngang qua 1 tổ kiến vậy, anh có thể ngắm nghía nó 1 lúc rồi cũng kệ đi tiếp thôi.",0,1
980,mấy thằng page 1 cũng cấp tiến thượng đẳng quá cơ tẩy chay kiểu đu trend trà xanh chứ nó làm gì quá đáng đâu bao giờ tẩy được đám chipu virus hẵng tự hào,0,1
981,"Luật nó quy định thế rồi nên đúng quy định phải xin ý kiến cấp có thẩm quyền. Nhà nước làm đúng luật các bố cũng chửi, linh động cũng chửi đéo biết đường nào mà lần",0,1
982,Có chạn mà không biết chui vote ban ... tôi tưởng nó bỏ ông vì ông nghèo chứ bỏ ông vì ông đ muốn cưới sớm thì do ông ngu và ảo tưởng thôi ... thức tỉnh đi trưởng thành lên,0,2
983,"Thế khu bảo tồn thiên nhiên thì tuyệt đối 100% rừng, tuyệt đối người dân không được sinh sống, sản xuất kinh tế hay nuôi thủy sản à? Ở đâu ra cái thói ngang ngược như thế? Tư duy ngang ngược của anh bạn và các anh bạn có suy nghĩ như anh bạn chứ anh chửi nào?",0,2
984,Tôi lạ gì cái văn thằng này.,0,1
985,"Mày lật sách sử ra đi, hoặc là google không tính phí, đến thế kỷ 12, 13 thằng nào mới là số 1 thế giới, vậy cho nhanh he ??",0,1
986,"Nghèo hèn thì đ ai nhìn, phất lên 1 phát mấy nghìn anh em",0,1
987,Vozer làm đếch gì có thèn nào giỏi toán,0,1
988,"""Chúng mày vẽ ra thêm mấy cái loè loẹt, mỗi năm 1-2 mẫu, đặt tên nó là T.R.D rồi bán cho bọn Việt Nam nó mua. Kiểu gì chúng nó chả mua"" - CEO hãng nói trong 1 buổi họp nội bộ công ty",0,1
989,"Đây gọi là méo biết gì mà nổ này. Mấy đứa mânger của bọn ghtk 20 năm trước toàn thò lò mũi xanh ấy học hành con mẹ gì. Ở 2, 3 kho con gấu làm trên HN toàn thấy bọn 9x làm mânger tình hình các kho khác thì ko rõ",0,1
990,"Đọc đéo hiểu à? Nta muốn giữ cái nhà vì đấy là mái ấm của cả nhà, nta ko muốn chia xa nó, nếu giữ lại thì vẫn tốt hơn là bán đi rồi tìm nhà khác. Chứ có dòng nào nó đòi chia tiền của ông bố ko?",0,1
991,"nhìn phe vé tự nhiên liên tưởng tới phe ""đất"" nó phe phát 23 lô. đấy là còn lên báo thì biết ấy chứ có khi những vụ nó phe cả trăm lô cũng có ấy chứ",0,1
992,"Ông nói 35 tuổi làm cái cc gì vậy? Chính cái 35 tuổi mới nói nó không còn là gánh team, nó đã ở sườn dốc cuộc đời, nốt vụ wc này thì nghỉ luôn sự nghiệp ở tuyển quốc gia được rồi.",0,1
993,mấy cái thể loại 2 làn đường cong cong vẹo vẹo thì gắn mác cao tốc làm éo gì ko biết,0,1
994,Mấy cái trung tâm GD thường xuyên này loạn vl. Học sinh toàn gì gì đâu,0,1
995,Anh cứ làm to lên làm đơn tố cáo gọi cả công an nữa. An tâm riêng vấn đề dịch bệnh thì chính quyền không dám làm bừa hay bao che gì đâu. Chỗ ăn đầy chỗ ngon chả thằng ngu nào dại dây vào mấy cái bị soi trọng điểm như dịch bệnh cả.,0,1
996,"cơ sở éo j, trong quân đội cũng kỉ luật khi sinh con thứ 3, cũng điều chuyển các kiểu, hài vl",0,1
997,"tội vl nhỉ, mạng sống đang đếm ngược từng ngày chứ trị khỏi thế nào được, lúc nào cũng treo cái án lơ lửng trên đầu ""khả năng tái phát sau X năm"", may mắn kéo dài được lâu, chứ tái phát lại thì hết cách",0,1
998,"Anh có muốn coi chó là bạn thì cũng chỉ nên nói “chó của tôi là bạn của tôi” thôi, chứ cứ tuyên bố chung chung “chó là bạn” thế thì có tham lam quá không?",0,1
999,"vũ đạo chán, điểm nhấn đéo có, nhảy cứ ngang phè phè, chẳng có cao trào cmg, cũng chẳng có mối liên kết giữa nhạc với vũ đạo, cứ như lũ học sinh cấp 3 nhảy văn nghệ trường, cóp nhặt mỗi cái một tí trộn lại ra cái bài nhảy nói thật chứ kh phải gato nhé thớt.",0,1
1000,"lol anh là admin anh nghĩ thế anh quản sao được, t k tin là cái forum này cãi nhau 3 chục page hơn mà mấy thằng ngu luật lại đè được mấy thằng hiểu luật đấy, nói như anh thì có kết quả của toà chắc gì đã xong, vụ cont trên đâm innova đấy...",0,1
1001,Sờ đất phú quốc xem có phỏng tay k Bờ biển thì để cho resort nó lấy hết mịa. Đéo có lấy 1 cái đường ven biển mà ngắm cảnh như đà nẵng,0,1
1002,"Thím đc chọn thì khối thằng nước ngoài cũng phải đc chọn, slot còn đéo đâu mà đến lượt",0,1
1003,"E thừa biết thím chỉ muốn móc e thôi, vì e viết ra thì thím lại bảo ""viết khác éo gì copy gg"" thì đúng rồi kiến thức học gg chớ đâu ra. Vấn đề ở đây thím ko hiểu là bọ đú nó còn ko thèm xem, nó mua vì bắt chước người khác để có cái khoe giàu thôi, vì nó muốn người khác biết nó giàu, nó thích sĩ diện hảo.",0,1
1004,"22 trở xuống nhé, 25 tuổi bận đi làm thời gian đâu mà nghe mấy thể loại này",0,1
1005,xoá mẹ bài đi vừa đăng đã nhận được một đống gạch . Bố tôi thuộc hàng khó tính không top 2 thì cũng top 1 . Ráng nhịn nhục thôi,0,1
1006,Vớ vẩn. Bằng chứng ko có. Ăn nói thế có mà chết.,0,1
1007,Kể cả nó có làm cái gì thì nếu hành xử như thế cũng là loại hèn. Sống sao để nó còn phải nể mình chứ còn để nó khinh ngược lại thì còn nhục hơn.,0,1
1008,Ông này càng nói càng nhảm!,0,1
1009,"Đéo biết lấy số liệu chỗ nào, chứ nhà tôi vợ nó nhác vl, làm việc nhà phải đến 90% là tôi",0,1
1010,"Ít ra phải như cụ Shanks, thằng trẩu tre Kid bố láo thì cho thành người khuyết tật luôn",0,1
1011,"sống bần tiện đ chịu đc, vứt mẹ nó đi mua đôi khác mà mang",0,1
1012,"Công nghệ giầy nó ở tầm vũ trụ. Ko thể copy đc. Thế mới hay. Giờ đến các công nghệ it mã hóa ầm ầm nó còn mở ra copy đc. Nhưng công nghệ của 1 đôi giầy thì khác. Đéo ai có thể copy đc. Thế mới hài hước cơ. Xong còn có kiểu bịt miệng chửi người khác xong ngta quote thì bảo cút đi, igore cơ. Thế mới tài tình",0,1
1013,thầy cô lương 3 cọc 3 đồng lo cơm áo gạo tiền chết mẹ đ rảnh đi cứu xã hội như ông suy diễn đâu,0,1
1014,"Giả sử nhà thớt cần 50 khối thì gọi 10 khối thôi, xong bảo thằng kia ăn bớt, chở éo đủ, bắt nó bù free 10 khối, nếu nó không chịu yêu cầu nó đo lại. Oánh phủ đầu trước khi nó ăn bớt.",0,1
1015,"10 ca thế này thì 11 ca có lỗi đến từ cả 2 bên. Như vụ xả súng ở TN đó, cuối cùng lòi ra là vay tiền đéo trả, lại còn lên giọng thách thức có giỏi thì sang đây mà bắn, gặp thằng điên, nó bắn thật",0,1
1016,"Éo phải ngõ mà ngay nhà phố mặt tiền cũng éo có chỗ để xe luôn nhé, còn đỗ vỉa hè thì đang lấn chiếm nên éo chấp.",0,1
1017,"thôi lạy bố . 5 năm kinh nghiệm là 28 tuổi 50 củ ???? . Đừng tấu hài nữa , 1000 thằng được 1 thằng .",0,1
1018,"Chán mấy ông trên này quá, ko rõ thông tin thì tìm nguổn tin thân cận rồi hãy comment, cái gì mà from voz, mất mặt vl",0,1
1019,"Chỗ éo nào chẳng vậy, 96 thì xem sinh tháng nào nữa.",0,1
1020,"Anh lại đem tiêu chuẩn đông á ra áp vào tây lông mũi lõ rồi. Thằng này dùng từ ko lịch sự thì là ""thiếu tôn trọng"" thôi.",0,1
1021,Vậy là cả thớt nãy h nói chuyện với 1 thằng ko cần biết đúng sai à. Vcl thật. Phí cả thời gian.,0,1
1022,Mua miếng thịt để trước mặt nó là biết chứ gì,0,1
1023,Thằng Vova trả mày bao nhiêu ??,0,1
1024,Thế đang 40tr lên hẳn 30 tỷ rồi thằng 30 tỷ nó bỏ thì thằng 40tr nó được cái biển à?,0,1
1025,"Ôi trời ơi, các anh vật nhau với thằng ấy làm gì, nó đã có định kiến rồi thì bất kể đúng sai, nó chỉ vào chửi...cho sướng miệng thôi, ngược dòng là căn bệnh ở Voz rồi.",0,1
1026,"chuẩn bác, mấy cụ này cứ áp giá xây dựng nhà đơn lẻ cho công trình cao tầng, hài éo chịu được, còn đòi 80% diện tích thương phẩm, bó tay",0,1
1027,"có cái toilet gần 20 năm chưa xử xong, vcl thật",0,1
1028,"Ý mình nói về cái ""lượt đi"" ko phải sân Thái lan, ""lượt về"" cũng chẳng phải sân VN. Cũng chẳng tính bàn thắng sân khách, sân nhà. Tính tổng tỉ số mà thôi. Chỉ vì mục đích QC mà đẻ ra cái nhảm vl này.",0,1
1029,"Lắm ông nghĩ đơn giản, nếu dễ thế thì cán bộ gật đầu cái cho xong, tiền nhà nước chứ tiền các ông bỉ túi ra đâu mà vướng. Bọn báo chí VN thì chuyên định hướng mới nghe 1 tai thì làm sao mà phán được.",0,1
1030,"thiếu âm mưu chắc luôn, bọn Hàn này cũng thuộc tầng lớp tinh anh, ko thể chết do ngu thế đc, chắc có âm mưu",0,1
1031,"Thằng Mạnh vkl thế, bóng qua rồi vẫn gạt mồ hôi dùm à",0,1
1032,"Đi ngược lại luân thường đạo lý là đéo ổn đâu fen. Cứ có con đi, vất vả thức đêm chăm con vcl đi. Nhưng những hôm đi làm về mệt phờ người được thằng con xà vào lòng bibabibo là tan con mẹ nó hết mệt mỏi, nhiều lúc ngắm ảnh vợ con rồi cười 1 mình.. Mình cảm thấy bình thường thôi nhưng đó là hạnh phúc thật sự đấy fen. Không có con chó con mèo làm được điều đó đâu.",0,1
1033,Mấy tên như này nó bị nó mới tởm chứ múa mồm xong mong họ tự miễn thì thôi khôn như ông xóm tôi chạy đầy,0,1
1034,"Sợ ném chuột vỡ bình, cá chết lưới rách hay gì mà sao kỷ luật ""nặng"" thế?",0,1
1035,"Vl chốt lời, tỷ giá mà giảm ko kiểm soát thì nhân dân vỡ mồm vì lạm phát, kinh tế hỗn loạn đấy chứ ở đó mà chốt lời, phát ngôn thông minh tý đi. Éo phải ngẫu nhiên VN bán 1 mớ đô dự trữ đợt rồi để neo tỷ giá đc như hiện tại đâu.",0,1
1036,"Bia chiếm 1/5 trong đám này mà mày cũng tin được, thật là vl",0,1
1037,"Nghe kể 1 phía vô lý vl, nếu hèn mất thì khóc cái j",0,1
1038,"Ơ đệt, xóa hết rồi à? Không ai Đức à?",0,1
1039,"Mới 15 tuổi đã là vozer rồi sao, sao biết mà mò vào đây Mà có chạy được cũng lo ôn đi, lực học yếu lên cấp 3 học khổ thấy mẹ luôn",0,1
1040,"2 thằng con bác Hiển, bác Hội đúng quá yếu kém. Chúng nó làm ăn thế này mà cũng dám nhìn mặt 2 ông bố tâm huyết sao.",0,2
1041,Nhảm nhí mà làm như hay lắm,0,1
1042,"Vỉa hè ở Hn công nhận nhiều chỗ lấn chiếm thô thiển vãi, lấy hàng hóa chặn mẹ lại luôn chứ ko phải lấn chiếm 1 ít, chỗ sửa xe thì vỉa hè đen xì dầu nhớt. Chưa kể còn có nhà xích chó ra gốc cây vỉa hè nữa ah nhiều khi thả chó ra đường luôn ko phải xích",0,1
1043,"1 tỉ mà mày làm như lá mít ấy nhỉ. Người có 1 tỉ đặt cọc ngu đến mức ký giấy tay không có công chứng viên à . Tao đoán mày chưa kiếm ra 1 tỉ mà mày đã khôn thế rồi, người có vài tỉ chẳng nhẽ không nghĩ ra",0,1
1044,200k-300k/h thì ko ai phải đi xklđ làm gì fen à liệu mà ăn trap. Sure kèo đóng cọc 5 6 củ rồi nó phân ra mấy chỗ khỉ ho cò gáy gì ko ai biết Cái trò nhặt bóng tennis này nó rộ lên từ chục năm trước rồi và ko ít người bị lừa,0,1
1045,"hay cho câu ""rộng mà ko sâu'' sao tôi thấy tụi thi này toàn là tinh hoa của cả tỉnh, là rồng là phượng hết, có đứa đ' nào dốt đâu Tất nhiên đừng so với mấy đứa chuyên Olympic các kiểu, so vậy vớ vẩn lắm",0,1
1046,"Cái đường thì bé hai bên nó con lấn ra để đồ, cái này mà 2 xe lớn nó tránh nhau, xe máy đéo biết chui chỗ nào luôn",0,1
1047,"dẫn có duyên, wtf em này nói chuyện như cố đọc thuộc bài, trả bài chả có tí ăn nhập mẹ gì hết vào câu chuyện, kiểu nói chuyện đéo có cảm xúc gì",0,1
1048,"Thị trấn Sa Pa thì nó đéo có cái vẹo gì luôn. Cảnh cũng đéo có gì, mà đi bộ 10' hết mẹ cái thị trấn. Đồ ăn cũng tầm thường.",0,1
1049,Tôi làm công ty sản xuất .toàn công nhân nữ nhà nghèo học đến 12 .éo có nhan sắc nhưng lại thích trèo cao.đôi lúc cũn éo hiểu,0,1
1050,"Nhiều thằng bị mấy thằng dạy kinh doanh chứng khoán, forex các kiểu nhồi sọ vl. Người ta có tiền nhưng ko biết đầu tư gì mới phải gửi ngân hàng. Ai chả biết đầu tư thì lợi nhuận sẽ cao hơn, mà gặp thằng ngu hay không gặp thời như cái mùa covid này thì có mà cháy tài khoản chứ ở đó mà lợi nhuận",0,1
1051,Bảo hiểm éo xấu còn cái qq gì xấu,0,1
1052,"ông này nói chuẩn. tiếc đứt ruột 30k thì vào quản lý vin mà gào thét. cào mặt chúng nó, lên voz khóc lóc làm gì. sau này nhớ đem tiền lẻ trong người, ô tô thiếu gì chỗ nhét tiền lẻ",0,1
1053,"tại sao con người cứ tò mò về cái chuyện có người ngoài hành tinh hay ko nhỉ , có thì kệ mẹ chúng nó chứ quan tâm làm quái gì cho mệt",0,1
1054,"Đéo hiểu, tự dưng nổi 1 cục, search thấy bảo bị u máu @@ m k thấy đau đớn j cả, chỉ là nó to lên nên hơi khó chịu, vướng, mà vừa bị xong cách đây mấy phút @@",0,1
1055,Cảm giác như méo thằng nào biết tạt,0,1
1056,"Toàn bọn lôm côm chuyên việc lặt vặt, chứ công việc thật sự, đéo ai cho vác ra ngoài, vì còn phải đảm bảo bí mật công việc nội bộ.",0,1
1057,"Loại này đầy, anh kệ cmn để thời gian mà làm việc có ích.",0,1
1058,Toàn biểu hiện bệnh từ tháng 3 mà ko chịu đi xét nghiệm. Chịu mẹ nó rồi.,0,1
1059,"vớ vẩn, cái biển giả nhìn cái biết liền vì không có dập chìm quốc huy (lấy đèn pin soi nó sẽ sáng cái quốc huy lên), còn bọn làm biển giả 1 là không có công nghệ (nếu nó dập được cái quốc huy đó thì cũng chẳng bán giá 200k), thứ 2 là nếu có dập được nó cũng méo dám làm (vì làm giả quốc huy là tội phản quốc)",0,1
1060,sao thằng chủ doanh nghiệp sai xong lại đuổi thằng công nhân vậy @_@,0,0
1061,Nhầm rồi thím Báo đưa tin có thanh niên đầu to mắt cận đánh thuốc mê hàng xóm để hiếp con chó nhé,0,1
1062,"Hay fen,nhờ fen lập thớt này mà t ignore được 1 thằng dốt",0,1
1063,Người dân nào dám lợi dụng quyền tự do dân chủ xâm phạm lợi ích của tổ chức cá nhân thì có mà điên đi tù như chơi,0,0
1064,"Bác nói chuyện ngây thơ v, đóng tiền hết cả đó, chứ có cl nó cho đi dây trên cột điện v",0,1
1065,"Thôi ông ơi, nội cái câu giẻ rách ""bạn có làm dc như người ta ko mà đi chê"" thì ignore dc rồi. Feed cho nó làm gì.",0,1
1066,Ko đúng fen ơi nó là kiến mà nó đốt cũng ngứa vl.ngứa ko có thể ok nhưng ghét nhất cái mùi của nó,0,1
1067,chúng mày nt cái gì kệ mẹ chúng mày,0,1
1068,Ông bà già nó mặt đâu đến nỗi đâu mà sao nó xấu vậy? Không có tiền của ông già thì chắc như thằng bả gà,0,1
1069,"Có thì Show lên. Chứ cào phím thì có mẹ gì hay? Ai cào không được. Nói chung đéo có chuyện kiếm 100 củ/ngày mà ms mua đc cái nhà 2,5toi đã lên đây huênh hoang, chửi, khinh miệt mọi người đâu. 6 tháng lương = 18 tỏi, 1 năm lương = 36 tỏi thì chẳng có cớ gì phải ở cái nhà có 2,5 tỏi cả. Nghe kiểu thằng Giám đốc lương trăm củ dùng Ip5 + Nó kìa đen trắng quá.",0,1
1070,Nó là thật chứ viễn vông éo gì a. Khoa học nghiên cứu rồi,0,1
1071,Yep vì những thằng như anh sắp tuyệt chủng cmnr,0,1
1072,"10tr cao nỗi gì? Mấy thằng lơ ngơ mới ra trường chỗ tôi đã 10 tr, sau 1 năm là 14tr, mà làm việc như lol tôi chửi suốt ngày đây.",0,1
1073,Đọc nguồn hiểu sao tít ngu học vcl luôn,0,1
1074,Hơi khó vì ai rảnh canh mấy tiếng lần thứ 2 để soi cái lol hư hỏng!,0,1
1075,"Vãi cả trung tâm nó mới sang chảnh, ngay cả cái thị trấn nhỏ nhỏ nó cũng phồn hoa gấp mẹ nó cái HN rách nát rồi, đường xá công trình mọi thứ ok luôn.",0,1
1076,"khi nào bị diệt thì nó mới clone ra, đằng này nó viết tâm thư ""hết tiền"" thì nohope",0,1
1077,Hậu duệ của băng cướp mà cả làng làm cướp thì có khi là hậu duệ của băng “Bò béo bò gầy” cmnr,0,1
1078,Vấn đề Sướng mà đếch biết mình Sướng........ nên sinh ra thể loại dị vật tâm hồn này. Việt nam cũng đang lan rộng kìa.,0,1
1079,"Trường hợp này thì éo khuyên nổi, thôi lỡ mất tiền rồi thì làm mấy shot cho đáng đồng tiền.",0,1
1080,"Đúng, phải xét trên tầm vĩ mô. Kiểu dở dở ương ương, nửa mùa. Ngoan hẳn thì đã tốt, ông nào đi làm dc vài năm thì lại ra vẻ khôn lỏi sành đời.",0,1
1081,"Nhờ nó cho vay vốn thôi, TGĐ ký duyệt cho vay méo ai dám ý kiến ý cò gì, ngoài chuyện vay vốn hoặc xin việc cho người quen thì TGĐ NH làm được cc gì )",0,1
1082,"lại series thằng bạn - ông anh - thằng em à, tôi đéo tin",0,1
1083,Cái đệt mợ em đủ điểm đỗ CN1 với IT1 luôn ạ. Mà đỗ mịa An ninh rùi TT,0,1
1084,Túm lại là đéo đủ ăn no. Phải trồng rau nuôi cá nuôi bò mới đủ cái ăn Nhìn bọn kia thì ăn uống phủ phê. Vậy là tiến lên chính quy hiện đại chắc còn lâu lắm.,0,1
1085,"Ông nào bảo ảnh hưởng thì nói mồm thôi, có bằng chứng nghiên cứu cmn nào đâu. Tây tàu gì nó cũng lắp ầm ầm lên đấy có chết ai đâu mà lo. Mà ông thớt ko nói rõ vùng thì làm sao ae định giá được, ở quê thì chắc cũng tầm đấy thôi, chỗ mình huyện trung du của tỉnh tầm 1.5-2 củ thôi fen.",0,1
1086,"Không phải dân chuyên nghiệp thì không vào 1 mình được đâu Đợt dịch có đứa bảo t đi, giá hơn 20 củ T không quen ngủ lều ỉa bô nên đéo đi =]]",0,1
1087,trung nguyên không có tà khí mà sao con người độc ác mất dạy thế,0,2
1088,"VOz dơ thì sợ éo gì không có bản quyền, tối ngày ôm laptop điện thoại mò lên mạng coi chùa. Đến lúc giật lag thì vâu mõm lên chửi các thứ. Chỉ có dân đi làm kiếm tiền không rành mấy cái coi chùa đó muốn giải trí nhẹ nhàng tí với bóng đá thì không có mà coi.",0,1
1089,Ko ai quan tâm thông tin rác từ anh đâu mà chỉnh sửa nát cả cái page 1 như vậy,0,1
1090,"Nói như anh thì làm éo gì còn cái giá trị thương hiệu nữa Một hãng xe lịch sử gần 100 năm , biểu tượng của ngành công nghiệp xe lại so với 1 thằng phân lô bán nền học đòi vào ngành xe chưa được 5 năm",0,1
1091,nói thật công ty bèo vkl =.=,0,1
1092,"Trách nhiệm cái j nữa ko ai quân tâm đâu. Đi 1 ngày đàng chợ búa lừa đảo 1 dãy. Chỉ có giàu-nghèo, to khoẻ- nhỏ yếu, khôn và ngu thôi",0,1
1093,"Tôi thấy mấy thằng tội phạm nó toàn xăm mình thì tôi gặp thằng nào xăm là tôi né thôi. Logic đơn giản mà , ngay cái ấn tượng ban đầu đã không tốt rồi thì người ta biết đường né chứ ai rảnh mà tìm hiểu coi anh thuộc loại ""xăm tốt"" hay ""xăm xấu"".",0,1
1094,"Đéo có đâu bạn, tỉnh ngủ đi, sống tốt để không có lỗi với cha mẹ, xã hội thôi chứ đéo có chuyện cuộc sống tốt hơn .",0,1
1095,"Cái anh đang nghĩ là cách nghĩ của trẻ trâu. Gái nhiều con nó khôn vl, nó hỏi thằng hàng xóm xem xe gì đấy. Chưa kể mấy thằng anh em họ nó soi tí là biết ngay...",0,1
1096,"tiền nào của đó, HG là ngon rồi, tí có mấy thằng khố rách áo ôm đéo có tiền học toàn đi mấy trung tâm cắt giảm giờ học rồi cứ nghỉ mình hay vô chửi.",0,1
1097,Người dùng PC sướng bỏ mẹ đéo ai rảnh care bọn khổ dâm. Xem lại page 1 xem bọn khổ dâm nào lôi PC vào trước,0,1
1098,ăn 30% phí vẫn than lỗ thì là bọn chủ rút ruột rồi,0,1
1099,"xin dẫn chứng ngân sách nuôi tập đoàn với bạn ơi chứ bọn bộ công toang thì có 1đống cục , vụ đấy",0,1
1100,Có 10 tỷ ở vn là ăn trên ngồi trước rồi. Điên mà qua đó sống như thằng công nhân bình thường.,0,1
1101,"Trư chích 2 đợt, tổng 10 mũi mà giờ học back khoa đây, bớt tuyên truyền mấy thứ bạy bạ đi",0,1
1102,Đã cũ rồi còn nhắn làm cẹc gì,0,1
1103,"Làm gì mà chống + cực đoan, hình như để cờ thôi chứ có mẹ gì đâu, cực đoan là bọn thích post hình post clip sự thật thế lọ thế chai và gáy bẩn kích động người khác kìa, đa phần người bình thường éo rảnh đâu mà làm thế.",0,1
1104,"Ơ, tôi có nói bọn nó đá clb ngu đâu. Tôi chỉ buồn là cầu thủ phong độ tốt vl mà mấy mùa cái mờ ngu nó vẫn cứ phập phù chứ ai chửi bọn nó!.",0,1
1105,Sống thế đéo được đâu bạn ơi,0,1
1106,"Hại cái cc ấy thím. Về N là neutral, an toàn cho mình cho người. Cho cả xe nữa.",0,1
1107,"Có hình thì lưu lại làm tư liệu cái đ gì cũng đăng lên mạng đúng là ngu, lần sau chú ý nhé",0,1
1108,"60%, thề không chém. Ăn mặc trẩu tre tạm bợ.",0,1
1109,nó đâu cần thị phẩn hả fen. cả 1 liên minh.. thằng nào thích cứ bán. nó giữ lại để sau lại bán khi tụi kia nó hết. nó sợ qué gì,0,1
1110,"Chắc ăn ""miếng steak"" của con gấu dai nhách nên chê sang con bò",0,1
1111,Động đất trong núi thì kệ cụ nó,0,1
1112,chả vấn đề gì cả chả lẽ lại xấu hổ vì nhiều tuổi hơn mà vẫn code à. Dăm ba thằng nhóc 9x code chả bằng 1 góc mấy lão,0,1
1113,Thằng TL này may vkl,0,1
1114,"Có hàng triệu người cày hộc máu chỉ để có cái bỏ vào miệng. Vứt mẹ cái nhu cầu được giải bày, tâm sự... cái qq gì đó đi maifen",0,1
1115,Do bọn nó mất dạy thôi.,0,1
1116,sắp tết mà đéo có dư tiền tết này lại nằm nhà coi tv đánh lol thôi,0,1
1117,"À tại thấy đấy 2 cụ ra ở nhà trọ mà ko nói năng gì thì cũng lạ quá ít ra phải có tiếng nói chứ. Đấy,mấy vụ như nàythì éo thấy luật hoa quả con mẹ gì",0,1
1118,"Có cái đéo gì đâu, con nào hỏi câu đó thì chở nó đi ăn món mình thích là xong, ko phải đoán ý bọn đàn bà con gái làm gì cả.",0,1
1119,"Vậy cho vừa lòng mấy thằng hay tự hào là nơi mình nóng nhất, chê người khác ""mới nóng có tí đã than""",0,1
1120,"Ngoài yêu chó và ghét chó ra còn có rất nhiều phe, nổi bật nhất và đông nhất là phe ""người bình thường"". Tức là họ chẳng có thù hằn gì với loài chó, cũng chẳng mê ăn thịt chó nhưng cũng chẳng đội chó lên đầu, ăn chung với chó. Bạn muốn tranh luận thì lý luận logic cũng phải hợp lý 1 tí xíu. Nói sai bét nhè cả ra.",0,0
1121,1 nho Vẫn lol tóc vàng đó,0,1
1122,Link cầm bóng xong đ' biết làm gì nữa.,0,1
1123,Thực tế thì loại gì chả xảy ra trên đời mà lấy đó làm tự hào. Đời khi nào chả có thằng ngược dòng thằng điên thằng khùng. Quan trọng là cái 1 cái case cụ thể như vậy là lí do gì. Và gia chủ có vui ko hay chỉ có lên báo mới thế.,0,1
1124,"bọn Nhật Hàn đa phần nó sẽ theo đúng luật, thà chi tiền đi gặp luật sư tư vấn còn hơn chi tiền bôi trơn.",0,0
1125,"trước cũng thấy 1 kênh của VN làm mấy cái mô hình gỗ mà về mấy nhân vật hoạt hình, thấy cũng nhiều view đúng là đầu tư chất xám công sức khác hẳng bọn làm content xàm cakk nhảm lone khác đầu độc con nít",0,1
1126,1 số comment hay của mấy thằng nước ngoài nói về MC tomminay.,0,0
1127,Lãnh đạo là 1 nghề mà S.Jobs éo biết làm gì ngoài nghe báo cáo và giao việc làm. Apple là thế á. Cho ổng làm thứ trưởng thì được chứ bộ trưởng tôi nghĩ VN éo có ai đủ đk năng lực do mải ngồi mà éo nghe nữa là biết nhiều mà hiểu.,0,1
1128,Giáo dục vẫn bị bệnh thành tích kinh vl :3,0,1
1129,"Đúng chính tả nhưng sai ngữ pháp đấy bạn trẻ ah. ""teen ngôn ngữ"" là cái cc j??",0,1
1130,k ảnh hưởng tới mình thì để ý làm đéo gì cho mệt,0,1
1131,thế mày lên đây khóc lóc cái gì?,0,2
1132,"Thì cartel nó cũng làm business, cướp hiếp giết chỉ có mấy bọn não ngắn hoặc thể hiện quyền lực với bọn khác thôi.",0,1
1133,Người ta nói dựa trên những cái cmt của a đó mà kêu biết cái mẹ gì,0,1
1134,"Vl, lo sợ vấn đề giáo dục, y tế ở quốc qua có nên giáo dục top 10 thế giới, nền y tế cũng nằm trong top 10. Em gái anh giống hệt mấy bà cô già ở VN lo lắng đủ thứ.",0,1
1135,"Tránh mấy thằng sếp nói đạo lý ngu như này ra, nghỉ ngay và luôn.",0,1
1136,"Thì tui con nhà nông dân, mặc rứa có răng mô fence",0,0
1137,Thằng chỉ huy trưởng nào mà làm ăn bê bối vậy,0,1
1138,Tôi đi MPV đéo quan tâm nhưng dăm ba cái trò giả nhân giả nghĩa của mấy thằng hãng loè người dùng đéo thể ngửi nổi,0,1
1139,Thím độ đẽo gì cho nó ko?,0,0
1140,"Hồ văn cường vẫn lên, tuộc ngu ạ @halley189",0,2
1141,anh lôi thằng culi vào hang cò làm gì,0,1
1142,"Thì anh bán sang chỗ khác đi, ai bắt cố đấm ăn xôi vào EU. Còn nếu trước đây hàng cùng tiêu chuẩn như nhau mà EU nó trả giá cao hơn chỗ khác thì chứng tỏ nó ngu quá nhiều năm rồi",0,1
1143,mấy thớt này thì ko thấy con bò đ0? nào,0,2
1144,Thớt gần 40 mà vẫn chơi môn thể thao mạo hiểm trêu chó à,0,1
1145,Haizzz. Sống thế éo nào cho hợp lý nhỉ. Lỗ thì tìm cách gỡ. Lãi ít thì tìm cách lại nhiều. Mệt mỏi. Thằng cha sếp tôi nó tài sản cỡ 3000 tỷ. Mà tôi thấy nó còn stress còn khổ hơn tôi. Nhiều hôm hắn uống rượu 1 mình thấy tội vl.,0,1
1146,Thật ra đéo có thằng em nào ở đây hết...,0,1
1147,Anh đang lảm nhảm gì vậy. Voz thì ảo vcl chứ anh đang sợ gì? Anh cứ mạnh dạn đưa nguyên nhân rồi kết quả các kiểu ra chứ,0,1
1148,"Đất rộng thì k nói làm gì, chứ đất nhỏ mà cứ làm theo thầy thì banh cái nhà , phong thủy chỉ áp dụng cho nhà phố hay sao ấy, nhà cc tuyệt nhiên éo ai bàn chuyện phong thủy, ah mà nếu có thì sẽ xuất hiệm cụm từ""hóa giải""",0,1
1149,"Cái chính ko phải người ngu, mà người ra chính sách này",0,1
1150,"450 củ này là tiền học phí đào tạo chuyên sâu, sau này trong 10 năm để phục vụ bv đấy có phải cho 1 cục về tiêu đâu. Chính sách này để giữ chân các Bs lại ko đội trẻ nó vào ăn hành như chó trong vài năm đầu xong có tay nghề nó bỏ hết ra viện tư thì viện công coi như nuôi tu hú.",0,1
1151,"Đéo dám thì bảo là đéo dám, cười cái éo gì khi bản thân mình có khi còn đéo đi bộ nổi 1km 1 ngày.",0,1
1152,:3 vozfb giờ toàn mấy ông ở đâu vào tự nhận vozer để đi xin card. Thớt nhảm + spam cmt đến phát chán.,0,1
1153,Ý thằng thớt là bài nó post như 1 chân kinh. Cấm mọi người phản bát và nếu nó ko hài lòng ai đó thì sẽ chửi,0,1
1154,Liên quan đến lợi ích thì chả thằng nào đáng tin cả,0,0
1155,cứ có đủ thời gian thì kiểu đéo gì cũng sẽ giàu,0,1
1156,"Có đâu bác ơii, cả 1 vùng chìm trong biển nước, h đi bộ lội nước ngứa háng thấy bà cố luôn",0,1
1157,Thằng Văn Thanh nó ko biết chuyền hay sao nhỉ?,0,0
1158,Có phải con chủ tịch đéo đâu mà mua camry,0,1
1159,"chuẩn vl, vào SG toàn thấy ăn bánh mì nguội éo nuốt dc :3",0,1
1160,Lúc đó thì 2 thằng kia có khác gì cóc nhái ko anh? Đó gọi là kiêu ngạo chứ k phải ngu nhé.,0,1
1161,"Quan điểm hiện đại thì là ko có tội, vì đây là người bệnh tâm thần, họ bị bệnh nên mới v, nên đc xem như ko có tội, việc cần làm là vác chị này đi chữa bệnh, thế thôi, còn 2 cháu kia, cũng chả có tội gì, chỉ có bọn ngu mới hỏi kiểu ""người này người kia có tội gì mà chết"" cuộc sống là v, đâu cứ sống tốt là ko chết sớm mà ko lỗi sẽ đi sớm đâu.",0,1
1162,"Hiện tại chưa giảm giá mà ai vào cũng hỏi sao xăng chưa giảm xuống 12k, rồi nói cây xăng gian dối đéo giảm. Nói qua nói lại rồi lại chửi nhau",0,1
1163,Công ty bạn như cái chuồng khỉ vậy ?!?,0,1
1164,"Tôi thấy đa phần dân mình rất hay có kiểu ""nói mồm"" lúc chưa vợ thì ""con nào chả là con"". Lấy vợ rồi mà đẻ đc đứa con trai thì về quê ngồi: mạnh mồm lắm. Mà đẻ 2 cô con gái thì ""con gái sau nó còn thương mình. Nhưng bẵng đi vài ba năm không gặp, tòi con mẹ nó ra thằng cu. Ai hỏi cũng bảo ""nhỡ""",0,1
1165,"Mình mới đi làm gặp mấy anh đồng nghiệp best vkl, 2 tháng đầu thử việc thì mấy a cho tự bơi, tự học để làm quen công việc. Lúc đầu cứ sợ thử việc k đạt, mấy lão cứ cười hề hề bảo mày chui vô đây rồi là đậu 99% rồi, còn sau đó xem mày lì hay không. Đm lúc ấy đúng kiểu mới ra trường , nhiệt tình, ngu, kiến thức kém. Việc gì cũng lăn vào làm, ai nhờ gì làm đó. Giờ 3 năm thì cứng rồi, éo sợ gì cả. Giờ thì cả phòng đang chuẩn bị nghỉ, chính sách cty như lol, cả nhà máy tất cả phòng ban đều dự định sau tết nghỉ, ngay cả cấp trưởng phòng đều dự định nghỉ, còn dặn cấp dưới để a nghỉ trước rồi tụi em nghỉ sau. Mà ai cũng thâm niên 10 năm đổ lên.",0,1
1166,Đi chơi đêm ít thôi 10h là về nhà cho an toàn. 11h đổ ra toàn bọn trẩu vác dao kiếm đi lung tung ghê vcc nhất là mấy vùng ven.,0,1
1167,"Tin ai đéo tin,đi tin vozer bạn.",0,1
1168,ai bảo đéo phải chấm công đấy?,0,1
1169,"Bọn đua đòi, thấy người ta đeo đồng hồ nhựa thì cũng đòi đú",0,1
1170,+1 ưng để phản đối bọn Nha tặc này,0,1
1171,"Mai sau tôi bảo con trai tôi: "" mày cứ nhắm đứa con gái nào mà thằng bố nó cận lòi nhìn đụt đụt mày cưa cho tao, chán thì bỏ """,0,1
1172,"Đéo có bất kì 1 cái gì hợp lý Toàn bộ khoản chi kia đều là của cá nhân, đéo phải trách nhiệm của quỹ phụ huynh",0,1
1173,2k6 tôi với ai thế ? Tắt máy học bài đi thằng ranh con,0,1
1174,"Lớp cấp 3 tôi ra trường 15 năm, đi họp lớp toàn thằng giàu giả nghèo giả khổ. Đéo ai phông bạt luôn mới lạ",0,1
1175,"Nếu phải để xe trên vỉa hè mà không có bảo vệ trông xe thì cứ khoá cổ lại cho chắc cú. Kệ mịe bố con thằng nào nói gì, phải tự chủ động bảo vệ tài sản của mình trước.",0,1
1176,"Tao thấy mày mới là loại chụp mũ, thiếu hiểu biết đấy",0,1
1177,"Chuẩn, cảm giác lập 1 cái topic hỏi nhưng toàn thằng ngu vào tư vấn cũng mệt....",0,1
1178,Đọc cái vụ bán con bò mua 2tr bán 4tr xong mua tiếp 6tr bán 8tr hỏi lãi hay lỗ mà nhiều thằng học đại học bảo hoà vốn thấy buồn cười rồi đến thằng cha này,0,1
1179,Mod đừng close thớt. Để đây có chỗ giải trí. Bao lâu rồi voz mới có thớt chất như này. Đm kheo đêm qua thằng thớt mất ngủ để đọc caia thớt này rồi mới hiểu ra.,0,1
1180,Đã bảo là thằng lo phần đó nó đi du học rồi.,0,0
1181,"Ôi dồi kệ cụ nó đi, 1 đời ta 3 đời nó. Cứ để thoải mái nghĩ ngợi làm éo gì.",0,1
1182,"Niềng xong rồi dán veneer là chuẩn bài đấy thím ạ, chứ éo phải là làm răng sứ như đội nha tặc ""răng sứ thẩm mỹ"" ở VN đâu",0,1
1183,Con se này bị chê vl thế mà năm méo nào doanh thu nó cũng lọt top 10 smartphone năm đó.,0,1
1184,"Mấy thằng NK khóa 4 và JMG khóa 3 còn lại chắc lại đem cho CAND hay team nào đó mượn nhỉ. Kể ra đem vài thằng khóa 3 về Long An dìu dắt bọn nó cũng hợp lí. Ko biết Long An có mua được Ngọc Thắng về đá CB mùa sau ko, sau Đình Trọng mới thấy lại 1 CB có não như hắn.",0,0
1185,Thằng già bọn nó theo lý thuyết mạnh hơn già bên mình mà ... Chắc ý tụi nó là bỏ hết đám trẻ ra ... Để 3 thằng già 2 bên solo với nhau,0,0
1186,"người ta đang hỏi ""chiếc"" và ""cái"" mà, liên quan gì tới ""con""",0,0
1187,"Lol, ý chúng nó là VN đã làm trong khả năng của 1 nước nghèo rồi, hãy tôn trọng",0,1
1188,"Người dưng nước lã nó mất kệ nó tao tiếc làm gì, nó mất hay sống không làm mất chén cơm của ai, không làm hại gì ai. Chỉ mấy thằng cmt hả hê khi thấy nó chết, loại bất nhân đấy rất có tiềm năng 1 ngày nào đó làm hại người khác nên mới phải căng.",0,1
1189,Bọn Cicinathi này đúng top1 đá kinh vãi,0,0
1190,"thấy nó bảo phải đền cho thằng trộm cũng 1 mớ đấy bác, thằng trộm nó cãi là nó đi ngoài đường thì con chó nó sồ ra cắn, nhưng xem camera thì nó mở cổng vào nhà rồi.",0,0
1191,"Thôi quên đi , đã biết tính thằng kia vậy còn cho vay thì kệ cha con kia .",0,1
1192,"4 thằng ôn con, có sử dụng hung khí, tài sản bị cướp là xe máy, đủ khép vào tội cướp có tổ chức, ăn án 7-15 năm mỗi chú.",0,0
1193,Thằng này là người Mỹ thì quan tâm quái gì đến giai cấp,0,0
1194,"Mấy tay đó chấp gì thím, ai chả có mong muốn sở hữu tài sản, tây hay tàu éo khác gì nhau.",0,1
1195,Anh sai.. Hung hãn nhất là ngỗng.. Nó cũng có tính bảo vệ lãnh thổ.. Ở quê còn có nhà nuôi ngỗng để trông nhà thay chó đấy .,0,0
1196,"trông nó bần bần sao ấy, tầm đấy làm đen leb còn hơn",0,1
1197,Thớt nó nhận lỗi về mình thì các ông tư vấn làm đ gì. Phí nhời,0,1
1198,"Mùi l đó,nó hay nhét con chuột vô đó, M xin chốt 2tr con chuột.",0,1
1199,Làm éo gì có bằng chứng bọn nó nói điều gì,0,1
1200,"Đúng. Đi du lịch thì tỏ vẻ sang chảnh, thượng đẳng nên ko làm mấy trò bẩn bựa đâu",0,0
1201,"Cờ bạc, cho vay nặng lãi. Tôi có mấy ông anh hành nghề cho vay nặng lãi, tổ chức cờ bạc bóng bánh tiền tiêu k phải nghĩ. Tháng nào cũng đi lễ chùa 2 lần, còn đi khắp các đền chùa cầu xin làm ăn thuận lợi. Méo hiểu thánh nào độ nổi",0,1
1202,"Chỗ đéo nào tôi ủng hộ? Thằng lìn bạn tôi nó nuôi lúc tôi còn chưa biết pit là cái mẹ gì, lúc tới nhà nó lấy đồ tôi thấy con chó to đùng đéo dám vào thì nó kêu không sao đâu con này hiền lắm",0,1
1203,Nó đéo thích lên đấy ông ơi. Nó trùm cuối thích ẩn danh,0,1
1204,Giá trị éo gì bên nước ngoài nó có sưu tầm mẹ gì đâu.,0,1
1205,đéo tin 1 ai cả. lòng sông lòng biển đo đc. lòng người thì khó lắm,0,1
1206,Thuê kiểm toán về thống kê tài sản đập vào mặt tụi nó đi trum,0,0
1207,"M cho t vài cái tên có cây, núi, suối, làng,… đi, t ở Nhật lâu hơn m chưa gặp thằng éo nào có tên như thế cả.",0,1
1208,"28 tuổi lương + kiếm thêm tầm 20 củ tháng, mới bị thằng anh ruột quịt luôn 400 củ tiền tích lũy do đầu tư thua lỗ nợ 12 tỷ, gia đình phải bán nhà trả nợ cho thằng anh, giờ ở chung cư của bà ngoại ở HN, thằng anh thì trốn đi mất xác, kinh tế trước gần như đầu họ giờ xuống đáy xã hội. Xác định buông xuôi, kệ mẹ ông bà già, kệ mẹ tương lai",0,1
1209,Tôi cũng góp thêm 1 viên nữa... mà thực ra bao nhiêu viên cũng được. Thím nào đi đường gặp phải lũ này mới thấy căm thù chúng nó thế nào.,0,1
1210,"Cái này gọi là ""kiếm thằng bưng bát hương"" đó bác, chiều cho lắm vào nó ăn chơi, hút chích, đua xe lao đầu vào cột điện thì ko biết nó bưng bát hương cho mình hay mình bưng cho nó",0,1
1211,"học bảo mật giờ nghèo bỏ mẹ, xu thế xã hội bây giờ là mạng xã hội",0,1
1212,"Tít thì bảo ""phải chăm lo"", bài thì viết ""kêu gọi chăm lo"", tào lao",0,0
1213,"Thực ra nguyên nhân chủ yếu là con kia nó rất lỳ, đéo chịu nhường thằng chồng. Muốn tao phải là kèo trên. Vì thế sau khi ly hôn thằng Song nó phá biệt thự 2vc từng sống chung đó.",0,1
1214,"Tôi yêu thiên văn nhưng chỉ là thằng nhân viên rách, gặp hội bạn toàn CEO + con cháu Chủ tịch tập đoàn nhưng ko thằng nào muốn Việt Nam là quốc gia đầu tiên đưa con người lên Hoa Sảo trong 10 năm nữa thì tôi có nên coi thường chúng nó ko thớt",0,0
1215,Đấy là cái nghề của ngta rồi. Tiến Đớt giật tít Auto Hold bị lỗi của Toyota kéo đc đống fame giờ bổng dưng nổi hẳn nhờ 1 thông tin đéo ra làm sao.,0,1
1216,éo gì cũng biết thế này,0,1
1217,"So tiền và tài sản thì ông Nam đè chết ông Hà (nếu không tính gia tài bố mẹ để lại). Thời 2013-2014 bạn tôi đi luyện thi mà đã được chính ông Nam kể một tháng thu nhập của ông ấy hơn 100 củ. CÒn cái chuyện chửi thì quá bình thường khi có đứa tiểu bối suốt ngày cắn mình, đạo mạo thì dễ chứ mấy ai dám đanh đá",0,1
1218,Thằng thớt khoe của mà.,0,0
1219,Do thằng cha Macron này chứ ai,0,0
1220,"đi giay sandal phải ko, bị nấm đấy, bôi thuốc vào",0,0
1221,Đến 1 thời điểm phúc lợi xã hội tốt thì sẽ chẳng có thằng nào áp lực thành công cao nữa cả.,0,0
1222,Ông thớt rảnh ghê lo chuyện bao đồng )),0,0
1223,Chơi voz mà chưa biết truyện “Con chó và thằng osin” à?,0,0
1224,cứ tới tháng 9 là có thằng đăng bài này... truyền thống của vozer à,0,0
1225,Đâu bác vay nội bộ Bank mà lãi thấp lắm,0,0
1226,giày dưới 2tr đi đéo ngon đâu nói thật,0,1
1227,"Không hiểu cái văn hóa ""ăn xin card"" này từ đâu ra mà được nâng tầm thành quốc tính của Vozer.",0,0
1228,"này chắc ở hà nội nhỉ? ghế đá ở sông Bạch Đằng tôi đi ra mà thấy ghế nhựa để chiếm như này chắc tôi vứt thẳng mẹ xuống sông, ghế ở cái công viên trước nhà thờ Đức Bà 3 người ngồi được, 1 cặp trai gái đang ngồi thì tôi lại ngồi cùng cũng đéo ai dám lên tiếng.",0,1
1229,"Im lặng xem hình xem clip cho vui, éo hiểu trình bày quan điểm rồi combat nhau làm b` gì",0,1
1230,"có thằng bạn dạy lái xe giàu vkl. Toàn mấy thằng học viên cho ăn uống, nhậu nhẹt phủ phê. Lương tháng éo bao giờ đụng tới.",0,1
1231,"Mấy anh Tây chắc h hết dám lên content ""Đồ ăn đây sao rẻ thế"".",0,0
1232,"Giờ nhiều chỗ có mà. Cái này gọi là ""Chính quyền thân thiện"" cải cách trong thủ tục hành chính, tiếp dân thì phải. Chỗ a éo có thì về đòi hỏi đi. Kinh phí trích từ quỹ tấm lòng miền nam, công dân đến đk hết hôn ko mất thêm phí nhé.",0,1
1233,Tui lām tù 18/4 Mai di lâ'y !,0,0
1234,Thằng này chả ảnh hưởng gì vềkinh tế cả,0,0
1235,Mấy thằng hâm đó mà,0,0
1236,"Bỏ đi thớt, diễn đàn là một cuộc sống ảo thôi, đừng nên hình thức hoá nó. Thử hình dung ở cuộc sống thật, mình bị 100 thằng ghét cho một vấn đề cần thảo luận thì trúng gió, miệng méo, bán thân bất toại một tuần xem. Vô lý đúng không? Ai ghét mình thì kệ mẹ nó. Bị ghét và quyền được sống không liên quan nhau. Bỏ đi, đừng cố chấp!",0,1
1237,"Vậy là Cường về chứ ko phải Kiệt lặc, vãi mấy ông livestream thật",0,1
1238,atvsld là cái l gì thế?,0,1
1239,Buồn cười??? Éo ai cười thằng đàn ông mang cơm theo nhé. Thằng đàn ông mang cơm theo là 1 điểm cộng trong mắt bọn con gái cùng công ty đấy,0,1
1240,"Luật chế tài thằng có tóc chứ sao nắm được thằng không có tóc. Có gia đình thì chính quyền dùng gia đình để làm con tin mà chèn được. Thằng độc thân thì làm gì nó, cả đất nước mấy triệu thằng độc thân mà làm quá chúng nó làm loạn ngay do đội này không có gì để mất.",0,0
1241,"Có pha phạt góc chọn vị trí oke mà bị thằng gì bên Sói đè mặt đánh đầu, tý thì toang QUả đấy mà vào thì đám fan lại tâm tự. Fan giờ lộn xộn lắm, 1 mớ hổ lốn.",0,0
1242,"Và Nam Phi éo hề nghèo , người da trắng còn bị kì thị ngược ở Nam Phi. Ko như thống kê của thằng kia đưa ra là nạn rape chỉ có ở nước nghèo",0,1
1243,tùy lưu bang vs chu nguyên chương lên giết công thần nhục nhã hơn chó. nhìn lão lý thế dân lên chả giết ai còn nói 1 câu nhân tài thiên hạ đều trong tay trẫm. xứng đáng làm bá vương. còn lưu bang mãi mãi danh xưng hoàng đế ti tiện,0,1
1244,"Cái lùm má, thả hạt nhân , giết hại hàng trăm ngàn dân thường Nhật và mày coi đó là hành động giải cứu thế giới, thế sao lúc Hồng Quân nó diệt phát xít cứu dân châu Âu mày đéo nói nhỉ. Mày bị tụi thân Tây nó đầu độc giống Nhật bản rồi, ngày tưởng niệm nhân dân chết vì VKHN mà thằng TT đéo dám nhắc 1 tiếng đến thằng gây ra hậu quả, mà ngược lại xem kiểu diệt chủng đó là hành vi cứu rỗi nhân loại.",0,2
1245,"Nhìn những người như bác thông não mà tụi kia cứ phản biện càng lúc càng cùn , ức chế thay bác vl",0,1
1246,"Nhớ hồi xưa có thằng bạn kể, có cty quần què nào đó tuyển dev ABAP cũng làm kiểu này. Pv mấy vòng, xong còn bắt đi làm thử 1 tháng xem có hợp nhau ko, rồi thuyết trình, báo cáo các kiểu nữa. Nghỉ chơi với ku đó lâu rồi, éo nhớ tên cty nào để cho ae voz bỉ bôi. Fen nào biết cty nào tuyển kiểu zị ko?",0,1
1247,"Ý thức dân tộc gì. Môi trường tạo ra ý thức. Mấy thằng tây, thằng nhật sang đây lâu nó cũng ko mũ, vượt đèn đỏ hơn dân Vịt.",0,1
1248,"Nghĩ đến quả thuế TNCN toàn hơn 20-30% thì mới thấm đc mấy bố suốt ngày chửi mấy cán bộ, đường xá ổ gà, metro chậm tiến độ, nhũng nhiễu dân...",0,0
1249,"Thằng sát thủ hành động đơn độc, không có tổ chức",0,0
1250,Xin lỗi thì 90% đang ám chỉ bọn Nhật rồi,0,0
1251,"Anh chỉ thấy mấy người giàu vì nó, chứ thấy hết được bao nhiêu người nghèo vì nó? Cái này gọi là survivor bias, người ta thường nhìn vào số ít người thành công, người còn sống sót để đánh giá, mà chả ai để ý số lượng cực lớn những người thất bại hoặc đã chết trong cùng 1 trường hợp. Cũng như khởi nghiệp ấy, bọn ngân hàng bắt tay truyền thông 1 thời tung hô để các con giời nghỉ việc, cắm đất cắm nhà vay ngân hàng để ""khởi nghiệp"", được mấy % người thành công đâu, còn những trường hợp tự tử do phá sản, bán vợ đợ con, ra đường ở do bị ngân hàng tịch thu hết nhà đất thì bọn nó ko thống kê hoặc ko tiết lộ, để nhiều người lao đầu vay ngân hàng rồi cắm hết đất đai nhà cửa cho nó.",0,1
1252,"Bọn nó làm quy tắc quy trình bài bản! đã làm là làm cho xong, đúng giờ! Ham làm hơn ham hưởng ham chơi, không ương ương dở dở hay xạo lol vòng vòng, biết bao nhiêu quốc gia nể bọn nó chứ đâu gì thím !",0,1
1253,"Thật ra là 2 anh em cùng nhà nên tư duy cũng giống nhau lắm. Anh ghét Tàu thế nào thì Tàu nó cũng ghét Nhật như vậy, mặc dù bản thân thích văn hóa Tàu chả khác gì bọn Tàu thích văn hóa Nhật.",0,0
1254,"Biến thái bệnh hoạn đó là những đứa nhìn cái trong sáng mà trong đầu chỉ nghĩ đến đ# đ@t, còn ở đây môi trường học thuật, nhìn cái đ# đ@t nhưng người ta lại đem ra để thảo luận về chủ nghĩa khai phóng, nhân sinh quan, nữ quyền trong xã hội phong kiến, vai trò của tình dục trong tiệm cận văn hoá. Đó không còn là biến thái bệnh hoạn nữa mà đó là cảnh giới của học thức, hỏi người xem có cửng không thì chắc chắn có, nhưng nếu ai đó bảo vì họ cửng nhưng không thể hiện phần ""con"" của mình ra mà nói đó là giả tạo, đạo đức giả hay gì gì thì người đó nên xem lại phần ""người"" của mình xem nó khác phần ""con"" chỗ nào.",0,1
1255,"chờ xem thằng Rick làm sao để gỡ với né cái danh ""đạo đức giả"" đây",0,1
1256,"thực tế chủ xe tàu éo ai quan tâm thằng khác nghĩ gì, thấy đẹp thấy tốt thì mua thì dùng, loại ghen ăn tức ở nhét chữ vào mồm chủ xe tàu mới không ra cái gì",0,1
1257,Lên mạng ăn tục nói phét. Lương nài mà 350tr. Ai có cứ show bảng lương ra.,0,1
1258,"năm đấy có 3 phe, 1 phe vua, 1 phe cách mạng vs phe thần quyền thành thế chân vạc, tụi cách mạng vs thần quyền bắt tay nhau lật vua xong lũ thần quyền đâm sau lưng bọn cách mạng thêm 1 nhát nữa thành ra tình trạng hiện nay, lũ sv ngu dốt dù trc hay sau cách mạng cũng chỉ là tốt thí, hết mục đích thì thịt nhanh chứ để bọn nó nắm quyền thì có ngày nó làm phản tiếp.",0,1
1259,"Who nói bọn âu là tâm dịch thì lại sắp phải ""xét lại"" bọn âu 14 ngày qua, cực bỏ bu vì bọn nó lang bạt khắp nơi.",0,1
1260,"Nhằm nhò gì, cứ thêm 1 khoản thuế ""be bé"" nào đó là dư sức cover lại mấy cái thọt này thôi ấy mà",0,0
1261,Làm chuyện ruồi bu còn trơ trẽn tự hào...,0,1
1262,"con ng rất lạ lùng, hôn hít lếu lều buscus thì chê dơ chê bẩn nhưng hút thuốc bẩn hơn tỷ lần, ung thư nhãn tiền thì lại kg sợ trong khi mấy cái kia chắc 1 năm giết vài ngàn ng trên toàn thế giới",0,1
1263,Cái hay của thằng Tàu dù nó loạn lạc đến mấy nhưng kiểu gì nó cũng sẽ thống nhất thành 1 quốc gia Còn Ấn Độ thì trước thời thuộc địa của Anh chắc chỉ có đế quốc Mughal là thống nhất thành 1 khối,0,0
1264,"Không hiểu sao méo thích thằng này lắm, cảm giác lươn lẹo kiểu méo gì ấy",0,1
1265,Nhân cách phức tạp vkl vậy. Mà hóa ra mấy ông trên kia dính bait của nó hết à.,0,1
1266,Nọ đi làm gặp 1 chị bị xe máy khác quệt vào ngã ra bị xe chở LNG nó cán nát bét tung hết cả tim gan phèo phổi ra ở đoạn Kinh Môn Hải Dương đến giờ vẫn ám ảnh. Đường sá VN đúng là kinh tởm,0,0
1267,"Bắt cướp là tốt, còn đi tù là do ngu.",0,1
1268,bên mẽo nó còn phá núi để đút tượng nữa kìa,0,0
1269,"bình tâm đọc lại thì anh lại thần thánh cái văn hoá + khoa học phương tây vl. Tụi tây lông còn đang phải đi dịch chữ hán tự để tìm cách hiểu tại sao phương đông ""lạc hậu"" mà chỉ cần bắt mạch cũng chữa được bệnh hay sử dụng các loại cây cỏ chữa bệnh còn ngon hơn cả tụi tây lông kìa.Ở đấy mà thần thánh hoá english. coi nó như công cụ khai sáng kiến thức. Nếu nói tới công cụ khai sáng kiên thức mời anh đi học chữ la-tinh. khởi nguồn thuỷ tổ nhé. Biết 1 méo biết 2",0,1
1270,nếu không có chỗ dựa là những người lớn khác thì chẳng có thằng nào trong đám này dám làm những chuyện trước đây chưa một học sinh cấp 2 nào từng làm với giáo viên như thế này,0,1
1271,"Xàm ... thế hệ 8x thì may ra nói vậy được chứ, 9x vẫn còn tốt chán ...",0,1
1272,đọc từ đầu tới giờ em mường tượng được là bọn nhà giàu bên mẽo đều có chân trong chính trị phải không các bác. Thế thì nát vl.,0,1
1273,"Tui thường vào vozforums.com. Ở đây tui thường thấy thảm sát hàng loạt, bọn tâm thần đa nhân cách, quái xế lạng lách đánh võng, người cầm quyền cà chớn hóng hách nhưng lại rất tốt bụng, họ thường gửi những người khốn khổ ra đảo để sinh sống.",0,1
1274,Các bác cho mình hỏi ngu vì sao các nước biết TQ ăn cắp công nghệ vẫn để yên? Sao không kiện cmn đi.,0,1
1275,"Éo hiểu ""nghịch lý"" cái gì? Tôi lại thấy hợp lý vãi. Vào aeon mà học cách người Nhật tổ chức quản lý và quy hoạch, thiết kế đạt hiệu quả cao nhất và tiện dụng nhất. Bảo Nhật nô về khoản này tôi cũng nhận.",0,1
1276,"Tôi chỉ thấy lạ 1 điều là người giàu thế họ phải sợ chó dại lắm Tôi mà giàu thế, chắc bán kính tránh chó dại phải tăng lên thành 100 mét à ko, 1000 mét cho chắc",0,1
1277,"Xã hội ko bức xúc vì bài thơ này dở, mà xã hội bức xúc vì con cái họ phải học 1 bài thơ dở. Thằng nhà thơ và bọn báo chí ko hiểu vấn đề thực sự ở đây mà cứ thanh minh ngô nghê",0,1
1278,"ông nội tôi bảo ngày xưa méo biết ăn sáng là con mịa gì cả, từ ngày lên mười tuổi đi học trường bọn thực dân mới biết có khái niệm ăn sáng",0,1
1279,Đừng có mà mồm điêu,0,1
1280,"Tên xấu hay đẹp gì cũng chả quan trọng bằng việc giáo dục con. Đầy thằng 2k tên rồng hổ bay bướm mà đi cướp, đi tù cả mớ đó",0,1
1281,Cái clone fb cũng lao vào làm ăn được,0,0
1282,"Đến cả xã hội thời nguyên thủy, ăn lông ở lỗ còn có luật lệ để duy trì xã hội. Cái tự do ngôn luận nó cũng theo 1 quy củ nào đó. Đó là quy luật của tạo hóa rồi. Nơi mà không có 1 quy tắc quy củ thì nó giống như đáy xã hội vậy.",0,0
1283,Cái thời gian 1 đêm toàn do bọn chủ ruộng kể lại,0,0
1284,"140k đó dc bao gạo 10kg ăn cả tháng cho gia đình người già, neo đơn đấy. Ngay q11 có bà cụ bán mớ rau 1 ngay chưa kím nổi 20k kìa. Hi vọng phen nên giúp những người thực tế hơn là đám vozer láo toét lừa đảo lên mạng khóc lóc này",0,1
1285,"đi học nhé , thanh xuân rất đáng quý vì kiểu đéo gì khi bạn sẽ nhận ra mình đéo thích ngành như bạn tưởng và sẽ có định hướng riêng cho mình thôi , chưa kể ở nhà 1 năm bạn sẽ rất đù so với đám bạn cùng lứa thế nên đừng lãng phí tuổi trẻ",0,1
1286,"Thế sao bác ko nghĩ 28 tuổi mà còn ko lo học lấy 1 cái nghề thì làm gì để sống. 1-200 triệu, chơi ngu 1 lần là bay hết. Bỏ mấy chục ra học lấy 1 cái ngành. Đồ hoạ/nấu ăn/ trung cấp điện lạnh.... Thiếu gì hả bạn. Thời bây giờ, chỉ có người lười và ko có kiến thức mới khổ thôi!",0,1
1287,Mấy cái này kể lên voz nó chửi cho. Hóng nhà khoa học vào phản biện,0,1
1288,"Cực tả là cái đám Antifa ấy. Còn cực hữu là cái đám anti black, ủng hộ da trắng thượng đẳng ấy (ko hiểu da vàng mà ủng hộ da trắng thượng đẳng làm gì?). Bữa tôi mới tranh luận hết với 1 đứa rồi",0,1
1289,"ko hiểu lắm cái khái niệm ""Đơn hàng đã xuất khỏi kho"" của bọn Shopee, ai biết ko?",0,0
1290,Cỗ bàn rượu chè thì quá tốt rồi chỉ ghét mấy thằng nghiện rượu lè nhè với mấy thằng đạo lý thôi.,0,1
1291,Sao éo le vậy thím,0,1
1292,Dẵm bét nhè còn chả thấy sước với sờn anh nhé. Bám bẩn thì nó lôi ra xịt nước 1 phát là bay sạch.,0,0
1293,Chờ bay một cơ số đã cứ để mấy ông vay nợ thổi giá lừa nhau rồi đến lúc đem nền kinh tế ra làm con tin thì chết hết. Giờ cho vỡ nợ trong kiểm soát một mớ (TQ đang làm thế) không đến lúc thành thuộc địa nước ngoài không biết.,0,1
1294,"Nhân vật này mấy trẻ trâu, sửu nhi đéo biết đâu. Năm 1999 từng 1 thời say đắm trò này, 1 mình Spy cân hết team.",0,1
1295,"bọn cty bây giờ đéo thấy bảo kê người lao động như trước nữa , làm ăn cứ kiểu lời 10 thì chia 1 2 vậy thôi , chứ chả thấy chính sách chế độ gì cả , Hồi xưa ba tao đi làm du kinh tế khó khăn o có đơn hàng gì lương thưởng các kiểu vẫn phải đảm bảo",0,1
1296,"Qua 1 bức ảnh chụp xa như này thì không biết được đâu. Lại có nhiều thằng nhầm sang chai dior sauvage nữa chứ, đéo thể hiểu được sao chúng nó có thể nhầm được. Quêêêêêê",0,1
1297,"Tại vì a khôn quá. Toàn thấy cái lợi chứ chẳng quan tâm đến cái hại. Bởi cái suy nghĩ một chiều như anh nên tụi giả thần giả quỷ nó mới có cơ hội lừa người. Vì nhìn vô lợi ích quá mà, dại gì ko đâm đầu vô. Còn tôi ví dụ ở đây không phải muốn so đo phân tích với a chuyện con sói mà để a thấy cái gì cũng cần tìm hiểu, chứ ko phải kiểu nhà a ngồi trong ao làng mà đưa ra ""tôi nghĩ"", ""tôi thấy rằng"",...",0,1
1298,"có gì nghe ngu ngu thì chỉ cần thêm 2 chữ ""Lượng tử"" vào là nghe sẽ rất thông minh",0,1
1299,"Ngày xưa giáp lá cà là chính thì bên nào đông là ăn thôi chiến thuật chả qua là dựa trên địa hình, méo có địa hình hoặc gặp thằng nó chơi như kiến cỏ thì cũng chết (y như 300), thành ra tướng lĩnh đâu cần quá nhiều kiến thức, + thêm đám mưu sư nữa, tôi thì nghĩ mưu lược chủ yếu do bọn quân sư chứ còn bọn tướng cầm quân có uy là chính thôi!",0,1
1300,"Bỏ đi anh. Loại người này chỉ có thể ảnh hưởng xấu đến con anh thôi. Đừng quan tâm miệng đời. Họ có ý tốt, nhưng họ đ biết gì cả.",0,1
1301,Người dưng gặp nhau tốn thời gian cuộc đời làm hài lòng thằng khác làm gì khi đã biết trc kết quả. Up video 15s nhảm vozer nó còn chửi làm tốn 15s cuộc đời nữa là nguyên 1 buổi pv,0,1
1302,Các nác là cái lồng gì,0,1
1303,"Thế nên ngta mới phân bậc danh ca - ca sĩ - thợ hát Thợ hát thì đúng, ca sĩ thì éo phải",0,1
1304,"password mà ko bị mã hóa à , làm ăn sống nhăn vậy ...",0,1
1305,Khokng thế lấy tiền đâu ra mà hoạt động .,0,0
1306,"cp2077 xịt đéo nào, doanh thu nó cao trên kỳ vọng luôn đấy, dlc mới ra 2 tháng trước cũng đã bán dc 3tr bản rồi",0,1
1307,18 củ thì anh bỏ ra thuê giáo viên dạy 1 1 còn lên nhanh hơn làđi học mấy cái khóa onl vớ vẩn này,0,1
1308,Hài vãi bán cái sạp 400k mà nước bạn làm như đồ cổ ngàn tỷ vậy há há há,0,1
1309,"Mấy thằng Khứa Ngú là 1 phạm trù khác ko liên quan, body săn chắc nét mặt cứng như adult nó khác, tuổi 12-13 như châu Á 16-17 rồi, với lại đa số là thoả thuận chuyển tiền rồi mấy Khứa làm clip cho t thôi (trong mắt t thì đó là những tác phẩm nghệ thuật), ko có tởm lợm như tụi xâm hại bé gái",0,1
1310,"Không bạn à , hồi đó toàn là lão trư đi sỉ nhục mấy thằng xấu trai thôi",0,1
1311,Năm 2021 rồi đéo ai xem phim hàn nữa bạn.,0,1
1312,"Không rảnh lên voz chi vậy fen ?.. Lên ""làm việc"" gì trên này ah?",0,1
1313,Chửi tục là dân trí thấp?,0,0
1314,"Vios đi ù ù nhức đầu bỏ mẹ, đéo hiểu hay chỗ nào :/",0,1
1315,"Nhà đất ban đêm nó khoan đục trộm thì hàng xóm cười trừ chứ làm được mịa gì, chung cư thì còn cúp điện nước được. Nhà đất nó khoan cho rung rung nhà mình cũng chưa chắc dám sang ho 1 tiếng",0,1
1316,"Khi bạn chỉ kiếm ăn đủ bữa, bạn thấy thằng mua ip13 là phí phạm tiền bạc, khi bạn đi con wave ghẻ, bạn cũng nghĩ bọn mua siêu xe như mua áo là làm màu , khi công nghệ lõi của bạn là phân lô bán nền, bạn cũng nghĩ bọn đế quốc đổ tiền vào ngành hàng không vũ trụ là phí phạm",0,1
1317,"Tôi đã đúc kết rồi. Người nghèo: ở Tây lông sướng hơn nhiều, trung lưu: ở VN sướng nhất mẹ TG, giàu: ở chỗ mả mẹ nào cũng sướng cả, mà bọn nó cũng đéo chịu ở yên 1 chỗ.",0,1
1318,"Tôi chỉ là thằng thợ code bình thường, chỉ là trong tgian biên soạn cái cái chương trình phổ thông này có dịch hộ 2 3 quyển của Đức, NZ, coi như là có đóng góp, biết 1 ít quy trình À mà đóng góp đơn giản nhất là đóng thuế đầy đủ, hoàn thành nghĩa vụ công dân rồi đấy",0,0
1319,Đọc tít xong đéo hiểu sao lại cười,0,1
1320,"Musk nó không tweet shill tùy hứng đâu, mà lâu lâu là bọn tay to sẽ báo cho nó thời điểm bơm thổi chính xác để nó tweet nhằm hợp thức hoá cái ""sự meme"" của coin chó với nó, giữ cho cái meme ""sống"", là thứ làm nên ""giá trị"" của coin chó.",0,0
1321,"Ở đây đa số anh em đều đéo thích bảo hiểm, nhưng đéo thích thì nói thẳng đéo thích do phải tích lũy tiền hàng năm để đóng, do tự tin vào kinh tế gia đình, nguồn tích lũy có sẵn khi xảy ra chuyện.",0,1
1322,"Cúng thờ ông bà; với một người vô thần yêu nước như mình thì vẫn là CÓ, vì đấy là cái tôn giáo gốc của người Việt, mang tính biểu trưng của dân tộc Bỏ đi thì chả còn cái gì kết nối chúng ta với quá khứ, và với nhau!",0,0
1323,"Khối tài sản nghìn tỷ của những người trẻ ""sinh ra đã làm con đày tớ""",0,1
1324,"Bài ca của gió và máu, tiếng binh khí va vào nhau vang lên liên hồi. Gục ngã... người đã gục ngã dưới chân kẻ phản nghịch này... - Ngoạ triều?! Hahaha, hai cha con lũ loạn thần tặc tử chúng bây...",0,1
1325,"ý là văn hóa của nó làm việc như đám 996 ấy . Làm việc suốt ngày , chứ ko phải làm tới già rồi chết .",0,1
1326,"tầm 9-10h tập trung làm yên lặng,tới 11h-12h sau đó là giờ ăn trưa thì ồn đc,giờ nào ra giờ đó,cũng phải có khoảng im lặng cho mọi ng tập trung,chứ mà cty qq gì ồn cả ngày thì làm méo gì đc,đang rặn ý tưởng hay viết báo cáo có con/thằng nào la lên hay cười hố hố cái chắc sôi cả máu",0,1
1327,"Hồi nhỏ nghe thấy bệnh phong khiến kim đâm vào người đéo đau, sờ lửa đéo thấy bỏng... Lúc đó còn ước gì mình mắc bệnh phong để đi đấm nhau với cả trường",0,1
1328,"Đợt này có cả review phim sếch cơ, đến đoạn chịch thì bọn nó che lại 1 tí hở mỗi mặt idol sư bố thằng mark xoăn ko quản nổi",0,1
1329,"mấy anh ở trên chả hiểu mẹ gì về cái gọi là cân bằng điện tử cả, cái hệ thống ấy nó hoàn toàn làm việc chỉ bằng cách điều khiển mấy cái thắng và chỉ hoạt động khi xe mất bám đường... thế quái nào mà lại liên quan tới chuyện tốn xăng hay tua máy được...",0,1
1330,"cái câu nghĩa tử là nghĩa tận của ông nào giải thích ở trên. Ông nào trong hoàn cảnh thì mới hiểu cái kiểu, đi uống rượu say về bắt đầu đánh đập vợ con, chửi rủa phá phách đủ kiểu, nhưng sáng hôm sau tỉnh rượu lại như k có chuyện gì sảy ra, ông say đéo nhớ 1 cái gì cả, mặc nhiên mọi chuyện vẫn bt, nhưng người k say thì phải chịu đựng tất cả, và đéo thể quên đc những chuyện đã xảy ra.",0,1
1331,"tôi 8x, quãng 2kx nhiều người cũng chửi rác, đạo nhạc tàu.... nói chung nhạc trẻ thời nào chả ăn chửi, 1 bộ phận cho rằng mình thượng đẳng hơn người mà )) muốn sánh ngang tây tàu thì đầu óc người việt phải hơn người đã, đằng này.....",0,1
1332,"Bạn làm chuẩn đấy. Loại đó cứ phải vậy mới sáng mắt ra. Tiền cờ bạc chỉ ở trên chiếu bạc thôi, thằng nào cho vay kệ cụ nó đi.",0,1
1333,"Bỏ hoang 3 năm rồi ko bảo trì bảo dưỡng thì đường trời cũng nát. Cái đường này lúc V trả lại cho TP thì bên TP cho thuê tùm lum, nhất là mấy đội bán hàng dựng lều bạt đóng cmn đinh xuống mặt đường thì chả thế.",0,1
1334,Đánh răng súc miệng kĩ vào là được,0,0
1335,Chưa gì tôi đã thấy có thằng 0320 cmt vớ vẩn bên box amd rồi đó các anh liệu mà làm,0,1
1336,"thằng jack hồi xưa đi dạy nhạc đó, nhạc lý thì thằng K-ATM tuổi gì K-ATM chỉ có làm producer thôi",0,1
1337,"Tổng lực thì Nga ăn sao được NATO (34 thành viên). Nhưng UK có cảnh báo sớm của NATO bay trên biển đen 24/24, phòng không theo phương tây nữa nên là cũng chống được kha khá. Giờ CNQP của thằng UK có gì đâu, phụ thuộc hoàn toàn vào viện trợ của PT, kể cả kinh tế giờ cũng sống nhờ vào viện trợ. Bán ít ngũ cốc thì AE quay lưng, đéo cho bán nữa (EU), ra ""tối hậu thư"" thì chúng nó bảo kệ con mẹ mày, tao phải bảo vệ nông dân tao",0,1
1338,"Ai nói không bênh? Tôi bênh đây, ai có bằng chứng nói nó ăn cắp không? Toàn nói mồm suy diễn lung tung Người trong cuộc, người nhà chẳng ai lên tiếng tố cáo, toàn mấy đứa ở tận đẩu đâu tự nhận ""bạn"" thằng nhỏ xong viết tràng giang đại hải éo có tí bằng chứng nào toàn ""nghe kể""",0,1
1339,"Có mấy chục chai thôi, có quỵt thì cũng éo rảnh mà kiện. Cái trường nó già tuổi hơn con này nên thôi quên đi",0,1
1340,"ben ú lúc còn béo đá ngu bỏ mẹ ra, mới lên đồng có đúng 1 năm nay mà mấy fence làm như nó đá ghê lắm vậy ,đã thế còn scandal tống tiền clip các kiểu, real tẩy trắng kinh thật Lúc trước hình như còn đéo cạnh tranh nổi với higuain thì phải còn về stat thì hình như cho đến nay rô đĩ vẫn là người kiến tạo cho ben ú nhiều nhất thì phải",0,1
1341,Cái đất nước thuộc về thế giới thứ 3 này nó vây mà,0,0
1342,"Vì nhà nó có tiền, bố mẹ nó có của nên nó có lỗ 80tr vẫn đéo xi nhê gì, cùng lắm nhịn ăn chơi vài tháng thôi. Còn thời tôi những năm 2k-2k10 sinh viên có thể vì 100k sẵn sàng lao vào ăn thua đủ với thằng cướp có dao đấy",0,1
1343,"để xem thằng thớt nhìn đời màu hồng đến bao giờ, nó chỉ lo cho cái thân nó thì nó thấy đáng sống. đến lúc con cái, học hành, rồi bệnh tật hoặc phải kinh doanh gì đó nó sẽ thấy đời đéo như mơ.",0,1
1344,"anh nói sai, ai cũng nghĩ như anh thì chắc chẳng ai dám đứng lên khi thấy 1 thằng ăn cắp, 1 thằng móc túi, vì nhiều người như thế nên nó mới nhiều lên, như nước ngoài nó thấy 1 thằng ăn cắp là nguyên cả đám nó vỗ thằng đó ngay, còn VN thì thôi đéo phải chuyện của tao kệ cmn. thế nên nó cứ hoành hành năm này sang năm khác, còn nước ngoài thì rất hiếm thấy thằng nào lên xe mà móc túi hay trộm vặt, nhớ có câu chuyện mấy anh VN qua nước ngoài dở trò 2 ngón, thế là bị ăn đập 1 vố từ đó bỏ nghề, nó mà sợ như VN thì chắc giờ nó thành đặc sản VN mang qua nước bạn rồi. vậy như anh kia nói nó có phải tụt lùi ko.",0,1
1345,"mở quán mà 100tr thôi à? chắc trụ đc vài tuần sập. bảo đảm tiền của thằng thớt mất luôn và đéo bao giờ đòi đc, bả sẽ viện đủ thứ lý do như thua lỗ cô cũng đâu muốn, cô cũng mất tiền vậy...blah blah",0,1
1346,So sánh ko liên quan. Cái này về văn hóa chứ liên quan gì chính trị mà bạn lái vào ? Mũ cối nón lá nếu có xấu thì cũng đâu vị phạm công ước quốc tế hay bị các nước lên án như đường lưỡi bò ?,0,0
1347,"chả hiểu luôn, cứ bài nào nói về TA là y như rằng lại có cái văn thằng Philippines biết TA nhưng nghèo. Rồi lại lôi thằng hàn thằng nhật năm 2023 lúc nó giàu sụ rồi để nói trong khi thằng nhật năm 1960 hay thằng hàn năm 1980 lúc nó đang phát triển thì chả thấy nói.",0,1
1348,"Anh chắc lên núi tu đạo những năm 2000 giờ mới xuống phải k,thời nay trai hư kiểu gì mà éo có việc làm lông bông chơi đồ ? Cái anh đang miêu tả là giang hồ thôn,thành phần bá dơ thì có Trai hư thì k phân biệt giàu nghèo,chỉ cần giỏi tán gái,lưng quần lúc nào cũng dắt dăm ba mối,k có định nghĩa chung thủy,đ!t nhau như gà là đủ. Tôi mắc cười định nghĩa trai hư của anh quá ! =]]",0,1
1349,"hồi trc con nyc mình còn hay cho mình xem tin nhắn mấy thằng tà lưa nó xong hay cười với nhau rồi chê kiểu ""thằng này tán phèn thế"", ""văn gì loser thế này"" cứ mấy hôm chán chán lại lôi mấy ông ra giải trí vui vl",0,1
1350,"đang 28t, bị gia đình họ hàng dí cưới nhanh trong khi người yêu ở đâu thì còn chưa biết. Sang 30t lúc đó già mẹ rồi làm ăn cc gì nữa.",0,1
1351,đi làm về nhà lên voz bình luận nhảm nhí tí,0,0
1352,"những đứa đề cao vấn đề tiền bạc thường éo có hạnh phúc gì đâu! quan trọng là biết chấp nhập thực tại, biết mình như thế nào thì mới có hạnh phúc! chứ loại ko có tài ba gì, cá sấu... mà đề cao tiền bạc thì chắc chắn 100% là ko hp",0,1
1353,"HIểu đơn giản là văn hóa của Mông Cổ không như vậy . Có một hội đồng kiểu như hội đồng quản trị bây giờ sẽ bầu ra CEO kế nhiệm, tên của hội đồng đó là Hốt lý lặc thai Vì cơ cấu của quân Mông Cổ là ""Liên minh các bộ lạc"", không phải một dân tộc riêng biệt nên đương nhiên sẽ phải làm cách đó để bầu ra người có uy vọng nhất . Kế tục kiểu cha truyền con nối cũng có, nhưng chỉ là trong phạm vi bộ lạc thôi, không áp dụng được với ""Liên minh các bộ lạc""",0,0
1354,"Bồ câu là tài sản xhcn, thằng nào dám đém ra làm vật cản ???? Muốn ăn tội phá hoại tài sản xhcn hả ? Lấy xe của dân thì ok.",0,1
1355,Ủng hộ nhé. Tháng éo nào cũng phải nộp thuế thu nhập cá nhân. Tiếc vl,0,1
1356,"Lữ bố ko hề ngu nhé, nó chỉ bất trung",0,0
1357,"Nhiều đứa cứ tẩy đen là tđn nhỉ! K thấy trẹo mồm à? Tẩy trắng và nhuộm đen, nghe chưa!",0,1
1358,"tư tưởng trọng nam khinh nữ, mạng xã hội dẩm lol, chênh lệch giới tính và các vấn đề bất cập xã hội khác nữa... đóng góp vào. Buồn làm gì thớt, ko yêu nữ chuyển sang yêu nam cũng đc mà",0,1
1359,"Bắt nó vì gây rối trật tự công cộng chứ phản cảm gì,",0,0
1360,"Bạn giải thích hộ cái hội ăn chay sát sinh ầm ầm mỗi bữa ăn diệt hàng trăm hàng ngàn sinh mạng cỏ cây. chưa kể bào thai (hạt đậu) cũng lôi ra chế biến thành đậu hũ để thỏa mãn dục vọng bản thân thì cái nghiệp sát sinh này trả sao nhỉ. Đừng bảo là cây cỏ không phải là sinh mạng nhé. Phật dạy ""chúng sinh bình đẳng"" đó",0,1
1361,Bọn tây comm bao h cungx hài,0,1
1362,"Nói chung môi trường tạo nên con người. Như con nhỏ này: 15-16 tuổi thôi- não nó còn suy nghĩ rất rất chi là ""ngây thơ"" nó không hề biết hậu quả là cái gì. Nó là kết quả của 1 gia đình không biết nuôi dạy, nghèo từ tiền bạc đến nhận thức. Mấy fen nhìn việc nó xin donte là hiểu- nó quan tâm gì đến con nó. Nó chỉ cần tiền và tiền dùng để ăn chơi thoả mãn cái tuổi ""hưởng thụ"" của nó. Nó còn quá nhỏ để nhận thức được hành vi sai trái của bản thân. Nên mấy fen chửi nó cầm thú thì thừa thải quá. Không chừng suy nghĩ bây giờ của nó là: ""con chêdt rồi thì ko còn lí do để xin tiền, hoặc con chết rồi thì khoir phải cho nó ăn, khỏi phải nghe tiếng nó khóc.:stick:"" đáng thương",0,1
1363,"Vậy thì VN nohope, ngay trong voz là diễn đàn cấp tiến, dân trí cao nhất cả nước mà cũng toàn tư tưởng ""nhà đất n - 0 chung cư"", topic nào về bất động sản các vozer cũng chửi bọn mua chung cư ngu, sao ko mua nhà đất mà",0,1
1364,"Anh chưa thấy chỗ nực cười hả . Bỏ 7 tỷ ra mua chiếc xe thể thao->đạp lên 120->hư, Lại còn ""test"" 120 nữa . Đã vậy còn ráng vặn dụ xe 2 bánh vs 4 bánh. Còn nếu nói thằng nào lên 100 trước thì đám khối phân lớn chấp xa mấy con này",0,1
1365,"Tư bản kém thế, ở xứ X ngày xưa lãnh đạo còn ăn cá với đi tắm biển ở vùng cá chết hàng loạt chứ chả cần xử lý xử leo gì kìa",0,1
1366,"Thề nhìn connan ĐL nó hèn hèn hạ kiểu gì. Bữa ở xóm có đánh lộn có cầm dao các kiểu, cách đó tầm 50m là trụ sở công an phường, mà éo thấy thằng nào lại, mặc quân phục có súng đứng tụm lại nhìn nhìn. Mặc dù lúc đó đang giờ làm việc.",0,1
1367,"Mỗi ngày chống đẩy 100 cái, hít đất 100 cái, chạy 10km, khi nào tóc rụng hết thì siêu xayda tuổi lol với fen luôn",0,1
1368,Tại sao ae kĩ sư ko đi thầu. Mấy ông này có học hành mẹ gì đâu vẫn lặng đc.giỏi vl.,0,1
1369,"truyện quan thần, theo mình nó là no1 thể loại quan trường tàu, bọn khác xách dép hết",0,0
1370,Trong vào đạo đức cá nhân khác gì trông chờ cán bộ tham nhũng tự thấy nhục nhã mà từ chức.,0,0
1371,"Trên đời này bấy kỳ vật gì quan trọng hay ko, là do cách fen suy nghĩ. Fen nghĩ nó quan trọng, thì fen cho nó là quý giá và ngược lại. Ví dụ như mấy cây lan, có người cho nó là quý giá, tính tiền trăm triệu tiền tỷ 1 cây, với tôi nó còn đéo bằng cây rau muống. Trinh tiết cũng tương tự cả thôi.",0,1
1372,Con chó phim đất phương nam giờ sao rồi nhỉ?,0,2
1373,"Drone vướng ""mạng nhện"" các thể loại dây điện, cáp rơi xuống dân nhặt đi bán đồng nát",0,0
1374,Các mày đéo biết gì cả. Cs sinh ra ở vạch đích chán bỏ mẹ. Phải lùi lại để đi nó mới có màu sắc cuộc sống.,0,1
1375,Chỉ 1 số ít giáo viên hành hạ đánh trẻ con mà cả xã hội bu vào nói thợ dạy này thợ dạy kia. Lương giáo viên đã thấp mà đến cái danh tiếng cũng mất luôn. Khốn nạn thay nghề giáo viên.,0,1
1376,Điều 114. Tội phá hoại cơ sở vật chất – kỹ thuật của nước Cộng hòa xã hội chủ nghĩa Việt Nam,0,0
1377,Thấy nhạt vl ông ơi,0,1
1378,Nhà mày sống dơ bẩn cũng đừng nghĩ người khác như vậy,0,2
1379,Cái câu mây tầng nào gặp mây tầng đó là dùng để khuyên đừng nhìn cao chứ đéo có cái đạo lý hay văn vở nào lại xúi người ta khinh rẻ người khác cả.,0,1
1380,"Quy luật thị trường thôi, tao đéo quan tâm thằng nào bán hàng cả. Mua hàng đắt tiền thì thằng nào rẻ nhất cho đồng kiểm thì tao xúc. Hàng rẻ tiền thì dễ dãi xíu cũng được. Đéo bao giờ thanh toán trước nên đéo ngán thằng nào. Thuận mua vừa bán.",0,1
1381,"Cám ơn bạn nhé , 40% chưa trừ các chi phí ra. Nhiều thằng trên này nó nghĩ ngta làm quán ăn lời hết phần nhà nó nên thấy dịch là cầu phá sản.",0,1
1382,Ko thím ak. Em ko phải ngu mà dính vào đa cấp. Chỉ là 1 cuộc làm ăn thôi.,0,1
1383,"Đức nổ ráo chủ đầu têu vụ lót tay khủng vô lí chứ ai vào đây! Dạo 1 vòng google Hagl thời 2001-2003 là thấy. Giờ bổn giáo bị nghiệp quật, nghèo xác xơ éo có tiền mua cầu thủ",0,2
1384,"Có thống kê nào nói cần phải nhiều thằng vớ vẩn hơn là lò tốt hơn ko? Cái ngta cần vẫn là cầu thủ đá chính cho team 1 thôi ông ạ, còn bọn dạt dạt đéo ai quan tâm, thế cho nhanh nhé",0,1
1385,"Rồi đám dân chủ, nhân quyền sẽ bảo cs vô trách nhiệm với dân, còn cưỡng chế thì cs đàn áp cướp đất của dân thôi",0,1
1386,Vãi nhái. Đất độc BD à,0,1
1387,"Hội bảo vệ động vật kiện bỏ mịa, chim chóc nào sống nổi",0,1
1388,Ghét nhất mấy thằng điên lái bus. Nhưng ko có nó thì đám sinh viên nghèo khổ,0,1
1389,"Lập lờ đánh lận con đen thì có chứ đổ thừa báo chí gì. Bây giờ chứ phải 20 30 năm trước méo đâu mà bv . trường học còn đông Với BV , trường học có hẳn biển giảm tốc độ có người qua đường rồi. Còn nó k giảm là ý thức chứ về 30km chắc nó theo ?",0,1
1390,"Thằng sin air cũng rảnh, trường hợp này đáng lẽ phải bênh nhân viên. Phần thái độ chừng nào có clip, dân mạng vào chửi tính tiếp chứ không có clip thì cứ y quy định mà làm. Xin lỗi chả khác nào thừa nhận nhân viên có thái độ phân biệt người tàn tật.",0,1
1391,Lên voz xàm lol là một niềm vui khó cưỡng,0,1
1392,Tele thì ông đang chat với thằng 40t bụng phệ râu ria xồm xoàm nào đó rồi,0,1
1393,"Một thằng cổ đông phát biểu ngu kéo theo một đám dân mạng kém hiểu biết tung hô, kiếm fame. Thế là có rất nhiều bài báo. Có chửi bới gì thì là cổ đông cũng cần hiểu là STB là ngân hàng trong diện tái cơ cấu nên Ngân hàng nhà nước cấm chia cổ tức cho đến lúc nào được xác nhận là cơ cấu xong. Thế thì bố anh Minh xoài cũng không ai dám chia cổ tức. Chia cổ tức để nhập đội Juve à?",0,1
1394,"uh cứ gáy đi, bỗng dưng 1 hôm mày vẫn không uống mà nó lại nhảy lên 0.001 đừng lên đây khóc nhé.",0,1
1395,"Bắt nạt học đg là cái gì đó ko thể ngăn chặn dx, đúng chân lý mạnh dc yếu thua, ko phản kháng hay làm liều một lần thì đéo bao h thoát dc bọn bắt nạt, bản thân t cũng bị bắt nạt 2 năm lớp 6 7 sau cầm dao đi xiên lén bọn bắt nạt thì chắc học THCS bị bọn nó dã thường xuyên rồi",0,1
1396,"Đúng là mỗi nhà mỗi cảnh. Nhà tôi thì bà ngoại ko mê tín nhưng toàn dạy cháu nói bậy. Bảo bà đừng có dạy hư cháu thì toàn ""việc éo gì""",0,1
1397,Móa. Đã cướp bánh mỳ của chó vàng xong còn rút điện thoại ra quay như đúng rồi,0,1
1398,"Chơi với đội cấp phường vậy mà cũng cố nhét 1 thằng trung vệ tây vào cho được, Ộppa chê",0,1
1399,nhà cha đó đã nghèo bẩn mà fence còn đi mua lại 2nd của chả sao,0,1
1400,"tan rã chắc vì tiền nhưng 3 thằng này cũng bạc. Ra đi đ nói trước để ông Cường râu chuẩn bị, đùng cái như này shock vcd. Lỗi cũng do ông Cường, chủ kênh mà sau này thấy tiền đều nên k join, ăn chia chắc k xứng với công sức 3 thằng kia bỏ ra nên nó đi. Nhìn ông này nói mặt như sắp khóc)",0,1
1401,"vậy có chuyện như là cả một lục địa sụp xuống không? nếu tưởng tưởng chỗ thấp nhất của mặt biển là đất đá. Và ""lục địa"" là cái thành của cốc chứa nước ấy, nổi lên, nó có thể sụp xuống biển hay bị núi lửa phá tan không. Tôi nhớ có cái thuyết các lục địa ngày nay trôi dạt tứ lung tung. Thế mới có chuyện ghép các lục địa với nhau tự dưng thấy có chỗ ăn khớp như cái miếng bánh vỡ. Cái gì làm cho chúng nó xô dịch ghê vậy, ngay ở dưới các lục địa có một lớp trơn à. Như thằng ấn độ nó đâm vào trung quốc và pakistan tạo thành dãy himalaya cao nhất thế giới",0,0
1402,"đánh 10 ngày nó gọi là chiến tranh, đánh 10 năm nó gọi là chống khủng bố ). Bố mẽo đánh 20 năm cũng xin bỏ. Việt Nam đánh 30 năm vẫn đánh )",0,1
1403,Nó bị cái chạy xong éo quan sát dc gì nên cũng éo biết làm gì,0,1
1404,"Vãi cả đái, 500mm thì nước về ngập lên tới nóc nhà",0,1
1405,"Thực ra chung thân mới là tàn nhẫn nhất, chứ tử hình sướng hơn. Nhiều thằng xin đc tử hình nó còn éo cho kìa. Tử hình chỉ rành cho mấy thằng gây nguy hiểm cho xã hội mà lại không có ích lợi gì. Nhiều thằng bị chung thân tự tử nó cứu lại bắt sống tiếp, người ta gọi là sống không bằng chết. Nhìn người ta có tiền ăn ngon mặc đẹp đi đây đi đó, mình tham nhũng hàng triệu usd mà lại ngồi đếm lá rơi qua ngày, cơm canh khổ cực thà chết mẹ cho xong",0,1
1406,"bạn có yêu ai chưa, có bị cắm sừng chưa? Ngày xưa mình suy nghĩ giống hệt bạn vậy, lên voz đọc ko biết bao nhiêu topic gấu chó cắm sừng và ngồi hả hê giống bạn viết cmt vậy đó. Tự tin khoe gấu mình là người chung thuỷ nhất thế gian này cho vozer thèm chơi. Và kết cục đéo bao giờ ngờ được nó lại xảy ra đó bạn tôi! Nói chung là tuỳ trải nghiệm mỗi người, bạn tin hay ko tuỳ bạn, mình cũng ko muốn thuyết phục bạn làm gì tốn thời gian cả 2!",0,1
1407,"ông nào muốn so sánh cứ cầm 6 tỷ mua 1 căn cc 3tỷ, 1 nhà đất 3 tỷ (k mặtt tiền) ở sát nhau mà so sánh. Tỷ số là bao nhiêu méo biết nhưng xét về giá thì đéo bao giờ thấy nói",0,1
1408,"Chuẩn, lúc làm ăn phát đạt đóng thuế nhà nước đầy đủ, lúc khó khăn éo nhận đc đồng trợ cấp nào. Tiền thuế thì quản lý kém để chảy vào túi quan tham, xây tượng, thất thoát lãng phí, đến lúc cần tiền mua vaccine lại kêu dân đóng góp, nghe hài vl. Tiền bọn quan tham Vinashin, Vinalines làm mất lẽ ra mua đc đủ vaccine cho cả nước, ko cần đóng góp.",0,1
1409,"hay phải nói rõ hơn là ""ủa alo"", ""ủa gì zậy tròi"", ""ủa nà xao"", ""ủa dậy hỏ"", ""ủa ai píc đôu"", ""ủa gì zậy mắ"" anh gặp thằng sếp tôi mỗi câu thêm chữ ""ủa"" đi rồi sẽ biết",0,1
1410,"Buồn cười là nhiều người có vẻ như thấy phương Tây nhiều thành phần mất não, có máu điên và thấy phương Tây phát triển, nhiều thành tựu khoa học thì nghĩ rằng cứ ""điên'' thì sẽ ""thượng đẳng'', thì ""sẽ phát triển'' mà không nhận ra sự khác biệt của ""điên kiểu thiên tài'' và ""điên kiểu thất học''.",0,0
1411,"Aura là cách nói vui, không lẽ nói cả cái cộng đồng diễn đàn đều ngu tập thể nên suy nghĩ toàn sai thì nặng quá. Thôi thì là ""aura voz""",0,0
1412,"Người nhà anh ở Châu Âu còn tôi sống ở EU mẹ luôn đấy. Gì chứ Đức tôi lạ lol gì , tôi đi cùng nhà sang đấy đánh hàng suốt. Tôi đi cả chục nước EU rôi đây. Có cái lol ấy mà dân Đức toàn chạy Mer với Audi , anh đang bị ảo đấy à. Sang Châu Âu 1 lần đi rồi phán",0,1
1413,"Thế mới bảo nó giỏi quan hệ, làm sao mà để ông đó giúp , chứ người ất ơ nào đó thì đời nào ổng giúp cho! Mà ông này quý nó vkl luôn!",0,1
1414,"kêu nhiều, tôi mà là chủ đầu tư thằng nào đi qua không có tiền gây khó dễ cấm mẹ hẳn nó đi đường luôn ! từ chối dịch vụ",0,1
1415,"Hơn 200 quốc gia và vùng lãnh thổ khác thấy chả liên quan gì nên họ không mang vào. Việt Nam ta đơn giản là tìm lối đi riêng. Mà bình luận kiểu ""có gì mà xúc động với tự hào"" trên FB là dễ bị chụp mũ là 3/, phản động. Cũng ko biết sao lại có tư duy như thế.",0,1
1416,Đúng Nó chửi a vì nhà nó đéo mua được như nhà anh chứ tốt lành gì,0,1
1417,"Vụ Elisa Lam chả có cái đéo gì mà ghê. Con này bị bệnh tâm lý nhưng trước khi mất tích thì không uống thuốc với ra ngoài gặp trai, chắc bị cho dùng meth, về ks kiểu bị loạn thần, trèo ra thang thoát hiểm lên tầng thượng chui vào bể nước chết. Ở VN giờ thế đầy, người ta gọi là ngáo đá) Chả qua truyền thông với bọn youtuber cứ thổi lên câu view.",0,1
1418,Mahrez hay nhất cả 2 trận bán kết rồi. Trận lượt đi trao giải kiểu truyền thông cho thằng KDB nhảm nhí vl.,0,1
1419,Tôi ngày trước đang làm trợ lý giám đốc cho cty kinh doanh gạo lớn nhất nhì miền bắc còn bỏ ngang đi buôn lậu với bốc vác đây. nhục éo gì. đến lúc chết đói ko có miếng ăn vào mồm mới nhục.,0,1
1420,Thằng ethiopia muốn xây siêu nhà máy thuỷ điện lớn nhất châu Phi Nhưng như thế là ỉa lên đầu thằng Ai Cập Có thằng đoán rằng 2 thằng này phải combat 1 trận ra trò để phân chia lợi ích,0,1
1421,"""Chó vẫn sủa , và đoàn người vẫn cứ đi"". Kệ bà chúng nó thôi.",0,1
1422,"Bạn bè thì đừng có lươn, k đi thì bảo đéo đi",0,1
1423,"Quy trình tôi không rõ, nếu vin sai thì cứ kiện chết cmnđ.",0,1
1424,Thằng thớt hỏi cách để cưa 10 củ kia chứ có hỏi cách khắc phục đâu ) Thằng chủ thớt cũng khôn ăn người lắm ),0,1
1425,"Case mình to lại đồ đạc tuy ko đắt nhưng xịt cái tụi rửa xe sót bỏ mẹ, tôi thà bỏ 200k mua cái bình xịt còn hơn là đem con hàng của mình ra cho tụi rửa xe, như kiểu đem crush cho tụi giang hồ nó đục vậy.",0,1
1426,Càng già tui càng thấy vầy Người càng có kinh nghiệm càng muốn cho người ta biết mình chả biết gì để học và để xử lý được mấy trường hợp qua mặt hay bố đời! Người càng biết nhiều càng chịu khó nghe và học hỏi Còn người đéo biết gì thường hay thể hiện mình biết gì đôi khi là có kinh nghiệm và từng trải thật nhưng nhiều khi thật sự là chả biết cái đéo gì thật,0,1
1427,Biết chứ. 1 thằng học giao thông vận tải. Bỏ học giờ ra thất nghiệp. 1 thằng là giáo viên trường cao đẳng trong sg. Nói chung 2 thằng đấy cộng lại x10 lên thì bằng cỡ 1/10 mình,0,1
1428,"Thì như ông chồng trong bài này đang làm đó. Bước 1 tung hê hết lên, để mọi người và 2 đứa con nhận ra bộ mặt chó má của con vợ và thằng bồ, thằng bồ cũng đéo dám nhận con thì sau này 2 đứa con kia đừng nói là yêu thương mà còn hận bố mẹ đẻ nó. Ông chồng lúc này vẫn yêu thương chăm sóc 2 đứa con, thì chúng nó sẽ yêu thương biết ơn ông này suốt đời dù không là máu mủ.",0,1
1429,"Các ông nói chuyện nghe buồn cười Làm như cái voz này chúng nó thèm vào, chẳng qua tò mò nên dùng thử, một hai bữa lại quay về fb thôi! Còn mấy ông mới, thật sự biết suy nghĩ, muốn giao lưu với các tv ở đây thì sao? Các ông lại tỏ thái độ xem thường, k hòa đồng rồi mai mốt cuộc sống cơm áo gạo tiền còn mấy mống thủ dâm với nhau. Cái voz này có là con mẹ gì đâu để mà mang ra chứng tỏ thượng đẳng!",0,1
1430,Sinh vật sống đánh nhau với robot bom đạn tứ tung mà chẳng xi nhê gì...,0,0
1431,"Tư duy hơn thua của các bạn thật vl. Lớp tôi bọn nó giàu bỏ mẹ, toàn làm hàng không nhà giàu sẵn. Nhưng họp lớp éo ai quan tâm gì xe cộ, bọn con trai toàn đi xe máy nhậu cho tiện, xong thì con gái tách ra đi cafe, con trai đi hát, hát chán về cafe đánh bài",0,1
1432,"Thế tôi có săn đâu mà anh gom tôi vào trong từ ""dân châu á""? Thằng nào săn thì chỉ tên nó mà tuyên truyền chứ?",0,1
1433,"Confirm là thật, chỗ tôi có cái thẩm mỹ viện bự nhất cả tỉnh, 1 tháng cả vài trăm tỷ chứ vài chục là cái mẹ gì, ngày nào cũng cả ngàn mạng người từ khắp nơi đổ về, thằng chủ lúc đéo nào cũng thấy vác con LX570 gì đó chạy khắp thành phố, ăn rồi ỉa chả làm mẹ gì",0,1
1434,Mấy thằng này thèm khát gì mà kinh thế,0,1
1435,Nói mồm mà thiếu dẫn chứng thế thì tôi KHINH ! Nhìn vào vài con sâu làm rầu nồi canh rồi đánh đồng tất cả thế thì không được hay cho lắm đâu.,0,1
1436,Đấy là còn may dc cho. Tôi thì đ đc cho mà ông bà già vợ đi đâu cũng kể lể về sự giàu sang của 2 vck tôi vl. Dù tôi làm vỡ mặt cứt và tài sản thì 100% của ông bà nội )))),0,1
1437,"Acy là thằng có cái câu rap:""Âm nhạc kiếm tiền là nghệ thuật rẻ tiền"" đó à?",0,1
1438,Tụi nó cuồng thật chứ troll khỉ gì,0,1
1439,"Gần nhà tôi có 1 bà chồng chết do di chứng tai nạn ở hộp sọ, chết được vài ngày dẫn về nhà công khai cmn luôn người tình mới. Nhà chồng khuyên bảo để hết tang chồng thì ko ngăn cấm gì cả, làm vậy dân làng thấy ngta đánh giá, nhưng đéo nghe. Được thêm cả 2 thằng con trai ủng hộ mẹ nhưng đúng rồi. Một cú đấm vào mặt họ hàng máu mủ ruột thịt của hai thằng con trai. Nghĩ đến cái cảnh ngoài bàn thờ chồng nghi ngút khói, còn đôi bạn trung niên quần nhau trong phòng. đúng là trò đời.",0,1
1440,Giải tích 2 học éo hiểu gì May thằng cùng phòng cho chép bài,0,1
1441,Youtube đầy clip mà thím... .. Bọn nó quảng cáo đầy ra... Cái thẻ chip này dc làm theo quy chuẩn Icao 9030 gì đó của tổ chức hàng không dân dụng quốc tế. Nhưng về tay bò conan thì mình đéo tin tưởng lắm,0,1
1442,"Thì có lợi thế gì so với chúng ta k nhỉ. Vì voz về quá khứ đòi làm vua, làm chúa...khi mang súng ống, đèn pin...về dọa tụi lạc hậu",0,1
1443,"Chắc lúc này em nó đang nghĩ: ""May quá, dứt được thằng loser đó rồi, chứ nó bám như đĩa cũng mệt""",0,1
1444,Bonus thêm ông nào bảo bỏ hết carb ra là nói tầm bậy nha. Vì có 2 loại carb và tụi tây lông xây dựng thực đơn lowcarb chứ chả thằng nào dám tuyên bố no carb cả.,0,1
1445,Hộp này 20k tôi đéo thèm mua ấy chứ,0,1
1446,Nghe mùi xạo l đâu đây. Chỉ đạo đc bọn tây lông thì nó phải cái tầm 35 trở lên ( mà đấy phải là dạng cực kì giỏi và eq nó ở cái tầm ) chứ 27 thì giỏi lắm là ở tầm manager thôi,0,1
1447,Công nhận. Giờ éo ai quan tâm.,0,1
1448,Nó đẻ ra cái thứ gọi là nước chấm có vị mắm Chinsu đó thím,0,0
1449,Đ hiểu các anh cãi nhau cái gì luôn,0,1
1450,"Bỏ là đúng, nó đéo tôn trọng bạn đâu, đó là lý do, nghe là biết ngay.",0,1
1451,"Dạo này nhiều ông thích quả đầu ""kẹo bông'' thế nhỉ ??? Cá nhân thấy kiểu này cho mấy thằng cấp 2 cấp 3 trẩu trẩu đú đú đổi gió thì đc, chứ mà dân ngoài 25 ~ đi làm để kiểu này nhìn nó ko quen, dễ bị đánh giá vẻ bề ngoài ko tốt. Mà làm quả đầu này sau kiểu gì cũng phải cạo trọc ik như mấy thằng đú death lock gì gì ấy cho xem",0,1
1452,"Trước cửa nhà tao có cái ao, trước có 2 đứa trẻ con chết đuối, tao đứng đái suốt, chả thấy con ma đéo nào",0,1
1453,"Với cách VN đang làm, cộng tình hình thế giới thì dù VN có 200 ca cũng chả ai dám trách. Thì giấu làm cđg?",0,1
1454,thứ nhất là chặt tay rồi trộm cắp tiếp kiểu gì? thứ 2 là mục đích cốt lõi là răn đe những người chưa trộm cắp. nhìn vào đó mà sợ ko dám trộm. chứ nói thật mấy thằng trộm cắp đã nhiễm vào máu rồi thì có bỏ tù xong ra lại trộm cắp tiếp.,0,1
1455,"những cái liên quan đến tài chính ng ta sợ những cái liên quan đến "" chậm"" "" lề mề "" lắm fence",0,0
1456,"Đa phần nó chỉ làm ăn méo wuan tâm chính trị, nhất là bọn Nam TQ. Còn bọn ở xa hơn thì nó méo biết về VN đâu. Người dân TQ đa phần tốt, nhiệt tình, chuyện chính trị ko bàn.",0,0
1457,"Trong đầu cái thằng bác quote, nó chỉ nghĩ người lao động chỉ được 10% BHXH thôi, còn 20% kia là của công ty đóng CHO, éo phải của người lao động đâu. Luật ko bắt thì NLĐ chỉ được 10% kia thôi, còn 20% kia của công ty thì trả cho công ty.",0,1
1458,"Thím gạ ""thằng bạn"" lên làm 1 thớt review tù Việt Nam cho anh em mở mang đi",0,0
1459,"Bọn cầu thủ nó cũng khôn chứ có ngu đâu (ít nhất là người đại diện của nó phải khôn vl). Cũng có cả 1 đội ngũ đứng sau tư vấn không kém các anh tài phiệt dầu mỏ. Các anh dầu cho nó nhiều quyền quá, giờ há miệng mắc quai thôi.",0,1
1460,"Nó đóng cửa luôn, ko hẹn ngày làm lại, giờ dân ĐN éo biết đi đâu đăng kiểm,",0,1
1461,"Coi clip phải nói thằng 16 chỗ rất mất dạy, nó qua nhanh 1 phần để đè xe máy phía ngược chiều với KN.",0,1
1462,Công nhận e nó giỏi thì đéo công nhận Toàn bỉ bôi bới móc vào quá khứ E này sống có đến nỗi nào đâu,0,1
1463,"Voz cũ chứ nhẩy? Voz mới đâu cấm. Mấy thằng lính đâu dám bật ""giỏi vào mà đá""",0,1
1464,shark đa cấp thì nói đéo gì chả được.,0,1
1465,"Mấy thằng Cartel sợ nhất là bị dẫn độ sang Mỹ, sang đó dù ông có là vua thì vẫn vào 4 bức tường ngồi nhìn. Mà thằng Chapo dính gì liên quan đến ""tổn hại lợi ích Mỹ"" ko mà bị thộp nhỉ? Chứ Escobar, Gallardo thì dính nên mới bị thộp phát 1 như vậy.",0,0
1466,Đề xuất cấp kinh phí làm bộ Chí Bình Truyện đẹ bẹp thằng Phong fake này.,0,1
1467,Bỏ Tết đi là hay nhất. Kiểu éo gì cũng tốn tiền. Tết éo bao giờ được nghỉ ngơi cả,0,1
1468,"Chả biết làm gì, vô vị vcc.",0,1
1469,Anh ở đâu cho tôi theo với Toàn winner vào phát biểu làm mình đéo dám nói năng gì,0,1
1470,"Ignore nó đi, càng chửi nó càng khoái đó, loại đó khổ vl",0,1
1471,anh này kể ra đen vl. vừa mở cái xưởng(cỡ 1 ha) thì dính quả đăng kiểm. minh chứng cho câu nói làm ăn có thời có vận,0,1
1472,Chí mạng? Tao bị quịt công khai 80k suốt 2 năm mới chí mạng nè,0,1
1473,"Trên thím chỉ bảo cận âm thanh kìa , nó mà cận ánh sáng thì đã tiến đến mức bất tử bất diệt,thì chuyện thống nhất thế giới có khi nó còn éo care rồi Mà để úp sọt trái đất mà mọi quốc gia quy phục ngay vẫn phải có 1 nền văn minh mà thằng nào cũng tầm này, 1 thằng thoi chắc vẫn đấm nhau nát bét",0,1
1474,"Mình còn đang vay tiền làm nhà + mua xe chưa trả hết đây. Kệ mẹ đời, cứ sướng cho bản thân + gia đình trước đã. Tiêu sản đéo gì bọn nó toàn linh tinh, tớ dân kỹ thuật, cứ làm thật ăn thật, đéo chơi chứng cháo, bít coi...vv",0,1
1475,"Chả gì tự hào! Đừng đem đánh giặc hay Mỹ mùng gì cả! Môi trường Trường Lớp là ví dụ điển hình, th nào quậy phá thì phạt nó, rồi thành phần đó vẫn có thay đổi được đâu! Thôi mấy ống phản biện thì như vầy Giàu có thì : Lo cầm tiền mỗi cuối năm mà đút lót Khó khăn thì : Tối đến đọc sách cho lòi mắt cận ra đi rồi ở nhà",0,1
1476,Cái tên có vài chữ cũng viết sai thì bàn với luận gì,0,0
1477,"Việt kiều dân số thì ít hơn Indo kiều, kiếm hàng ngon thế méo nào đc. VK Pháp đông nhất tới 300k người chứ Indo thì 2tr ng bên Hà Lan cmnr",0,1
1478,"Lão tác giả làm thế éo nào giờ thành 1 cái đế chế hay vkl, nhớ hồi đó thích nhất cái trận gì mà đánh với con thần sấm, khúc cuối thắng nhờ hết bài hay vl đúng não to",0,1
1479,"sài gòn éo cần nhé, 1 tướng nào đó chia sẻ",0,1
1480,hiệp 2 nó cho 1 số thằng chủ chốt vào,0,0
1481,Thằng cha này accent Phúc Kiến nặng vkl,0,1
1482,Thế bọn nó đéo im im mà làm giống người bình thường được à,0,1
1483,"Bây giờ vẫn còn người tin vào thể lừa đảo này à, chán chả buồn nói",0,1
1484,"Theard nó nói là nó chửi nhìu lần như chó r chắc ức chế k có chỗ xả, fen cho nó xả đi",0,1
1485,"2 bữa nay đi táo bón ra máu tươi, chả buồn đi khám, đang mang 2 bệnh hiểm nghèo sống chả được bao lâu thì ung thư cũng kệ mẹ đi sớm hơn thôi",0,1
1486,"Dốt mẹ gì Nó là thằng khôn nhất trong big 3 đấy , lối chơi cải tiến liên tục tới mức độ hoàn hảo đánh 3 mặt sân như 1",0,1
1487,"Má, méo bet mà cũng thức xem đc bọn này Công nhận nó chán",0,1
1488,Hắn nói sai éo đâu,0,1
1489,"Có lội vào mắt, tin người vcl",0,1
1490,2 thằng blv thù oán gì với Bảy à?,0,0
1491,"Nhà t trong phòng vẫn 18 - 20° mà, làm éo gì đến mức phải điều hoà ?",0,1
1492,Nó cũng như bạn biết nó là thằng giết người nhưng vì nó đéo giết bạn nên bạn vẫn cứ làm việc cho nó ý. Bạn với mấy đồng nghiệp của bạn cũng khá hơn đồng chí kia mấy đâu.,0,1
1493,"Chuẩn rồi bạn. Mình ko rõ luật VN thế nào. Chứ như ở EU, riêng cái việc tự ý đưa hình ảnh người ta lên mạng bêu rếu là đã sai lè rồi. Kiện cho bỏ mẹ ý chứ.",0,1
1494,Phát triển thì đã không bị xâm lược. Động não cái,0,0
1495,90 tỏi tỏng 7 năm. Vãi đái thật,0,0
1496,Mấy chuyện đấy chỉ có trong cổ tích hoặc suy nghĩ của mấy thằng ranh con chưa trải sự đời thôi,0,1
1497,"cái khung , động cơ của con si , ya đang bán 20tr mà con này 40 thì ya ăn dày quá",0,0
1498,đọc văn mấy simp lord buồn cười vl,0,1
1499,"70k cũng tầm nửa kí thịt cmnr, cơm này ở ngoài 25k éo ai ăn.",0,1
1500,Nếu bán lỗ thật thì đéo sao đâu. Lên chửi thẳng mặt thuế. Nó cho cái giấy cam kết giá bán ký vào là được. Chỉ có mấy anh khai 2 giá lượn lẹo mới sợ thôi.,0,1
1501,Muốn chơi thì cứ chơi thôi. Nghĩ làm éo gì.,0,1
1502,"Ông giải thích làm gì? Bọn vozer đa số dị ứng với từ ""tự vệ"" Thôi kệ mẹ chúng nó, đến lúc đó xem có chạy đc ko",0,1
1503,Xưa 2013 nghe mà đếu hiểu vozer đào là đào cái gì. :v,0,1
1504,Tao hâm mộ Maldini và Italia. Kệ mẹ mấy thằng Si - Ro chúng mày nhé! Thấy thế nào thì nói thế thôi!,0,1
1505,cái này thì đéo ai chả biết mà phải than,0,1
1506,"Không phải là nó thiếu thông tin, mà chúng nó không quan tâm, khi đọc được tin tức gì đó não chúng nó cho rằng đó là thứ vớ vẩn nên lập tức phớt lờ, không thèm ghi nhớ.",0,1
1507,Ai chả biết là thằng alan dở người,0,1
1508,"Đừng anh, những chỗ hổ lốn của HN bây giờ là chỗ hoang vu ngày xưa đấy, chính là chỗ làm mới mà. 2 bên Nguyễn Trãi ngày xưa toàn ruộng, Trung Hòa Nhân chính cũng là ruộng, giờ sao? Trồng nấm vào xây lại, tôi đoán là còn đéo được như bây giờ.",0,1
1509,Biết món gan ngỗng paris không? Hỏi vớ hỏi vẩn...,0,1
1510,"An lạc sống đến hơn 60t, con cái thế tập đàng hoàng mà dám bảo người ta ngu?",0,0
1511,"Ông không đọc kỹ rồi chửi người ta. ""Đồng bào này đang bị phong tỏa"". Này chứ không phải nay. Vì vậy nên mới ""rảnh quá"" và nhắn tin ủng hộ ""đồng bào khác"". Người ta có tâm và có chút hài hước vậy. Đọc ba chớp ba nháng rồi chửi.",0,0
1512,"""Đồng tiền tương lai"" mấy bố ra rả ở đây là btc đến giờ chưa thằng nào hack đc =)",0,0
1513,"sorry thím voz mới cái quote nó ngu quá dùng điện thoại toàn ấn mịa nhầm, bị lần thứ 3 rồi",0,1
1514,Cảnh báo nhau đừng tiếp tay cho bọn giang hồ giang háng chăn dắt trẻ ăn xin thôi mà,0,0
1515,ý thằng đồng nghiệp là đầu nốl,0,1
1516,"tiền của nó thì kệ mẹ nó thôi,",0,1
1517,A đừng xỉ nhục con chó,0,1
1518,"vụ này lúc sáng tôi có đọc thấy con bé bị hại chắc là sinh viên mới ra đời nên hành xử non chẹt, tin lời con mụ kia nhân phẩm tốt hứa hẹn về trả tiền sửa cho. Sau cùng nó bố thí cho 150k kèm câu ""con nhỏ biết gì đâu"" cay quá lên mạng bóc phốt ( tiền sửa nghe đâu 10 củ). Đang nhẽ bị vậy là con bé phải báo công an liền con macbook có rẻ đâu, báo thử lên khung hình sự không, nếu không lên thì cũng có ít nhất tờ cam kết sửa chữa chứ đâu như bây giờ mất tiền ngu. Bởi ở đời lời nói gió bay thế mà cũng có đứa tin người xa lạ",0,1
1519,"Ghét vl cái bọn đa cấp dùng chiêu trò tẩy não người nghe. Nhiều gia đình đang yên ấm tự dưng bị chúng nó dụ, vẽ cái chí lớn, cái mộng làm giàu ra, thế rồi tan cửa nát nhà. Vợ chồng ly hôn. Vợ thành rau cho những thằng có tiền. Con cái vất vưởng.",0,1
1520,"Ủa cái thăng vys103 đó nó chửi gì ông kia thế? Mà thằng cha nobita đó chửi chung tất cả những người ko thích MTK đều là không đủ trình nhé, chửi xong bị 1 đống đứa vào hội đồng thì lại lôi BXH ra tiêu chuẩn kép.",0,1
1521,"Mấy thằng hay đi bắt nạt ấy, nó có tâm lý là đụng thằng yếu thì gõ, đụng thằng cứng thì bỏ. Còn mấy thằng bị bắt nạt thường thân cô thế cô, tâm lý kiểu ""bật lại lần này thì được, nhưng nó đón dọc đường hàng ngày hàng tháng làm sao mà tránh"" nên sẽ có xu hướng nhịn. Nhưng cái gì cũng có giới hạn, 1 khi chúng nó xác định bật lại là 1 trong 2 phải chết, nó không còn đường lui nữa. Dạo này lên báo nhiều thế mà bọn kéo bè kéo phái chưa rút kinh nghiệm nhỉ, toàn lũ bá dơ ra đánh 1-1 khéo chả ăn được thằng bị bắt nạt",0,1
1522,"thằng cháu t tên gia bảo luôn, chán thằng bố nó vãi",0,1
1523,"E bị 1 lần đây, đúng bài ca ng trẻ thế này thế nọ, đang éo biết làm thế nào thì có mấy chú quản lý tàu ra dẹp may vc",0,1
1524,"Nếu nó ko cờ bạc chắc vẫn là vip trên mạng xã hội ấy nhỉ Âu cũng là lòng tham quá lớn, có voi đòi 2 bà trưng",0,0
1525,"Tin chưa kiểm chứng, con mụ 178 đây. Pha xử lý đi vào lòng đất cmnl.",0,1
1526,Chơi bẩn thì nói chơi bẩn chứ anh nói nhăng cuội gì thế,0,1
1527,Vay bọn app là cái ngu thứ 1 mà trả tiền bọn nó là cái ngu thứ 2. Cứ quỵt đi. Thằng nào đòi thì bảo đưa giấy mượn nợ ra. Tụi nó làm căng thì báo công an.,0,1
1528,"Thì ko đủ nó bào cả cơ vào chứ sao fen Tập đến chết, ăn thiếu thì tầm 6 tháng 1 năm bro nhìn chả khác đ gì bọn chết đói dở đâu",0,1
1529,1 ca nhiễm thì chỉ riêng f1 f2 cũng đã xét nghiệm một hai trăm ca rồi. Trong khi đó như bọn anh nhợn lúc đầu thì f1 còn đéo được xét nghiệm thì thể nào mà chả toang. Bọn châu âu thì f1 vẫn nhông nhông ngoài đường đi làm như thường.,0,1
1530,nó cũng dịch từ nguồn ở bển thôi chứ biết mẹ gì đâu mà chửi nó.,0,1
1531,cái trường gì mà thằng cu em mất 5-600 củ mới ra trường ấy,0,1
1532,"Toàn mấy thằng già đầu, cuộc sống ngoài nhậu nhẹt ra thì chả biết làm j cho hết ngày nên phải vác ca ra ca cho sướng miệng Éo hiểu sao con trai mak suốt ngày đàn đúm hát hò là sao nhỉ",0,1
1533,"phương pháp 7 phút để dạy dỗ 1 đứa trẻ. tẩn nó liên tục trong 7 phút, đến người lớn còn đ chịu được nói gì trẻ con.",0,1
1534,luật gì luật nào cho phép giết người mà mày ủng hộ ?,0,1
1535,"Eo ơi khiếp! Cứ làm như siêu phẩm điện ảnh của thế giới ấy mà lồng yếu tố RT vào để phân tích. Nhìn cái giao diện nhân vật của thằng Thành trong phim thì bọn nó hạ công đánh giá đã là may lắm rồi, ngồi đấy mà khóc",0,1
1536,"Cũng tùy nhé, có thằng toàn đem phụ cấp gửi chỉ huy giữ, 1 lon Koka cũng đéo dám uống, lúc về cầm full hơn 30 củ đấy",0,1
1537,"những người khuyết tật đa số là rất tự ti, sợ mình làm ảnh hưởng , làm phiền người khác, cho nên những ngôn từ kia là rất rất không phù hợp, dễ làm những đối tượng nêu trên cảm thấy bị tổn thương, cho dù bản thân cậu chàng kia thâm tâm ko có ý coi thường ng khuyết tật đi chăng nữa. Thằng này bị đình chỉ là đúng, ko có oan ức gì, a làm phục vụ, dịch vụ mà a có những phát ngôn hoàn toàn thiếu tích cực, dễ liên tưởng , dễ ám chỉ đến 1 nhóm đối tượng khách hàng thì a là 1 thằng ngu",0,2
1538,"Cái loại đi đánh gen kiểu làm nhục người khác thế này là rất ngu zốt. Vừa tự mình đánh mất hình ảnh chính bản thân mình, chưa kể bị hại nó kiện ngược lại xác định vài niên và tốn mớ tiền. Đụng vào pháp luật thì chỉ có dại. Lúc đó lại mếu máo xin xỏ... đúng là giận quá mất khôn.",0,1
1539,"Cấm luôn cả gif ""ngạo nghễ"" nữa",0,0
1540,"3 tháng, 1 tháng ôm zace, 2 tuần đường trường, hơn 2 tháng lên vios sa hình. Có cl mà buổi đầu cho đạp gas với đi đường trường. Mày tông chết người ta à.",0,1
1541,"Tôi bảo rồi mấy cái tâm linh làm méo gì có thật, thánh thần ma quỷ chúa trời... mà tồn tại thì đầu tiên phải vật đám thầy bà sư sãi, cha đạo, giáo chủ các thứ vì chúng nó là đám buôn thần bán thánh.",0,1
1542,"Mấy thằng vozers genZ giờ máu lạnh thật, nguyên mấy page chửi rủa thằng nhỏ rồi hả hê với nhau. 10 tuổi thì mới cấp 1 chứ nhiêu, ăn cắp thì bị phạt chứ vui vẻ gì mà rủa thằng nhỏ kinh zậy",0,2
1543,"Cờ bạc gặp thời nói cái đéo gì chả hay, viết ra cả sách luôn còn đc. Chỉ chết mấy thằng ngu tin theo sách, trong sách ko đề cập đến yếu tố thời vận",0,1
1544,Mùng 1 nó éo chích cấp cứu đâu. Thớt uống nước x2 đi cho quen,0,1
1545,"Clip này thấy thằng này bẩn bẩn thế nào, ko thể thẩm được cái đẹp của nó",0,1
1546,"Bàn giấy cũng chịu chết, ngồi 10 tiếng đã muốn lòi trĩ r, chỉ có bọn sv mới ra trường trẻ khỏe nhiệt huyết mới chơi kiểu đấy chứ giờ già chịu, tối về nghỉ xem bóng chơi bời đéo hiểu cày cả ngày để làm j",0,1
1547,oz làm quan mà đ có quan hệ để vào việc luôn còn phải lên đây hỏi à ),0,1
1548,"Học để thế hệ sau phải hơn thế hệ trc! Đó quan điểm của xã hội VN, liên quan gì giàu hay nghèo! Mấy ông đánh tiến lên còn luôn miệng ""nghèo cũng phải cho thằng Tèo đi học""!",0,0
1549,"cái VR thì thằng big tech lol nào chả đầu tư với nghiên cứu. có phải ý tưởng của thằng facebook tự nghĩ ra đéo đâu. chả qua thằng facebook thích chơi lớn, đầu tư mạnh làm chiến lược mũi nhọn.",0,1
1550,"ai đó nói ""tham nhũng vặt như con cái ghẻ"" ấy. Ngứa lắm",0,0
1551,Mặc đồ của bọn này chả có style con mẹ gì. Đơn giản quá thằng nào cũng giống thằng nào. Ơ mà seeding à.,0,1
1552,"Nó làm lol chùa bị thằng kia nó đá nên quay lại vs thớt thôi, sau vài hôm thằng kia đòi quay lại thì nó quay ra đá thớt, sau đó thằng kia lại đá con đó và nó lại quay về với thớt",0,1
1553,"Cắt luôn đi anh, tự nhà mạng nó sẽ xuống nối lại. Anh gọi lên éo thằng nào nó xuống đâu",0,1
1554,Bismarck chết trước WW1 hơn 20 năm thì trả thế đéo nào được,0,1
1555,"loạn vc, bẻ ghế thầy Na, đồng đội thì đấm nhau, vào sân thì làm kinh tế, cần phải trắng tay 1 mùa để blđ có những động thái cứng rắn hơn",0,1
1556,"Đầu tư vào bản thân thì có cái mẹ gì phải suy nghĩ nhỉ, cũng đâu cần phải thanh minh vs mấy th lười biếng. Kệ bà chúng nó đến lúc bụng phệ, thận hư, tim gan phèo phổi hỏng thì ms biết có tiền cũng đéo mua đc sức khoẻ.",0,1
1557,chả thế nó quản thế đéo nào được hết thiết bị chèn sms kiểu này ngoài việc gửi tin cảnh báo thằng nào ngu thì ráng mà chịu thôi,0,1
1558,"Gì mà xấu đẹp vậy cha nội, cf 1 mình là để tự thưởng thức thế giới của riêng mình, chứ có phải để ăn diện khoe thiên hạ đâu mà xấu đẹp. Chứng tỏ cha nội này chả hiểu mọe gì về cf 1 mình",0,1
1559,"Hại đứa con của nó chứ ai, dùng óc suy nghĩ một chút, đã nghèo lại ngu lại ích kỷ thì nuôi con kiểu gì, lành lặn thì cho nó bán vé số từ nhỏ rồi lớn lên làm gái à, còn bệnh tật thì liệt giường sau này ai nuôi nó? Cứ xem những trường hợp đứa con muốn cha mẹ nó chết sớm là hiểu",0,2
1560,"Nói chung làm vượn quen rồi đéo làm người được, 2 năm rồi gói kích thích kinh tế hứa mồm thì nhiều, giải ngân có được bao nhiêu đâu. Bọn DN XD thầu lỗ quá nó đéo làm nên tiến độ lẹt đà lẹt đẹt, tác dụng kích thích kinh tế của đầu tư công không được bao nhiêu",0,1
1561,Mấy thằng cộng xả phạt thế nó lại chả nhờn,0,2
1562,"Không phải vấn đề là lỗi, mà tôi hiểu nó là ""éo thằng nào dám xử lý lỗi"", còn lên dự án thì sẽ phải có vướng mắc này nọ, quan trọng CĐT có đủ giỏi, đủ mạnh để giải quyết không, hay là kệ mẹ nó tại thằng A do thằng B. Mấy cái việc nứt nhà dân nó nằm ngoài khuôn khổ cơ chế ban đầu nhưng éo ông nào dám đề xuất hoặc tự làm tự chịu nên nó cứ chềnh ềnh ra đấy rồi đổ tại ""cơ chế"", đã báo cáo cấp trên nhưng chưa có chỉ đạo.",0,1
1563,"VN Dư sức để làm, 1 con chip quá ez đối với trình độ VN. Nhưng tại sao phải làm ? Chiến lược dc vặt ra sẵn rồi ""đi tắt đón đầu"", ""dọn ổ đón đại bàng"". Làm để làm gì ?",0,0
1564,"Thằng bé đáng trách vì tội ăn cắp, không bênh được. Nhưng nói gì thì nói nó cũng còn nhỏ, không đáng phải chết vì tội “ăn cắp vặt”. Hy vọng sẽ cứu được",0,0
1565,"Nuôi cá lia thia năm 2001, bán cả bầy đc 600k ( Cá mái : 400 x 500đ ) ( Cá trống : 200x 2000đ ). Mình bán cá cho vựa cá bán cho khách. Sau vụ đó mua đc con xe có đề oách nhất lớp, pà mẹ đi học thêm ghé bàn bida bị thằng ml nào thó mất",0,1
1566,"quả ghế lưng thấp không hiểu thằng nào nghĩ ra được, dựa k nổi",0,1
1567,"Mức giàu có được đánh giá qua cách hành xử văn minh của cư dân xã hội, 1 quốc gia ngân khố rủng rỉnh mà dân cư còn xả rác bừa bãi thì xem như chưa giàu, thanh niên sáng uống cà phê xong đi qua cầu ly cốc nhựa vứt toẹt xuống sông thì tao khinh như chó",0,1
1568,"Ai cũng biết Mẹc có cái vị thế như bh ở thị trường VN đúng là thiên thời địa lợi nhân hoà, đỏ vl",0,0
1569,Khóc lóc nhưng đéo muốn cắt lãi nữa cơ,0,1
1570,Thằng chuột xứng đáng nhận điểm 10 cho sự lì lợm,0,0
1571,Chơi thớt này sớm hay muộn thì liên quan đ’ gì anh,0,1
1572,"cái quan hệ để triển khai dự án nó xàm xí bỏ m** và éo an toàn tí nào nên là tay không bắt giặc có sai éo đâu, khác gì anh đi thi đại học anh chỉ học 20% của 1 môn thôi, còn lại 2 môn chưa học và 80% còn lại anh chờ thằng bạn học chung nó ném phao cho và giám thị không bắt.",0,1
1573,"So sánh như ko, 1 thằng học khá nhà giàu với 1 thằng xuất sắc nhưng nghèo thì khá ăn mẹ rồi. Mà học xuất sắc kiểu trường làng ah mà 10 năm vẫn làm nv. NÓI đúng là giờ qua cái thời học xuất sắc mà vẫn nghèo lắm",0,1
1574,"giàu có số anh em ạ , tôi định súc mấy trăm bitcoin từ năm 2011 mà lúc đấy đéo có tiền , ko mới sinh viên ăn mì tôm , ngu vkl",0,1
1575,"Thế thì đợi vài chục năm nữa hãy gáy anh ơi. Đất đai còn của ông bà già thì a làm lol gì có quyền đụng vào, chỉ dc phép sử dụng thôi. Còn nói như a thì tôi có 3 nhà lận a, nhà ba mẹ tôi, nhà vợ tôi và nhà 2vc tôi nè",0,1
1576,6% có đi tù ko các anh. Mong loại này đi 5-7 cho xã hội trong sạch,0,1
1577,"cái loại mở mõm ra ""cơ hội chỉ có vài lần thôi, mọi người nên an phận thủ thường mà sống, tà tà trung bình như nhau, đừng cố gắng làm gì khác người dễ bị soi mói lắm'' lại chẳng phải là bảo thủ bất tài dốt đặc cán mai hả anh ko phải là ko quan tâm đời, mà là ko quan tâm những đứa chỉ dám núp sau lưng ngta chỉ trỏ đánh giá ấy, mấy đứa đó đối với tôi đều là những đứa kém cỏi thất bại cả còn cái dòng bôi đỏ thì thôi tôi biết anh ko liên quan hay biết tí gì về cái tôi học rồi, nên miễn tranh cãi nhé",0,2
1578,"Thì rõ ràng, ví dụ mình là thằng phục vụ cũng chạy cmnl chứ ở đó nó đang điên đéo biết nó có làm gì ko. 1 chạy ra ngoài hô hoán giết người , 2 là chạy cmn thẳng ra xa rồi gọi công an Móa nó còn dám đứng đó cũng đáng nể.",0,1
1579,"tôi có quen 1 anh công an giao thông về hưu sớm (do dính vào gái gú) Cũng hay ngồi chém gió về thói hư tật xấu, mẹo mủng của những người trong ngành . Vụ 62k tỉ vừa thông báo được 1 hôm hôm sau ông đấy cũng bảo luôn có ăn đb mà đòi mỗi người 1tr8 ấy. Chúng nó chia nhau hết các kiểu Vẫn ấn tượng nhất câu... Chiều tao với mấy thằng công an phường ngồi đánh tá lả cả chiều tối lại đi bắt bọn cờ bạc...",0,1
1580,"Không, đấy là 1 thỏa thuận có lợi cho cả 2 bên. Nhật đã suy giảm kinh tế, nhưng đã tránh được 1 cuộc chiến thương mại khủng khiếp với siêu cường Mỹ. Chính phủ Nhật mà ngu như vozer, thì Nhật đã không phát triển như bây giờ. Còn ăn đấm thì hãy nhìn Nga và Trung Quốc.",0,1
1581,Còn đc... 2% giới trẻ vào fb nhé. Mà nó cũng éo vào lâu đâu.,0,1
1582,"Qua hội chị em thì sẽ là ""single mom đi em"", ""lấy về nó cũng ngoại tình"" abc xyz",0,1
1583,Chắc ý thím là Tân Minh 3/2 ? Bên này giờ cũng lôm côm rồi,0,0
1584,Thật. Đến bây giờ tôi vẫn không hiểu. Nhìn cách Trump bị xỉa và đì thì tôi không hiểu 3Q Phân Lập để làm mẹ gì? Rồi ông Bi Đần Lú dăm 3 hôm lại té trên thảm đỏ mà vẫn làm tổng thống. Rồi đám woke ca ngợi Bi Đần không ngừng. Nhiều cái khó hiểu vkl. Tôi éo ưa cả 2 nhé.,0,1
1585,"Có nhịn đẻ cũng không sống sướng bằng trung lưu. Nuôi con làm culi level 1.5 thì ếch đủ lực. Chắc đợi khi nào người ta thấy có hi vọng với ""nuôi con làm culi level 1.5"", còn hô hào mồm thì được mấy thanh niên ""Học sinh nghèo vượt khó"" chứ được bao ai.",0,1
1586,"Xách súng đi ""xin"" việc Tầm thằng này mà phải đi ""xin"" á, có mà phải cho nó việc thì có",0,0
1587,"Đức em cũng non,ngã vờ làm éo gì",0,1
1588,"khổ thân thằng cu, cũng qua cái thời chật vật trong BK, mỗi tuổi nó có 1 cái khổ riêng, tâm lí yếu dễ reset lắm.",0,0
1589,"diễn đàn tự do ngôn luận trong khuôn khổ, chia sẻ trao đổi thảo luận kiến thức, tôi đăng được tôi cứ đăng, còn suy nghĩ cho riêng tôi thì anh biết gì mà phán, tôi vẫn là người sống như bình thường chả theo 1 tín đồ lạ đời nào cả, chỉ tìm hiểu thêm nó thực hư hay dở ra sao thôi mà anh lôi bố mẹ người khác ra nói là đéo vui rồi",0,1
1590,"Mày tạo đi, thuế nộp vỡ mồm đấy",0,1
1591,report chết mie thằng gian thương này đi ae,0,1
1592,bài học rút ra là bạn bè dù có thân cũng đéo nên cho vay,0,1
1593,bọn này spam sđt ghê vcl,0,1
1594,hoá ra thằng chủ toàn nói đạo lý xong dắt chó đi phóng uế ra môi trường. Cái này gọi là yêu động vật (chó only) và mặc kệ tất cả hệ sinh thái,0,1
1595,"Chả có thằng ngu nào đi chọn hoang tàn bao cấp cả, nhưng vincom thì toàn chọn trung tâm ngã 3 ngã tư, mấy chỗ đấy thì làm đéo gì còn hoang tàn bao cấp nữa mà chọn? Không phải vincom thì nó cũng là 1 chỗ hoành tráng. Mà bao cấp qua từ lâu lắm rồi, làm gì còn mấy cái di tích bao cấp nữa mà đợi thằng vin khai phá?",0,1
1596,"Quan trọng là ông dạy nó nói rằng ngày xưa tao cũng như mày, cho đến khi gặp Mr Tào khai sáng thì thấm nhuần tư tưởng ""Những thứ từ trên trời rơi xuống chỉ có cứt chim với nước mưa"".",0,1
1597,"ai làm được! A chỉ 1 người hộ cái. Tôi là người duy nhất và đầu tiên ở nguyên cái VN này đưa ra hướng dẫn áp đúng thời điểm ngay hết Tết mà éo ai them nghe này, còn chưa dám hô hào nữa là",0,1
1598,ĐH giờ phổ cập mẹ rồi Học xong cấp 3 nộp học bạ đi học luôn đéo cần thi,0,1
1599,Nó phải lưu trong CSDL chứ. Vl vậy,0,1
1600,"xàm, cái này là việt hóa",0,0
1601,"Bạn chuyển đến phải mua căn nhà 200k, chính quyền sẽ hỗ trợ bạn 50k và phải sống ít nhất 10 năm. Nên bạn éo có tiền thì bạn cũng éo dc mời tới đâu",0,1
1602,"1 phó , + 1 thằng đc chính phủ chỉ định làm tổng thống nếu cả 2 thằng tổng và phó + mấy thằng trong chính phủ đều die",0,0
1603,mình éo biết tán gái mà ai tư vấn nhắn gái đống trên thì ko nhá nghe bất thường vkl,0,1
1604,"làm ăn tiền tỉ mà suy nghĩ ngắn hạn k tính toán, nó nói ntn nghe thế thì thua r nhượng quyền nó cầm đằng cán thì ý kiến củ cải",0,1
1605,Haiz. Dn nhà nước kinh doanh còn thuế má các kiểu. Fen tưởng cờ bạc online đâu mà có vụ ăn 99%. Mà đánh kiểu ăn 99% này nhà cái sống bằng gì nhỉ?,0,1
1606,"Đời sống công nhân họ đơn giản mà, mọi người đa phần xuề xòa hòa đồng + ít mấy thể loại tưởng mình có học mà hãm lol nên chơi với nhau vui lắm.",0,1
1607,"Con bà nó! E bị cảm các bác ạ. Đau họng, sổ mũi, ho... khó chịu vãi",0,1
1608,Hôm trước còn edit clip hình đi trước tiếng cơ. Edit ngu éo chịu được,0,1
1609,"Có khi em kia đã thông báo: ""Tôi vừa có bầu được 2 tiếng"" mà con mẹ kia phớt lờ,bớt xén thì sao?",0,0
1610,"""Thể diện quốc gia là cái đầu buồy tao,"" một cán bộ XNK said.",0,1
1611,"Trong bài vẫn ghi cái hồ ""Chiếc"" là bắt chước trend của bọn teen dẩm",0,1
1612,"@Máy Chém mod ban dùm mấy thằng bàn luận VN với, muốn cập nhật tin mà chúng nó gây loãng vãi",0,1
1613,"Giàu có vấn đề của giàu, nghèo có vấn đề của nghèo. Anh nào nói trầm cảm là bệnh của bọn dẩm đua đòi, hãy cày tiền đi thì hết trầm cảm... hãy nhìn xem tấm gương của bao nhiêu người tiền tài địa vị, nhà cao cửa rộng, gái đếm không xuể mà vẫn thắt cổ chết cái một đấy. Tốt nhất về lĩnh vực trầm cảm này, ai không biết thì đừng có nói mạnh mồm!",0,1
1614,"Dính phải mấy nít ranh hãm lol này thì coi như đen thôi. Mấy ông đầu có sạn hết thì có trò gì chưa chơi chưa làm đâu. Tia 1 vài đứa con gái là bình thường ấy mà, chỉ là đen gặp đúng con hãm vậy thôi. Còn thích nâng cao quan điểm thì xin lỗi đây ko phải giờ học môn đạo đức",0,2
1615,"RMIT thì đứa nào chịu làm lương 12 củ. Bọn này toàn làm cho mấy tập đoàn lớn, hay tổ chức phi chính phủ các kiểu.",0,0
1616,"Ông thớt vào xác nhận xem ông có phải thằng hàng xóm trong bài này không? Nếu phải thì con bé đó nó xác định là ở 1 mình nuôi con rồi, ông đéo cần nghĩ nữa đâu.",0,1
1617,"Đe ngay con e ko dính vào là dc, còn bọn ngoài xã hội thì kệ mẹ cho chúng nó chết",0,1
1618,Thì ít ra nó cũng hơn kha khá người rồi.. Không ngu như thằng pew,0,1
1619,1 nhóm mấy thằng 10t vào công trường ăn trộm sắt rồi rơi xuống hố,0,0
1620,"Ơ, trước giờ tôi đéo quan tâm đến mấy ông huyền thoại lên làm bình loạn viên hay bày tỏ quan điểm trên báo với Twitter đâu nhé",0,1
1621,"hình như là 1 mùi tanh, ngai ngái kiểu đ gì ấy... nói chung là cứ tởm lợm, ngợm ngợm lắm",0,1
1622,"nói thật, các nước to đầu đéo để ý thì thôi, chứ mấy đứa kêu gọi, a gọi là nhà đấy thì có đéo gì thay đổi",0,1
1623,"rất ghét, dị hợm, khoe của, phá hoại thiên nhiên, ko có mỹ thuật nghệ thuật gì cả",0,1
1624,Pháp nó 2 cái máy chạy ở 2 cánh kinh vl.,0,0
1625,Đúng rồi. Mà sao conan éo đập cho tụi bán tk 1 trận cho trắng mắt ra.,0,1
1626,"mấy thằng trên lại thượng đẳng rồi, cuồng gì là quyền chúng nó, có ăn xin của mấy anh đâu mà hằn học thế nhỉ. theo dõi trận bóng đá, mua game chơi, mua cần câu cá, nghiện chăn rau, nghiện phim ảnh, truyện tranh... cũng khác đéo gì đâu... cảm giác đều là khi làm mỗi việc mình thích thì đều mang tới hưng phấn thu hút cho con người, càng theo dõi thì càng ko rời, ko trong cuộc thì hiểu thế đ' nào dc",0,1
1627,zay éo hiểu sao phải học khóa hội nhập qte nhỉ,0,1
1628,Đéo ai mua thì đi kiểu gì,0,1
1629,Do thằng chụp ngu thôi,0,1
1630,"Có con, có cháu còn nhỏ phải dạy nó biết phản kháng, nhưng tuyệt đối không đc bắt nạt bạn. Thằng cháu tôi c1 vừa bị mời phụ huynh vì đánh bạn đây, lên họp hành lôi camera ra coi thì lòi ra nó bị bắt nạt trước nên đánh trả, ông già nó chửi ngược lại giáo viên lẫn phụ huynh thằng ranh con kia luôn",0,0
1631,"Ở VN từ khi sinh ra khái niệm ""thực phẩm chức năng"" là thấy lách luật lừa đảo rồi. Bạn tin gì ở cái sp mà ngay cả khi quảng cáo nó cũng chêm vào câu ""sp này ko phải là thuốc và ko có tác dụng thay thế thuốc chữa bệnh"".",0,1
1632,Xưa tui đi học cấp 1 là chuyên đấm nhau với thằng lớp trưởng,0,1
1633,Quan trọng tăng ca có thêm đồng nào không mà đéo thấy nói. Nghĩ cũng hài mấy đứa lên đây than vãn.,0,1
1634,"Nếu Ở nhà chính chủ ko sướng hơn, thích hơn ở nhà thuê. Thì cả xã hội giờ bán hết mẹ nhà đi. Đi thuê cầm tiền mà ăn tiêu, "" làm việc khác"". Thằng thớt nhỉ?",0,1
1635,"Nếu 1 thằng có bố mẹ giàu lại bằng hay ngang hàng với 1 thằng có bố mẹ nghèo thì mới là bất công, là không công bằng, bớt nhìn người khác mà để thời gian tự phấn đấu đi, loser. Suy nghĩ ích kỹ, đua đòi, so sánh thì muôn đời kém.",0,2
1636,Mua xe giấy tay là ngu rồi,0,1
1637,"vẽ vàng vẩu ai xem thím, ai cũng muốn vẽ ""kiểu Việt Nam"" nhưng thực sự cái khái niệm ""kiểu vn"" là ntn còn chưa ai định nghĩa đc",0,1
1638,"thấy nó khôn vl, có thằng nào lên voz kể mới tồ ấy cứ đá bóng nhanh ntn là tỉnh lắm đấy",0,1
1639,"Chán thật sự, tận hưởng là thằng bỏ tiền ra tận hường, thằng mở sòng bạc là thằng tạo ra giá trị. Không có thằng tạo ra giá trị thì lấy cl gì tận hưởng.",0,1
1640,"Đúng ra nó vẫn cần để răn đe mấy đứa lóc chóc làm càng, vì không thể ném nuke chỉ vì 1 mớ khí độc được ...",0,1
1641,Nó đéo mời càng phải vui vì đỡ tốn phong bì chứ hoang mang đéo gì. Đúng là trẻ con.,0,1
1642,Vay NH 1 tỏi xây cái nhà ở sướng vcc,0,1
1643,"Có một câu t ko nhớ th ml nào nói : "" Nếu bạn là một thàng vô dụng thì sống ở bất kỳ đâu bạn cũng là th vô dụng, cho đến khi bạn bớt vô dụng hơn""",0,1
1644,Dẫn chứng chỗ nào nói thợ dạy là lũ mất dạy ?,0,1
1645,"Mà cũng đéo hiểu mục đích của thằng này là gì. Cứ tưởng nó sẽ tập ngày tập đêm để sau này về ngắt đầu Akainu trả thù cho thằng anh nó. Nhưng không, nó chỉ đi chơi loanh quanh với đám bạn và lo chuyện nhà người khác.",0,1
1646,"Mumble mà như này thì vl thật, ko có sub đ nghe đc cc gì luôn",0,1
1647,"Tiền quỹ này thằng nào bảo ăn đc thì gọi là thánh. Chi 1 đồng là 40-50 mẹ vào soi từng chút 1. 20/11 trích quỹ chi thưởng cho cô giáo 1tr, tính ra có 30k/PH, mà hơn 10ng phản đối, đéo thể hiểu đc. Thằng nào đòi ăn chia cái quỹ này, vào ăn thử tao xem cái. Cái quỹ này phải nói là chi chính xác đến từng 1 đồng 1, và thực sự đầu tư đúng vào con em của PH đang học. Tính hiệu quả phải vào top 1 của các loại quỹ trên thế giới này.",0,1
1648,Mặc như thằng nông dân thì đừng tỏ ra sành hay thông thái làm gì,0,1
1649,Vì nó có cắn chết thằng chủ hay người nhà thằng chủ đâu mà bọn đấy phải sợ làm gì,0,0
1650,"Là người việt, không đi du lịch trong nước là tôn trọng đồng tiền và công sức của bản thân. Đi mà lúc éo nào cũng phải cảnh giác, éo dám ăn tiêu thì ở nhà or nước ngoài",0,1
1651,"Sống ở xứ này bao nhiêu năm rồi mà chưa biết đến những từ như ""rảnh lon"", ""ghen ăn tức ở""?",0,1
1652,"chỗ này bọn làm phim chế tác xàm lông ra đó. Bình thường các thần tiên đẳng cấp cao đều có chỗ cư ngụ riêng, Ngọc Hoàng có gọi thì mới đến (Dương Tiễn luôn trú ở Quán Giang Khẩu, hạ giới) , ko phải như buổi chầu hoàng đế ở hạ giới đâu mà lúc nào văn võ bá quan xịn nhất cũng có mặt bên bệ hạ. Bình thường ""thiên đình"" chỉ có các đ/chí Thiên vương canh cửa thôi, trình độ đánh nhau có hạn. Lúc TNK nhẩy ra lò bát quái là chỉ đấm nhau với bọn tôm tép đó.",0,1
1653,Đứa đó là em nó bạn nó nhờ cmt cho xôm ấy,0,0
1654,like bông cải sao chợ khu mình chê thằng này hay sao mà ra chợ 3 buổi mới thấy 1 hôm bán,0,0
1655,"Thiết bị thủy điện ở vn thấy có 3 loại: trung quốc, châu âu, ấn độ Mấy thằng ko biết j thì lại hay chê",0,0
1656,thực tế là có thằng điên nào đi khai báo thu nhập cá nhân của mình ở nước ngoài cho chính quyền VN để nộp thuế đâu,0,1
1657,"Nó nói được tiếng Anh, đéo bị quê.",0,1
1658,Hỏi câu ngớ ngẩn vl.,0,1
1659,Bảo vệ gấu trúc là đúng. Nhưng bọn đó éo hiểu tí về gấu trúc,0,1
1660,Tôi có thấy phản cảm chỗ nào đâu nhỉ? Bọn tư bản này bị nhiễm virus à,0,1
1661,"T ko phải bò đỏ nhưng đọc kiểu cmt suy diễn như này thấy ngứa mắt quá. Suy diễn vậy thì nó là thanh niên, t suy diễn tất cả thanh niên đều như vậy, nó là đàn ông, t suy diễn tất cả đàn ông đều như nó, nó là ng VN, t suy ra tất cả ng VN đều như vậy, nó là ng châu á, t suy diễn tất cả ng Châu Á đều như vậy, nó là con ng, t suy diễn tất cả loài ng đều như vậy... Nó có hàng nghìn đặc điểm sao b lại nhìn vào đặc điểm ""Công An"" để suy diễn ra??? Lấy 1 ng để đánh giá cả tập thể có cùng đặc điểm???",0,0
1662,"Cảm thấy ngại thì mặc blazer cho nó khoẻ đằng nào thì dân vịt cũng có mấy người dùng đúng nghĩa của cái từ ""vest"" đâu mà",0,0
1663,"Đúng như tôi nói, comment cái 1 đống thằng bị dẫm phải đuôi giãy nảy lên ngay, đúng là ở cái xứ này đừng bao giờ cống hiến bất cứ cái gì cả, bọn gato sẽ tìm mọi cách dìm cho bằng đc bằng những ní nuận trời ơi đất hỡi, làm cột điện rồi hẳn cống hiến",0,1
1664,"tin báo mạng mà không có góc nhìn là thế đấy fen, cánh truyền thông tư bản tẩy não có bài lắm , pháp mẽo còn bị đấm cho vỡ cả alo , thời đấy toàn tướng với quân thiện chiến bỏ mẹ ra , vũ khí thì bét nhè do anh cả cung cấp tài trợ cộng với hàng tồn kho do đấm 2 anh pháp mẽo , solo tổng lực đẩy sang cả biên giới thái lọ , anh hàng xóm sợ mình thống nhất mẹ cái đông dương nên phải phá ngay mặt trận phía bắc. Không có ngày đấy thì giờ chắc phịch thủ đi 1 vòng an nam về xong cũng teo mẹ dái",0,1
1665,"Chia buồn cho Fan Mu đá C2 cũng k thảm họa lắm, cái thảm họa là bh còn phải xem NHA vào những giờ chủ nhật muộn. CN mùa đông đéo thằng nào nó về đâu. Hệ lụy của nó là vkl ấy.",0,1
1666,"vãi cả nhái, chuyện gì đang xảy ra vậy, 2-1 r",0,0
1667,Chứng minh những tàu cá vi phạm đánh bắt trộm thuộc diện vay vốn hay trong dự án tàu vỏ sắt trước đi đã. Nói lằm nói lốn thế,0,1
1668,"Vụ 2 thằng cu đi lạc, dân nghiệp dư xài vài chức năng auto cũng ảo thế này rồi, huống gì bọn hàn, tàu",0,1
1669,"Mỗi nhà mỗi cảnh, người ngoài còn chưa lừa lọc, khốn nạn bằng 1 góc đám máu mủ ruột rà nhà tôi đây.",0,0
1670,M thì khôn hết phần thiên hạ. Tiền thuế nhà nước đổ vào đấy. Tiền của dân đấy. Nhưng t đảm bảo với m VĐV ngta thi đấu vì phần thưởng chứ cái vinh quang tổ quốc vẫn là thứ 2 thôi.,0,1
1671,"Thì dĩ nhiên, mấy thằng chẳng biết gì ngồi ngoác mồm chửi Mỹ ""xuất khẩu lạm phát"" nhưng đến khi kinh tế Mỹ lên kéo theo cả TG thì chẳng thấy bọn nó vào cám ơn Mỹ đâu. Hài vật, kinh tế TG luật chơi có hết mà thua thì chửi, thắng thì tự vỗ ngực khen mình hay.",0,1
1672,Cũng có người ngu người khôn mà bạn. Sky tụi nó sống sờ sờ đây thây.,0,1
1673,"Chính cái tính thẳng thắng đó tụi Tây mới phát triển đó. Cái gì còn dở thì nói ngay là dở không ""beat around the bush"" hay nói loanh qoanh xong ngụy biện như mình. Mợ, nhìn mấy đứa comment Twitter trẻ trẻ không mà tư tưởng mắc kẹt ở thập niên 80",0,1
1674,đúng là đọc cmt trên đây đéo biết cái nào thật giả,0,1
1675,Nó cay thằng Kai vụ gì,0,0
1676,"Nhập tịch hay ko nhập tịch vẫn cầm hòa tk thái thiếu trụ cột, đây là ngu bẩm sinh, kỵ rơ",0,1
1677,Giờ lừa đảo kiểu này nữa hả ). Tự nhiên nói chuyện xong bảo cọc 1 triệu giữ phòng. Nó nghĩ xã hội toàn người ngu hết sao. Vào xem fb thì cũng có vẻ hot girl. Vài nghìn người theo dõi. Làm quảng cáo gì đó. Chẳng lẽ lại đi lừa đảo kiểu này sao.,0,1
1678,"Toàn bọn ngáo ngơ mới ra ràng phát xét vớ vẩn, lại còn lôi giàu nghèo ra nữa. Đọc mà buồn cho dân trí ở VOZ",0,1
1679,"việt nam chứ nước ngoài đ đâu mà lắm anh bảo bỏ viên sủi patanol vào nước phải xin phép con nhân viên phục vụ, hài",0,1
1680,Chính phủ mẽo chắc cũng có khối ông thao túng cho bọn cartel nó làm loạn chứ như colombia chile các thứ Mẽo nó xua quân dẹp cái 1 chứ có đéo gì mà mãi không dẹp được,0,1
1681,"Tôi thách ông để dc AGV Orbyt vô cốp đấy Chạy 80km/h mà gãy mâm, mâm làm bằng nhựa à, đến con xe 20 năm tuổi, xui xui sập ổ gà còn ko si nhê, tào lao quá ông",0,1
1682,Sống tốt thì đéo ai ghét,0,1
1683,"mày có trách nhiệm đăng ký tạm trú nhé, tao dẫn link luôn. Cũng đéo cần thằng khách trọ mày đăng ký mà mày tự đi đăng ký nhé.",0,1
1684,Lạ lùng tôi chưa thấy ông lãnh đạo nào tôi từng làm mà ko biết uống bia rượu hết. Đ hiều tiêu chí winner của thằng bán cá kia là ở chỗ nào. Với lại kể cả có 10 thằng winner uống nc ngọt ở đám cưới. 10 thằng 10 lĩnh vực đéo hiểu nó bàn nhau được gì giữa tiếng nhạc chát chúa. Mà lại đéo quen thân mà làm ăn với nhau đc.,0,1
1685,"voz éo tin đi tin top top. Biết thế nào là nghe cho vui, nghe để tiếp thu ko?",0,1
1686,"Cho 2 lão đấy toàn quyền lại khác đấy, vấn đề là có là mấy lão đấy thì blđ cũng k cho toàn quyền",0,0
1687,có bao giờ thấy HN khóc lóc đổ lỗi trọng tài chưa vậy?? chỉ thấy đám nào đấy 3 tuần rồi vẫn chạy quảng cáo chửi tài với HN thôi,0,0
1688,"Tụi nó cũng quyết liệt xử lý bọn gian thương + tham nhũng đó thôi? Tất nhiên hậu quả không thể khắc phục nhưng họ cũng được bồi thường mà, đám đầu sỏ cũng bị xử bắn hết rồi, anh còn muốn sao nữa :O",0,0
1689,Trả nợ công cho cả nước nhưng cũng éo đủ,0,1
1690,Nhạc to éo nghe đc còi xe tải thì lại chả nguy hiểm vl ra,0,1
1691,"Con vợ mình nó cắt tóc toàn 4, 5tr 1 lần. Đù mẹ.",0,1
1692,Cái vụ đó đơn giản là đéo nhường đéo làm được gì cả,0,1
1693,đéo ai ngu đi dùng tài sản để đổi lấy một thứ có mà giá trị mất dần như tiền cả. Thế cho nó vuông,0,1
1694,"chả hiểu ông thớt nói gì cả...: giàu thì họ thích làm chủ, làm việc đầu óc, đầu óc luôn nghĩ ra ý tưởng... chứ ai đâu đi làm chân tay lặp đi lặp lại như thớt, có mà thị trg thay đổi sấp mặt, có làm chân tay ko cứu đc. Vấn đề chỗ đầu óc.",0,0
1695,"Khỏi khích, Việc lol gì tôi phải show, cứ cho là chém đi. Hơn thua trên này tôi chẳng có thêm được đồng nào. Quan điểm rất rõ ràng, thị trường tài chính rất khó, phải tốn nhiều năm công sức, thời gian, tiền bạc để có thể tồn tại được. Đừng nghĩ ngày 1 ngày 2 đòi chinh phục thị trường x10 tài khoản, tỷ phú ....",0,1
1696,"Chưa kể xe cộ có quyền yêu cầu KST điều, mà thằng này ko làm. Trừ khi dùng tay đỡ dc phí xe cộ, rồi ăn khoản này, ko thì chả thằng ngu nào làm trò này cả. Tự nhiên đi hành xác mấy thằng công nhân mà chả dc lợi lộc gì cả",0,1
1697,Ông nào bảo Hà lan không tâm lý đi.. tâm lý chết mẹ đi dc kia kìa,0,1
1698,"Ông kia nói cũng đúng đấy, muốn thay đổi về mặt tư duy thì ngôn từ cũng không kém quan trọng. Thay vì ""đi bộ"" + ""bị đâm"" thì đổi thành ""gây cản trở xe ô tô"" => ""thiệt mạng"", kéo cả lên báo đài, truyền hình, người nào trước đây không có tý tư duy nào họ cũng sẽ dần hiểu là ""đi bộ trên cao tốc"" => ""cản trở giao thông, gây nguy hiểm cho ô tô"" + ""ngoài cái mạng thì còn phải chịu phạt"".",0,0
1699,"Ý là nếu hạ giá thì các cty BDS sẽ bị thiệt, nên là thà đéo bán được còn hơn là chịu thiệt với cương lĩnh hành động: ""thà phá sản còn hơn phá giá",0,1
1700,"Bên Thái như thế về VN làm đéo gì có giá này, đắt hơn trăm củ nhé.",0,1
1701,May mà Henry cút sớm khỏi phim sớm chứ ko để bọn nó cho đóng tiếp đ biết biến thành cái gì,0,1
1702,"Trông chờ éo gì cái ý thức dân xứ này, thấy bẩn bẩn là tự động xả thêm rác thay vì làm sạch.",0,1
1703,Anh kể hoang đường bỏ mẹ ra,0,1
1704,không đh đéo ngủ được fen ạ,0,1
1705,"xe đang cháy hàng muốn mua không được cơ mà... tôi chờ vài tháng nữa xem mấy anh to mồm trong thread này có anh nào mua không... chứ tôi là tôi bỏ rồi đó, gì chứ cái trò quảng cáo máy 190hp chạy không khác gì cái máy 140hp là tôi thấy thối khắm...",0,1
1706,Vì bọn nó nghèo nàn và lạc hậu hơn nước ta.,0,2
1707,"Bọn tàu nó chơi cũng Fair đấy. người nghèo là được phát tiền trợ cấp các kiểu (nhất là ở vùng tự trị, hay vùng biên giới). Bọn giàu đang đóng thuế để nuôi người nghèo, tránh bạo loạn để giữ đất.",0,0
1708,Trên voz này nhiều thằng ủng hộ đám ma tràn ra đường lắm,0,1
1709,Ráng cứu thằng cha phi công sống sót rồi quẳng vào mặt cái bill 1 triệu USD viện phí cho tôi,0,1
1710,Có khác nào nhét chữ vào mồm nhà văn không,0,0
1711,Nghi ngờ kỹ năng quản trị của cái thằng có tài sản nhiều nhất thế giới thì đúng là xếp vào hạng ngu.,0,1
1712,"Mẽo ""soccer"" học đường chỉ bọn con gái thích chơi thôi nam thì phải bóng rổ với bóng bầu dục, bóng chày",0,0
1713,"Văn hóa ""cái tình"" nó ngộ nghĩnh vậy đấy",0,0
1714,"Thật, nghi con mẹ bày trò",0,1
1715,"à tao nói cái vùng xanh của mấy thằng hay nói, mày vào def làm gì vậy, tao nói 2 cái giống nhau sao. tao chỉ nói mấy thằng kêu ăn mấy cái đó mà bị phạt cơ mà, đọc hiểu giùm tao nhé.",0,1
1716,"Nghe chi mấy thằng chém gió, quy mô kinh tế vn tuy lớn nhưng vẫn thuộc dạng chạy ăn từng bữa chứ không có dư dã gì nhiều đâu",0,1
1717,Đéo nhé. Mặt trăng là của việt nam.,0,1
1718,Giờ thấy số lạ là éo nghe cho lành. Sale nhiều mệt vl,0,1
1719,Nhát vl vậy thanh niên,0,1
1720,"Mới xem về, fan DC đây và chấm phim 4/10 +1 điểm cho diễn xuất của Ezra thành 5/10. Thật sự đéo hiểu phim này chấm hay chỗ nào luôn. CGI thì ko cần nói, chê nát rồi Nhạc thì cũng như cc vì chả đọng lại tí mẹ gì. Phim thiếu logic trầm trọng về power của team Zod Nói chung là thích Ezra thì đi, còn ko thì ở nhà đợi HD cho đỡ phí tiền vé.",0,1
1721,"""Đồi gió hú"" và ""Giết con chim nhại"". Cuốn ""Đồi gió hú"" có giá trị đọc lại, vì mỗi lần đọc lại cảm nhận dc 1 kết cục khác, và nhân vật của nó nhiều vcl luôn, đọc toàn lật đi lật lại. Còn ""Giết con chim nhại"" dc đưa vào dạy học ở Mỹ...",0,1
1722,Nói chung chị làm phim hay thì đéo ai rảnh tẩy chay đâu.,0,1
1723,"Thím @Cười Lên Cái Coi là đực rựa @17.8 cm nhưng cũng thích bếp núc lắm, đàn ông làm ngành này thấy vậy mà “xì trây” hơn khối showbizer",0,0
1724,"chó còn sống qua 15 ngày thì ko cần tiêm nữa vì con chó đó ko bị dại, chó dại chưa còn nào sống quá 15 ngày",0,0
1725,Bọn nó hát cái méo gì vậy các thím,0,1
1726,"Không có hình à, éo tin",0,1
1727,Admin thật tế nhị khi thay chữ Ngu thành chữ Đã tốn tiền. Ad muôn năm,0,0
1728,Nên cho vay vì hỏi ngu quá,0,1
1729,"Vẫn chưa hình dung được, cơ quan nhà nước thì nghèo khó lên lãnh đạo được, còn tư nhân thì không lẽ thằng tổng giám đốc cho 1 thằng phèn không biết ngoại giao lên làm sếp, mà đã giỏi để leo lên giám đốc thì sẽ không nghèo.",0,0
1730,"Việt Nam thiếu gì, tôi ta mình, tớ bạn....cả đống ra mà kêu đéo có.",0,1
1731,Các chú In-ní nghĩ nhiều rồi! Có đéo đâu mà lo,0,1
1732,Nói như anh thì thuốc xịn vào phải thằng không hấp thụ thuốc cũng như nhau...,0,0
1733,"cũng giống như hiện đại bây giờ, bạn đi làm mãi đéo giàu nhưng có thằng cũng học như bạn nhưng đi làm lại thành giàu",0,1
1734,"Với cái công nghệ hiện tai và hành tinh ""có khả năng"" có sự sống gần nhất thì cũng không đến lượt thằng nào đến đâu",0,1
1735,"Tôi đéo biết tôi phải bị stress không , đang gặp đủ thứ vấn đề , mà chẳng thể nghĩ nỗi gì cả , chẳng muốn nghĩ đến , cứ phải vô thức lướt voz + f5 liên tục...",0,1
1736,Đéo có thằng bạn nào ở đây cả,0,1
1737,gì nữa thế mai phen? F1 của thằng cu kia à?,0,0
1738,"Tôi chỉ đúng một ý là phải gọi 2 người lạ là bố mẹ thấy kì kì, đéo hiểu nữa",0,1
1739,"Không phải câu chuyện ""thế hệ nào cũng có thành phần phá làng, phá xóm, chẳng qua đây là thời đại internet nên thấy nhiều."" Rõ ràng là bọn thanh thiếu niên sinh sau điên cuồng, mất dạy hơn. Thời đại các khu công nghiệp mọc lên như nấm, tôi để ý thấy cha mẹ toàn phải đi làm xa, thả con ra đó cho ông bà nuôi, cả năm mới gặp mặt con một lần vào dịp Tết. Con trẻ thiếu dạy dỗ, săn sóc cẩn thận, nhiều đứa rất láo toét.",0,2
1740,chúc bác thanh trừng được hết mấy cái bọn sâu mọt này. Đu bám riết đất nước chả phát triển nổi..,0,0
1741,"mấy thằng ""tháng sau"" này nó giống mấy thằng ""năm nay là năm của linux desktop"", nói đi nói lại một câu suốt năm này đến năm nọ",0,1
1742,"Tôi quen th cu bố viện trưởng viện hải dương học, nó phá quá bố ko dạy đc dí cho ra Trường Sa hơn 1 năm để gió sương... cuối cùng nó về còn phá hơn. Chỉ có đi tù thôi",0,0
1743,Làm đíu gì có nước nào đang theo cộng sản thuần tuý đâu anh Tq với Việt Nam do đảng cs cầm quyền nhưng kinh tế vẫn là theo tư bản,0,0
1744,"thì bọn đấy cũng bông tuyết, ý kiến gì?",0,1
1745,"bớt ảo tưởng mấy cái từ ""nhổ cỏ"", ""phụ hồ"", ""xách nước"", ""bơm bóng"" nó quá quen thuộc với cầu thủ, dùng khi nói đùa bình thường",0,0
1746,"thằng giám đốc report con này không an toàn thì bị sa thải luôn lí do cái cửa sổ chỉ được dùng đên 1500m, mà nó đem đi lặn 4000m.",0,0
1747,Sáng dậy chạy đạp ngay bãi cứt chó các anh à. Quay lại nhắc lão đang thả chó ra đường ỉa lão cười cười. Tính đứng lại kiếm chuyện sút vào mõm cả chó 10kg lẫn chó 60kg mà lão lỉnh vô mất.,0,1
1748,"Khi bạn nằm trên giường mà đéo có tiền chữa bệnh, muốn lo cho vợ con, bố mẹ mà đéo có tiền thì sẽ biết. Nhưng sống phải để cho xã hội nhìn vào nữa, đừng sống như ăn mày là được. Cái gì cần chi vẫn phải chi. Mấy cái món rượu chè thì thôi, đừng có uống chỉ để vui cái mồm.",0,1
1749,"Tính tôi thì thích sự riêng tư, tôi đang làm gì mà có người sát bên cạnh là éo tập trung được. Rất khó chịu. Kể cả đi đái, đi ỉa mà có thằng đứng sát bên cũng đéo thể tập trung được",0,1
1750,"Chu kì hưng thịnh của nền kinh tế thôi bao năm nay vẫn vậy, lên báo than thở trước cho lũ dân đen chuẩn bị tâm lí chứ gáy to như hồi 2008 xong sụp thì có mà bị tế",0,1
1751,Tôi éo thương mấy thằng như thớt. Dám làm dám chịu. Đừng để vợ con liên lụy. Có trả nợ xong lại dính thôi .. 1 vòng luẩn quẩn.,0,1
1752,Mấy thằng đó xl mà cũng tin,0,1
1753,"Sợ nhất hai thể loại là mấy cháu loai choai mới lớn và mấy thằng cùn. Còn chẳng dám nhìn, biết đâu ""mày nhìn đểu tao à?"" thì bỏ bu.",0,1
1754,"Tui cũng có vài lần comment nói mấy bạn trẻ muốn có việc làm thì nên bỏ voz. Chứ lên voz nhiều rồi suốt ngày 20tr đéo đủ sống HN, 30tr nuôi con chật vật, rồi lương 1k 2k như bỡn",0,1
1755,tôi report anh tuyên truyền văn hoá phẩm đồi truỵ nhé,0,0
1756,"Mở thớt ra mà giống như chỗ trò chuyện í, 1 đống vào trò chuyện với nhau chủ đề đâu đâu, ông thớt bơ vơ lạc cmn loài",0,1
1757,"Số liệu đâu mà đao to búa lớn thế má Nó tổ chức show to thì mỗi nó bỏ tiền rồi thu tiền à, không ai khùng thế cả hơn nữa trình đếch đâu mà ôm tất, miếng bánh thu về mỗi thằng 1 miếng",0,1
1758,"trung quốc từ ngày xưa đã cấm google, facebook, nhờ như thế thì baidu và những thằng liên quan mới có thể phát triển nổi, chuyện đấy cần bằng chứng nữa không? nhưng ở trong nước thì thế chứ ra khỏi biên giới thì baidu với con kẹc gì trong nước có tuổi gì không?",0,1
1759,thôi block nó đi chứ thấy troll ghẻ giống kiểu bị Gái Bank nó phũ zậy ),0,1
1760,"Nó đi làm lênh đênh ngoài biển, làm mấy ngành nguy hiểm bào mòn sức khoẻ + với không có chi tiêu thì từ 18-23 tuổi là 5 năm dư 700tr tao thấy quá bình thường. Còn mày thì mùi gió to quá",0,1
1761,"tốt nhất ông thớt im mẹ mồm đi, cái tít đã có gì đó sai sai rồi! Lũ lớn ngập nóc thì t thấy hình ảnh rồi, chứ nhiều người chết đuối thì chưa thấy báo đăng nha! Tử vong do mưa lũ gồm nhiều nguyên nhân như sạt lở, vùi lấp, bị kẹt, bệnh tật không được cấp cứu kịp thời do mưa lũ....v.v",0,1
1762,"à tôi đang nói 2 cái danh xưng của fence là ""thầy giáo trí tuệ r ng trừ tà vĩ đại bởi chính bên đạo""",0,0
1763,"Đổi mỗi cái tên thì bỏ mie, mấy ông mạng mẽo hay treo đầu dê bán thịt chuột lắm.",0,1
1764,"Bác gãi trúng chỗ thằng ""hồng vệ woke"" rồi",0,2
1765,Bọn nhố nhăng làm ảnh hưởng đến người bán hàng chân chính thôi mà.,0,0
1766,"thằng noir sức mạnh của nó lúc lên lúc xuống vl, nhớ tập nó đi giết thằng khủng bố, nổ gần sập cái nhà mà nó chỉ bị bỏng 1 phần, giờ về cuối thấy dao đâm còn thủng ... cũng k hiểu nó mạnh cỡ nào",0,1
1767,"""Nếu không trả nợ sẽ đâm chết con mày""​Do không trả tiền theo yêu cầu, anh N. cùng người thân, đồng nghiệp sau đó liên tục bị nhiều số điện thoại lạ gọi ""khủng bố"" tinh thần, gây sức ép để đòi tiền. Chúng còn sử dụng các tài khoản Facebook ảo đăng các thông tin sai sự thật, bôi nhọ anh N. và người nhà của anh.",0,0
1768,Hóng với trẫm ghét nhất mấy thằng xạo le trên voz,0,1
1769,Ở xứ này cứ thấy thằng nào phông bạt khoe này nọ các thứ... Thì lo mà chạy thật xa vào.,0,1
1770,Giật tít đúng chuẩn bọn báo lá cải.,0,1
1771,Thật buồn cho thế hệ voz con cháu,0,2
1772,Clone của 2 thằng bên trên vừa bị mình chửi?,0,1
1773,"nghe đồn 15.9 HCM hết giãn cách Nên hi vọng, Laz còn có cửa chứ shopee là éo có cái mẹ gì luôn, tôi mua trên HN 1 tuần rồi shipper chê éo lấy hàng đi ship đây.",0,1
1774,"Ko giàu vật chất thì phải giàu tri thức, giàu đạo đức, giàu cư xử. Còn để chơi đc vs nhau thì nó phải có ""ĐIỂM CHUNG"" . Ko có mối quan tâm chung thì thằng giàu/giàu hay nghèo/nghèo chơi vs nhau còn đéo được chứ chả liên quan mẹ gì đến việc giàu/nghèo khó chơi chung cả.",0,1
1775,"Mình học trường công cũng có accent như tây này mai fen, thượng đẳng chó gì",0,1
1776,"Giờ có người quen của nó là vozer gửi bài này cho nó, mà có mấy cái comment ""thịt"", ""húp"" thì sao",0,0
1777,"Vấn đề từ bên kiểm duyệt giết chết nền điện ảnh, thêm cái ""thuần phong mỹ tục"" mù mờ.",0,0
1778,"Mày có biết mấy gia tộc bên Mỹ ngày xưa làm giàu nhờ vào nô lệ da đen làm việc đến chết ở các khu đồn điền khắp nơi không? chưa kể làm giàu nhờ vào nội chiến 2 miền nữa, thế theo mày các lãnh chúa thời phong kiến tự đem tiền ra chia cho dân đen sống qua ngày hay gì?",0,1
1779,ngoài này có gà hun khói nhiều mà ăn 1 lần thôi chứ đéo ham. ghê ghê như ăn thịt sống vậy,0,1
1780,"Thanh niên có lòng tự trọng, ai lại đi tranh ăn với người già, khuyết tật, mất khả năng lao động...vậy phen. Mất mặt vozer quá",0,2
1781,Cái chuyện bệnh tật éo ai biết đc. Ko chia sẻ gánh nặng thì thôi còn chì chiết trách móc. Bộ thằng chồng muốn con bị bệnh à? Nói vậy éo nghĩ là đang làm tổn thương và chia rẻ tình cảm à?,0,1
1782,"Từ tư vấn với khuyên thành ""đòi"", đọc thớt revir trên voz giờ ác cảm với nha sĩ quá nên nghĩ đâu cũng là nha tặc à",0,1
1783,"đúng khổ như chó, 12h trưa nắng nôi xếp hàng 30p cây sông hồng lê văn lương đổ được 50 k, về ăn trưa mất cả ngon",0,1
1784,"Nhìn Mỹ đóng tàu chiến trong WW2 cách đây gần 100 năm mà dám nói giờ hụt hơi với TQ á, đéo tin.",0,1
1785,"chơi game mà cũng bỏ, mỗi cái game mà cũng không dám chơi thì làm cc gì được bạn ơi",0,1
1786,"ghen tỵ với khoa quá,nó không chỉ có xe hơi,nhà lầu cao ở vn,mà còn đi được âu,mỹ,nhật,ăn gái nước ngoài nữa!hic!",0,0
1787,"ai trong này cũng bảo Mẽo, 1 nước bự hơn 10 lần Đức, đất nước ko bị chiến tranh tàn phá, có bom hột nhưn ko làm bá chủ thế giới được, vậy sao lại sợ Đức, 1 nước nhỏ lại sắp kiệt sức vì chiến tranh, có bom hột nhưn? Cùng lắm nó chế được 10 chái thì thế giới đập chết nó rồi, sợ cái gì nhỉ",0,1
1788,"Mấy thằng già trâu nhậu tôi toàn trốn, mất thời gian vô bổ",0,1
1789,deal lại lương ko được thì nghỉ ngay... níu kéo gì cái loại cty thế này,0,1
1790,"tương lai của em cmnr, từ khi tốt nghiệp ra đi làm đ thấy cơ hội giao tiếp mở rộng mối quen . đ biết nói chuyện kiểu gì cho cuốn, kể cả lúc đi nhậu",0,1
1791,Tôi có ông cậu thiếu tướng xin đôi giày với cái thắt lưng mãi éo cho phải nói giày quân đội đẹp thật,0,1
1792,"Từ Đông sang Tây, nước cũng đều có từ gọi là ""ma"", cũng đều có những câu chuyện về ""ma"". Nhưng ""ma"" ở mỗi vùng thì lại có đòi hỏi khác nhau. ""ma"" vùng này thì có thể bị đói, khát, có nhu cầu về vật chất, có nhu cầu xài tiền,... nhưng ""ma"" vùng khác thì lại không có những nhu cầu đó.",0,0
1793,"thế thì chỉ là cảm xúc “rung động” nhất thời thôi chị ạ, đời thiếu đ gì trai đâu, đâm đầu vào vozer làm éo gì . Con gái h có giá lắm",0,1
1794,Sao mày không chứng minh hay đưa ra được 1 lập luận hợp lý cấu tạo nguyên tố mới của mày. Lại vòng sang chuyện khác thế.,0,1
1795,Tôi chả là cái khỉ gì trong cái diễn đàn này cả ! Ok,0,0
1796,"Hehehe, lôi ra bao nhiêu dẫn chứng, éo phản bác dc cái nào, lại lem lẻm sao toà ko xử ))",0,1
1797,nguyền đéo gì trên đời này có 3 thứ rất rủi ro 1 bay vào vũ trụ 2 đi trực thăng 3 lặn tàu ngầm,0,1
1798,"công ty với bạn bè mình ai chơi cũng kiếm đc tiền, ít hay nhiều thì đều có nhưng ko lỗ đéo hiểu ông này làm sao nợ 500tr",0,1
1799,ở máy trường học đéo hiểu sao vẫn còn duy trì mấy cái phong trào vô bổ này. Cái vô bổ nó nhìn thấy rõ ràng mà thằng bộ giáo dục nó không dẹp đi.,0,1
1800,"Mấy thằng đéo biết cái gì cũng 4 với chả 6 tháng. Tôi hiến 1 năm 3,4 lần là bình thường, chỉ cần sau 12 tuần hoặc khoảng 3 tháng là thoải mái hiến rồi.",0,1
1801,"Buồn của vozer cực hữu , aura cho lắm vào",0,1
1802,Chửi thành viên khác rất vô văn hóa,0,0
1803,"Tự nhiên mấy bữa trc youtube nó recommend video của thằng cha mày, công nhận làm nông dân bên đó giàu vcl",0,1
1804,"lắm đứa dở mà, k hỏi thăm thì thôi chứ còn nói mấy câu như ""bệnh này t khỏi phát một"", ""bệnh này có gì căng"", đúng nghiệp",0,1
1805,"Dân số không phải là gánh nặng, dân số là tai nguyên lớn nhất của một đất nước, đặc biệt là nước toàn gia công với làm thuê như Việt Nam. Thế mới thấy chính sách kế hoạch hoá gia đình ngu học thế nào :v",0,1
1806,"Đây là luật áp dụng thời chống dịch, ko phải luật rừng. Luật rừng là thằng nào ý kiến nó bắn bỏ mẹ mới gọi là luật rừng nhé.",0,1
1807,Nhà cửa sổ đỏ đầy đủ mà chuyển khẩu từ quê lên Hoàng Mai thôi còn đang bị hét ~ 30 củ. Chán đéo buồn làm,0,1
1808,Quyết liệt thằng cha nó ... ... Ông nào nhà báo nằm vùng đưa cái này lên trang nhất đi ... Dạo này không mổ băng phạt nguội nữa à,0,1
1809,"giàu vì làm như trâu như chó và bóc lột. Làm việc với bọn hàn bóc lột ghê lắm, công nợ thì nửa năm không trả.",0,1
1810,thằng chủ nợ mất tiền cho vay..mất luôn con nợ và 2 thằng đòi nợ ..thêm tiền đền cho gia đình 2 thằng đòi nợ ...,0,1
1811,"Gì chớ anh em Vozer chấp cả lò bọn kỳ thị tẩy chay. Ngược dòng ngu bị bọn bầy đàn quăng gạch tẩy chay riết quen. Lập nick mới, giả nhân cách khác rùi phá làng phá xóm. Sợ đéo gì ?",0,1
1812,cắn vào chân thì phải xin sđt nhà nuôi chó đấy gọi bảo nó theo dõi xem trong 15 ngày nếu con chó nó lên cơn hoặc bỏ nhà đi thì phải tiêm vaccine,0,0
1813,"voz dạo này xuống cấp vậy à, 3-4 page mà ko thấy thằng nào đức lại cả",0,1
1814,Mày chờ xem.. Ăn rùa y kiểu thằng Sterling thôi...đá ngu nhưng số phận ép nó phải ghi bàn...,0,1
1815,"Ông có học đi làm văn phòng thì sẽ hỏi câu như thớt, tương tự, 1 ông thất học mở doanh nghiệp thành triệu phú, ngày ngày bận bịu tính toán kiếm tiền cũng sẽ hỏi câu kiểu "" Sao cái lũ bỏ lắm thời gian ra học cho lắm rồi đi làm tháng 15~20tr để làm cái *** gì?"" (Tất nhiên cũng có triệu phú ham học thì sẽ hỏi câu khác"" Mỗi người đều có những thắc mắc riêng, ko ai giống ai nhé thớt.",0,1
1816,"Bọn đi xe máy ko đội mũ BH thì nó méo thèm nghe đâu, nó bị phạt thì kệ mịa nó đi, nó bị xe đụng bể đầu cũng kệ mịa nó đi, hơi sức đâu quan tâm bọn nó làm gì!",0,1
1817,"Nói thật chứ 20t mà có của ăn của để chỉ có hoặc bố mẹ cho vài tỏi kinh doanh rồi mua bài viết báo, hoặc ca sĩ diễn viên may mắn gặp thời nổi, hoặc bán ma tuý, bán dâm, làm mấy cái banh bóng, tiền góp... các thứ. Mà số lượng đấy ko nhiều đâu fen, còn lại tuổi 20 hoặc đang mài đũng trên ghế nhà trường, hoặc đang làm culi chết cđm rồi",0,1
1818,Ngay đầu bài xử 2 thằng kia thây Còn 2 thằng kia tách thành vụ khác. 1 thằng ghi chưa rõ lai lịch khả năng chưa bắt dc 2 anh mắt có vấn đề hay sao mà bảo chỉ xử 1 thằng,0,1
1819,"200k hết mẹ 50k xăng xe , ko lo tìm việc mà đâm vào đây Nghề này sinh tật làm biếng ghê lắm dính vào dễ hư người",0,1
1820,"Lo cái cc, Đông Lào có được miễn thuế cho thu nhập thấp chưa, có được tặng tiền mặt không, moẹ ông anh tôi cũng chả thua thu nhập tôi mấy mà đhs ko phải đóng thuế thị dân, còn được cho tiền 3 lần rồi tổng cộng là 25 Man, sướng vl ra chứ có khổ mấy đâu mà lo hộ, nhìn chung giá nó cũng tăng tầm 7 đến 10 % nhưng ko đến nỗi phải khổ sở lắm, bọn thu nhập thấp thì được cho tiền, anh em Đông lào được khá nhiều, chỉ ghét mấy thằng được cho tiền rồi lại quay ra chửi Nhật, trong khi đó t được cho có 10 Man",0,1
1821,thấy mấy thằng danh hài kiếm tiền dễ như bỡn. Ức chế thật,0,1
1822,"clm bực nhỉ, giờ mình học lên để tránh đủ đến năm 27 tuổi đc k nhỉ. bọn ở quê mình thì thằng đéo nào cũng chạy mà đi thì vẫn đi đều. có thằng con trai cưng học bk ra trường được ông già cho 100 củ chạy quân sự, vẫn ngậm ngùi ra đi",0,1
1823,"Vậy thì vấn đề không nằm ở thằng Phú Lê mà nằm ở cái thằng mời nó về diễn và cả thằng ký duyệt chương trình, cụ thể là thằng chủ tịch UBND huyện.",0,1
1824,"ngược dòng một tí là các nhà sách học, các mẹ bỉm sữa, các em teen mới nhú, các anh ""bác học"" vào đáp gạch cho ngu người luôn Tôi có thử 1 lần rồi, nhưng cãi không lại bọn ngang như cua ấy, mồm thì cứ ra rả bảo là do ""bé nó thích"", mà cứ lên mạng xin tư vấn sách cho con trẻ. Chắc con trẻ thích ""theo ý bố mẹ"".",0,1
1825,"Nóng trong quá chứ sao.. Tôi chơi với bọn toàn dân nhậu ( mình nhậu ít nhất trong số đấy ) , thằng éo nào cũng từng bị đi ngoài ra máu tươi. Ăn nhiều rau mà mấy đồ mát vào",0,1
1826,"mày thống kê giùm tao có bao nhiêu cái ""ông ngoại"" trên đất nước này. Mày có ở miền nam ko ? mày có biết tiếng kêu của người dân lao động thất nghiệp ko ? mày có thấy được những cái nhìn bằng 1 phần tư con mắt của thằng ôm loa rao phạt , phạt,.. ko ? Thực phẩm thì ko có , tiền thì cạn. nếu như mà ko có nếu như nữa",0,1
1827,"Haha, họ chửi anh vì anh đã ngu còn đéo chịu nhận sai, nếu anh là thằng đàn ông trưởng thành có trách nhiệm ấy, sáng mắt ra rồi ấy, thì cái việc nhận lỗi là việc tối thiểu mà anh phải làm được. Là thằng đàn ông ấy, đúng sai phải rõ ràng, cầm lên được thì bỏ xuống được, đó mới đáng đàn ông, còn cái kiểu sĩ diện hão, nói kháy bồ tát voz này nọ thì tôi chê",0,2
1828,"Xa thơm gần thối, ở gần nhau hoài thì sao không có mâu thuẫn, được thì ra ở riêng, còn con chị kêu nó vác lol đi làm mà trả nợ. Vậy nên ở đời nhiều khi buồn cười lắm bác à, cứ thích để người dưng ăn tiền của mình trong khi người thân thì mặc kệ",0,1
1829,"Không , ý tôi là bọn bán hàng online chắc không "" đa nhân cách "" tới mức fake 1 người cả 1 quãng thời gian dài chứ , vs face bác này cũng ko có số lượt follow lớn",0,0
1830,"Ở Trung Quốc "" Quảng Điện"" mới là cơ quan quyền lực tối cao ở showbiz, bất cứ nghệ sĩ, diễn viên nào cũng k dám chống lệnh quảng điện.",0,0
1831,"Mình thì chẳng hiểu cái ngành công nghiệp dinh dưỡng nó tiếc gì 1 ký tự ""k"" mà cứ viết ""calo calo"" nhìn ngứa hết cả mắt, cuối cùng sinh ra cái đại lượng định nghĩa chới với như thế này: 1 kcalo = 1 calo 1k calo = 1000 kcalo",0,1
1832,Điện ảnh cổ xuý nhưng dân mỹ nó cầm súng bắn nhau như ngoé từ tk 18 rồi.,0,0
1833,"Qua 1/1 lên làm nó hành cho mới biết mặt, việc cấp thông báo định danh tại c.a phường vốn là đéo có quy định thời gian cụ thể, giờ c.a.p đang chạy chỉ tiêu làm cccd nên nó cấp ngay cho đi làm, qua 1/1 hết chạy chỉ tiêu nó hẹn 1 tuần, 2 tuần lên lấy thì vỡ mồm cho xem",0,1
1834,Nếu bạn sai -> bạn đéo có quyền chửi Nếu bạn đúng -> bạn đéo việc gì phải chửi.,0,1
1835,"Đúng là con mụ dở hơi, fsoft nào trà đá chém gió 80% tg?? 90% mới chính xác nhé",0,1
1836,Anh làm gì phạm pháp hay bất nhân bất nghĩa mà ngta khinh. Bán bánh mỳ chứ bán của nhà ai đâu anh lo. Người chết đói mà sĩ diện hão ngta mới khinh.,0,1
1837,"Dụ khách đóng 500 củ xong đéo cho vay chứ gì, trò này vin nó làm từ đời nào rồi",0,1
1838,"Nó nói ông ngu là ông ăn vào tiền lạm phát đấy. Đừng có rút tiết kiệm ra mà ăn. Thằng đó cũng chả ra gì, thích chửi người mà ko chỉ đc cho người ta",0,1
1839,"Trong này có nhiều thằng chưa đi làm, ngửa tay xin tiền bố mẹ và có thêm một số thằng ăn mì tôm cả tháng rồi đi chửi ông tỉ phú ngu này ngu kia.",0,1
1840,"Các IQ cao cười phớ lớ ""dân còn ngu lắm, còn dễ trị""",0,1
1841,Hết Thái giờ đến lượt Phil. Trên đời có 4 cái ngu ...,0,1
1842,"Đáng lẽ phải làm như bọn Cam chứ, miễn phí cho dân vina và thu tiền nước ngoài",0,1
1843,"trực thuộc tw làm cm gì khi cơ sở vc nó vẫn như 10 năm trc, quy hoạch nó làm kinh đô để du lịch tâm linh, văn hoá còn hợp lý hơn.",0,1
1844,"theo t thì sản xuất éo oẳng đc đâu, fen tự tính có hướng nào sản xuất cái gì ko mới thịnh được. IT thì cũng phải mấy thằng động não, cày chăm nó ms giàu, chứ tay ngang cũng 10 15tr chứ bao nhiêu",0,1
1845,"Nhà vệ sinh công cộng ở cẩu quốc là nỗi ám ảnh của du khách là cái tiếng từ lâu rồi mà. Đến nỗi thằng Pooh mập còn phải phát động ""cách mạng"".",0,1
1846,"Nói chuyện với thằng ngu thì bạn sẽ luôn thua vì chúng sẽ kéo bạn xuống cùng trình độ và chiến thắng bạn bằng kinh nghiệm. Chán chả buồn nói với ông chủ thớt, nếu 1 người nói thì còn bảo nâng bi, đây cả thế giới đã công nhận ông ấy là thiên tài mà ông vẫn còn kêu ng ta nâng bi Da Vinci thì cũng ạ ông luôn",0,1
1847,"Cảm giác giờ như thằng nghiện ấy nhỉ, nó đang thèm vật vờ thì ném cho nó 1 liều, nó khỏe lên nhưng chỉ được chốc lát rồi nó lại vật vờ nặng hơn, đến 1 lúc hết thuốc thì nó lên cơn hẳn. Cho nên giải pháp là cai lúc nó đang nghiện nhẹ, chứ đến lúc nó nặng quá rồi đéo có thuốc nữa có khi nó đi luôn.",0,1
1848,làm nghề giáo mà sao được nghỉ phép dài hạn vậy bác nghỉ hè à lol,0,1
1849,Tôi lo cho công nghệ đậu xe nước nhà. Liên quan éo gì đến anh?,0,1
1850,Th này giáo viên đúng. Phụ huynh nào chụp ảnh này lên 1 là câu view 2 là ngu. Có vậy thôi tranh cãi làm gì cho mất thời gian.,0,1
1851,"Toàn anh tài voz, biết thông tin nhà người ta còn hơn người ta tự biết, giỏi vcl",0,1
1852,"""giả cách"" nghĩa là gì đấy anh. Từ cái vụ này đi đâu cũng thấy mn dùng từ ""giả cách"". Từ lạ quá t đọc cứ thấy ngờ ngợ.",0,0
1853,"Bởi vì cái ""truyền thuyết"" này sai bét, cứ nhìn vào cái điều kiện cho cả 2 là rõ. Anh em bạn bè gì toàn bốc phét thế",0,1
1854,Đó cũng là 1 cách thông báo cho người khác biết mà? Sao vozer cái gì cũng chửi dc v ta. Méo hiểu vụ này có j mà chửi luôn. Hay muốn phải dt báo từng người 1?,0,1
1855,"Gì ghê hồn vậy Thọ, chúng nó bảo mày thọ mặp quả ko sai Ngày tự nấu 200k, Sv nghèo thì ăn thịt heo thôi cha, bò 80k rau 50k, nhất mày rồi đấy Nhìn menu này mà dạng 100k-2 thằng/ngày bọn anh tự ái luôn",0,1
1856,"Giờ dân đi đông vcc, nắng nôi này sợ tắc đường sml. Đi cái này éo bao giờ lo tắc",0,0
1857,Nếu bác ko nợ thì còn hơn khối thằng trong này,0,0
1858,"Chuẩn rồi, không có chế tài dẹp mấy bãi này thì các doanh nghiệp éo bao giờ dám đầu tư làm cả.",0,0
1859,"ép nó nó chờ đến hết hđ lđ nó nhả, thưởng 13 ít hơn. ra tết nó đì cho đéo làm nổi nữa có khi còn nghỉ trước hạn",0,1
1860,"5 thằng lao vào 1 lúc là ông biết thằng nào rét ngay, ông mới bớt đi.",0,0
1861,đừng có phán bừa như thế. Tỉnh lẻ thì đào éo đâu ra lương 20tr?Đừng lấy mức sống tại chỗ mình ra làm thước đo chung thế chứ thím!,0,1
1862,"thớt nhục là đúng rồi, nên nhục vì cái tư tưởng con người hơn nhau ở cái điện thoại",0,1
1863,"Sai rồi. Thời đó thuộc hạ vẫn gọi người lãnh đạo trực tiếp là ""Chủ công"" Nghĩa là thằng thuộc hạ đó chỉ coi thằng ""chủ công"" là cấp trên duy nhất. Còn thằng ""sếp"" mình dưới trướng của ai là chuyện của nó.",0,0
1864,"Ông mũi trâu Xung Hư méo biết dạy học sinh, tới nỗi ai học ổng võ cũng dở ẹc lấy gì ra giang hồ nở mày nở mặt môn phái. Tới lúc ổng chết thì thái cực kiếm mất tích luôn, hèn chi Nhậm Ngã Hành phục có 1/2.",0,0
1865,Đứa nào nhiều tiền thì là trụ cột. Hỏi ngu quá vậy,0,1
1866,"tôi cũng chuyên toán đây, làm éo gì có chuyện chuyên gì ngu đấy., học hành chểnh mảng mất kiến thức không theo kịp tiến độ bài giảng thì có!",0,1
1867,Tôi thề ko bao giờ quay lại Hội An. Chẳng có con mẹ gì.,0,1
1868,"Tầm Vị ăn chả ra éo gì, vừa đắt vừa dở. Bọn Tây ăn thì đánh giá đồ Việt thế éo nào được. Mách cho a e 1 nhà hàng cơm ngon đỉnh: Vị An chỗ đường Hoàng Cầu ý.",0,1
1869,"Sổ đỏ công sở có giá trị gì đâu nhỉ, đâu mua bán được Thằng cầm đồ cũng ngu",0,1
1870,"T đi du lịch cứ vác đủ toys, kits đi theo . Đéo thằng già thằng trẻ nào moi được của t 1 xu. Hehe",0,1
1871,"Tôi thích cái 1yen nó cũng thối, ko bá dơ như vn cụ thể mấy thằng như vnpost. Tiền có rách được đổi free.",0,1
1872,"Mình thì nói làm j. 100% là tb Còn nó thì tôi nghĩ sẽ ptr. Mặc dù khkt nó ko bằng phương tây nhưng bảo nó ko có gì thì lại là ""xảo trá"" Ít nhất nó cũng phòng tàu vũ trụ, sx máy bay, tên lửa, tàu sân bay... thì khkt của nó ko hề tầm thường",0,0
1873,đúng là chả có mẹ gì phản cảm,0,0
1874,"Mấy thằng chửi đã xem video chưa. Là đứa con gái đấy. Đéo hiểu, tao cứ tưởng là đứa con trai, cuối cùng hoá ra là đứa con gái.",0,1
1875,"Ngay từ đầu đã nói là nằm trong ""những gì con người biết"". Ko hiểu câu này à? Éo ai chả biết vũ trụ nó rộng. Con người biết mặc áo bước ra ngoài ko gian nó thế nào rồi đấy, nhưng chả thằng ngốc nào biết bước ra ngoài đáy vực đấy nó thế nào đâu",0,1
1876,Bồn nào cũng thế thôi. Cũng có thằng ko dội,0,1
1877,"Đang ngâm cứu con e34 của Vin. Đủ tiền tôi quất ngay con LuxA đéo phải nghĩ, cũng đéo quan tâm các ông nói gì luôn. Xe nào chả có con lỗi. Thằng bạn tôi chạy con luxA ngồi vào sướng hết cả đít. Thấy nó chạy 2 năm nay chỉ bị lỗi mỗi cái là hết xăng chết máy. Nhìn ngoài đường nó chạy đẹp vcl.",0,1
1878,"Mang ngoại tệ về cho đất nước, nên ủng hộ. Nhà thì nhà đéo nào vẽ chả form như thế mà copy",0,1
1879,"Nhầm rồi, tàu ngầm quân sự ko phải là ko lặn sâu được mà là ""có lặn thật sâu cũng chẳng để làm gì cả mà tốn chi phí thôi"" chính vì việc ""ko để làm gì cả"" này nên tàu ngầm quân sự được thiết kế ko phải để lặn quá sâu, chứ ko phải 4000 m là cái gì quá ghê gớm với công nghệ chế tạo tàu ngầm bây giờ",0,0
1880,"Quá buồn cho 1 gia đình, thằng anh quá nhỏ nhen và hèn mọn.",0,1
1881,"Người k vì mình trời tru đất diệt. Anh bỏ tiền ra k nhận đc lại sản phẩm thì anh nên cho cái bọn ""có vẻ nhiệt tình"" nghỉ cũng đc. A từng kiếm tiền ở xứ người (như a kể) thì a cũng thấy sắt máu mới ra vđe chứ .",0,1
1882,"chỗ đéo nào trả thế hả m, gà vậy, tiền nhà m đóng lúc nào chả là đóng trước tiền ở 1 tháng rồi, trong 1 tháng tiền đến khi tìm dc nhà t m sẽ dc trả lại tiền số ngày ở còn lại với thanh toán tiền điện nc đã sử dụng",0,1
1883,Ở Ars có nhiều thằng không gắn não vào đầu khi đá bóng lắm.,0,1
1884,người có tiền nó đ quan tâm đâu vì chính trị thằng nào cũng như nhau thôi.,0,0
1885,"Thằng cu con trước sau tết nhập viện 3 lần vì viêm phổi, đến lần thứ 4 éo giám cho nhập viện nữa chữa ngoài. Trong khoa nhi hô hấp giờ là ổ dịch",0,1
1886,"Nhà tôi có miếng đất cũng khá to, cách mỹ đình chừng 5km, mấy hôm trước về quê toàn nghe 50 60tr 1m, tiền đéo biết đâu ra mà người ta mua.",0,1
1887,quên mẹ cái vấn đề này mất,0,0
1888,làm gì thì làm phải có nền tảng kiến thức chứ ko chỉ là vẽ thôi đâu. Tao đuổi 1 nhà thầu thiết kế rồi đang làm việc với nhà thầu tiếp theo. kinh nghiệm thì toàn 10 15 năm hót kinh mà có vẻ làm đéo ra gì. Để mấy hôm nữa xem.,0,1
1889,ngoài cái lí do con nữ chính nó xấu đéo thể tả thì tôi không nghĩ ra lí do nào khác,0,1
1890,Không làm hài lòng sếp mới là ngu nhất nhé,0,1
1891,"Anh khôn thế, thế này thì có phải là chuyển ""nhầm"" đâu, báo CA người ta còn đấm cho ))))",0,1
1892,Ngu. 1 thằng bé 6 tuổi thì không thể nào lại có giấy phép dùng súng dc. Nên việc nó cầm súng đến trường là hoàn toàn bất hợp pháp. Việc này phải người chủ khẩu súng sao lại để cho 1 đứa bé 6 tuổi lấy mang đi dc.,0,1
1893,"Hỏi của bên nào, sau đó gọi trực tiếp lên tổng đài của bọn nó báo là dek quen biết mẹ gì với thằng vay, yêu cầu bọn nó gỡ sđt ra khỏi danh sách đòi nợ",0,1
1894,"Thuế cao nhằm vào giới chủ, ông vắt dc sữa của đám bò thì ông phải bỏ tiền ra để xây dựng an sinh xã hội nuôi chúng nó tiếp để xoa dịu chúng nó",0,0
1895,"Nhìn cái mặt như là: ""Thế nào, giờ bọn bây muốn gì""",0,0
1896,Ôi thằng số 20 sút vào đất,0,0
1897,trưởng thành hay không là cách ô ứng xử với người khác còn sở thích của người ta thì ô quan tâm làm mẹ j ô đi soi cái người khác có trên màn hình mới là bất lịch sự đấy,0,1
1898,Thằng ôn con càng đánh càng cháy,0,0
1899,nhìn lại thứ hạng 2 thằng,0,0
1900,"Và sau bài báo, thành phố sẽ thành 1 mớ hổ lốn.",0,0
1901,"Ý tôi là ông ngồi 1 chỗ, chả biết nơi dân nghèo sống nó ra làm sao, phát triển thế nào thì nên tìm hiểu thay vì cứ phát biểu kiểu bảo thủ.",0,0
1902,"Nếu cá nhân t thì kệ đời 1 con ác mồm + 1 thằng máu chó, có giúp lần sau với bản tính đó 2 đứa đó trước sau cũng như vậy.",0,1
1903,"1900 thằng chạy grab, ngạo nghễ",0,0
1904,"Thấy thằng J nó hiền mà,chính ra thằng Tùng lắm trò nhưng nó cũng hiền,lễ phép,ko kiểu hổ báo như một số nghệ sĩ đội lốt giang hồ!",0,0
1905,"Học B2 để mai mốt có dịp lái siêu xe số sàn con trai à, mày xàm quá. Con gái thì ko nói, mấy thằng học B1 chỉ có :",0,1
1906,"Thể hiện gì thế? Thứ 1 voz éo chỉ riêng f17. Thứ 2, mấy thằng đó nghỉ voz hoặc dùng clone gần hết rồi, giờ vào làm gì thế? Về phây búc chơi đi. Thứ 3, tao không đá đểu, thấy nhớ tụi nó nên lập thớt để trêu, mới tràn từ phây búc qua nên chắc cũng không biết đâu nhỉ? Thấy chính tụi nó trêu nhau ở trên kia không?",0,1
1907,"má vừa xong ngồi làm việc mệt quá, thiếp đi 1 cái đúng 15p găp quả ác mộng kinh khủng vkl, dậy đầu đau như búa bổ, ngơ ngáo luôn",0,1
1908,Ko biết thằng Netflix có thấy nhục ko nhỉ.,0,1
1909,"Chúng ta có thể phân biệt đâu là rác mạng, nhưng nhiều người thì ko thể, cứ nhìn đống bình luận, like và chia sẻ từ bọn beatvn, theanh, mương 14 và hàng ngàn cái page nhảm khác là thấy",0,1
1910,Có vẻ anh hơi nhầm. Thân ai nấy lo thì phải là dân quê ở Mỹ mới đúng. Còn văn hoá Mỹ thì phải kể đến vùng đông bắc chứ ai lại lấy bọn Redneck làm đại diện cho giá trị Mỹ bao giờ. Ko phải nhờ đạo luật dân quyền 1964 thì vùng đông bắc vẫn là cái nôi của cộng hoà rồi.,0,0
1911,"Em được cái mác thầy giáo nghèo bỏ phố về vùng biên giới dạy con chữ cho dân, đi chợ trong này toàn được cho thêm, còn mua ba cái gia vị hoặc rau củ toàn được cho. À quên, khu này thì mấy cái đặc sản như cá đồng, chim cò, rắn thì hầu như tuần nào cũng có phhs vác xuống tặng",0,0
1912,thằng phó phường là cái gì mà phải bóp băng thông vì nó,0,1
1913,ko có thằng ngu thì làm sao có thằng giàu,0,1
1914,"T cũng thấy e này ở Mẽo chắc khoảng vài năm rồi mới về mua báo, dựng kênh đợt trước dịch. Sau dịch lại đi khoảng 1 năm giờ lại về. Thuyết âm mưu mà bọn kia nó phán như đọc báo @@ Trong khi đéo có tí cơ sở gì toàn phốt mõm.",0,1
1915,Bà này có cái thông tư 06 vừa bị iq vã thẳng mặt. Thống đốc ngân hàng vn chịu sự chi phối của chính trị nhiều nên không có nhiều quyền như bọn giẫy chết được.,0,0
1916,Đua thuyền nước rút tàu bị loại rồi mặc dù đứng đầu chắc phạm quy .,0,0
1917,Miệng lữ thế gian lo lắng chi cho mệt. Kệ tụi nó!,0,0
1918,Thông não cho bọn đó là vô dụng thôi thím,0,1
1919,"mệt chết mịa chạy bộ ngoài công viên mấy vòng thở bằng lỗ đít, chạy máy thì đéo cảm nhận gì, chạy cả tiếng",0,1
1920,"Có cứt fen ""lính tuổi quân, dân tuổi đời"", cùng đợt thì đồng chí hết",0,1
1921,Thay vì nể thằng giỏi phải biết nhận ra thằng ngu.,0,1
1922,Dùng từ cấm súc s**h mạ lị người khác,0,1
1923,"Ai cũng có 1 thời trẻ trâu coi mình to như quả đất thôi bạn. Dần dần về sau khi khôn dần ra rồi mới thấy lúc đó mình ngu ngu, chứ lúc đó làm gì biết mình bị ngáo với atsm đâu mà...",0,1
1924,"Nước khác thì không biết chứ NZ không có cái gọi là xuất khẩu lao động nhé. Cứ nộp tiền cho mấy cái ""xklđ"" sang NZ rồi ốm đòn.",0,0
1925,"Suỵt Voz là cái ổ toàn ngoạ hổ tàng long, lương tháng 400tr 500tr, không có chỗ cho cắc ké như tui ồn ào đâu. Cụ lại rọi đèn cho bọn nó đớp tui à ?",0,1
1926,"Lên báo lùm xùm thì Rita Võ mất mặt chứ ai, mà về lý bọn nó cũng sai lè ra",0,0
1927,"bd không nhờ 2 ổng bả thì giờ chắc thành vùng chăn bò lớn nhất nước rồi, BD t chỉ ghét thằng mạng 4 chữ độc quyền",0,1
1928,Mày chỉ cần show tên cái cty công nghiệp nặng nhà mày lên thôi ko cần chơi gì cả.,0,0
1929,"Thừa tiền rồi, muốn có fame. Muốn cho cả thế giới biết tao là thằng giỏi. Không biết thím có xem gia đình siêu nhân không. Có 3 câu của thằng Syndrome đại ý thế này: ""Tao chế tạo vũ khí siêu anh hùng trước mắt để làm siêu anh hùng. Khi tao chán thì tao sẽ đi bán cho tất cả mọi người. Khi ai cũng là siêu anh hùng thì sẽ không có ai là anh hùng nữa cả"". Đây cũng như vậy thôi",0,1
1930,"đọc mà buồn cười một trường hợp cá biệt mà cứ ""Chả trách phụ nữ vn lấy tây"" ""bắc giang thủ phủ đâm chém"" ""Gái toàn thích trai hư, trai đụt không thèm nên mới vậy"" rửa mặt và ra đời làm việc đi mấy anh mấy chị ơi",0,1
1931,"Cái chiện người đi sau lưng là bt. Hồi đó xóm tui có người mất là tối tụi tui hay lên nghĩa địa đốt lửa, mấy thằng hay đi dạo chơi nghe tiếng gió với tiếng lá bay sau lưng như có người ở sau. Mấy thằng ghé tai tui nói nhỏ hình như có ""người"", tui nói kệ đi tiếp đi, ở đây thiếu gì ""người""... Mà kì có thằng chơi ngu, đi nghĩa địa thấy mồ của người con gái mà tự nhiên nói em đẹp, em xinh theo anh về làm vợ. Làm nó theo nó phá cho phải mời thầy về cúng...",0,1
1932,"báo ghi 175m2 mà cứ cãi nhau , hài vl",0,1
1933,vloz công ty 290 tỷ USD mà không phát hành cổ phần,0,1
1934,"Lại thêm 1 bài để hội vozer sợ phụ nữ ko cần mình nữa Nói mẹ ra là xã hội càng phát triển con người càng ngại đẻ ngại lập gia đình. Nhìn các nước phát triển đi, văn hóa khác nhau, lối sống khác nhau mà lúc phát triển nước méo nào cũng ngại đẻ hết",0,1
1935,"Mấy thằng này vẫn chưa làm tứ trụ f2 được, cần phải đào tạo thêm",0,1
1936,Mé giờ người giàu nhiều dữ vậy. 2 tỷ éo làm được gì.,0,1
1937,"Xã hội VN cũng kì. Đã là quan điểm cá nhân thì ngta có quyền nói ra dù đúng dù sai cũng kệ mẹ ngta chứ, đó mới là mục đích của mạng xã hội chứ ta. Xã hội con người văn minh là vậy chứ đâu ra cái kiểu đâu đâu vào chửi nhặng xị r dạy đời ngược lại là sao? Văn hóa dùng internet kém cỏi vậy",0,1
1938,"tôi đang nói mấy thằng to, mấy thằng có thể biến NOXH thành nhà ở thương mại cơ mà. chứ dân đen có bao nhiêu cơ hội để nhìn thây chỗ tiền hỗ trợ đấy.",0,1
1939,"Bọn BĐS đói lắm rồi à, suốt ngày lên bài định hướng dư luận đòi bán đất cho nước ngoài,",0,0
1940,"ôi vl, hên vãi lol, con em gái tạch visa lần đầu 2 tháng trước, xong thấy mùi toang toang nên thôi, ko đi nữa,... ko thì tầm này cũng xoắn đít lên cmnr ... trong cái rủi có cái may",0,1
1941,"Đáng lẽ thằng chồng phải bê cả con bạn đi xét nghiệm mới phải, tin người vkl",0,1
1942,"cũng giống trinh tiết, dần dần thì cái chuyện uống ttkc hay phá thai nó cũng ""bình thường mà, bọn cổ hủ""",0,0
1943,"chuẩn mẹ luôn, đéo ai chả thích khoe giàu khoe đẹp. Đéo khoe chẳng qua là đéo có để khoe thôi",0,1
1944,"Anh ghi nhớ câu này: ""làm ra đô thì sài cũng bằng đô"". Làm nhiều thì sài nhiều, ko ai bóp mồm bóp miệng vì căn nhà mãi được, nhất là dân Mẽo",0,0
1945,"Thấy các thým trên nói cao siêu quá, nào là vay tiền tương lai các kiểu. Cái quan trọng là mấy thằng Dân, công nhân thất nghiệp có được nhận vật gọi là Tiền không thì chả thấy thým nào nói, vòng vèo vkl",0,1
1946,"Tôi nghĩ là nếu Conte về 1-2 năm đầu sẽ có ràng buộc kiểu phải toàn quyền nghe HLV, chứ nếu ko có ràng buộc kiểu thế Conte cũng đéo về đâu. Còn bọn cầu thủ thì nó phải tiến hóa để theo hoặc ngồi bech thôi, mà bọn cầu thủ cũng phải do HLV lắp não nữa. Như thằng AWB các ông thấy đấy, gần như 10 quả phải 8-9 quả nó tạt sệt, kiểu thế chắc chắn là do HLV chỉ đạo chứ bản năng cầu thủ đéo có thằng nào ngu như thế được, nhất là 1 thằng cầu thủ người Anh.",0,1
1947,Ra đường khốn nạn nhất là các thể loại sau:,0,1
1948,"Người ta cũng có câu kim dâm vào thịt thì đau chứ cim đâm vào thịt nhớ nhau cả đời, đã sơ múi mẹ gì đâu mà nhớ với nhung, tào lao...",0,1
1949,"Sinh tử hữu mệnh, phú quý tại thiên Lúc đi coi thầy thằng kia hỏi sao con làm quài mà không giàu, Thầy nói ông trời không muốn mày giàu thì giàu làm con cac gì Mày cãi lại số trời mày sẽ đổi lại cái gì đó sau này nó trúng sau, sang tháng sau nó bị xe tông chết Câu chuyện có thật nhé anh em",0,1
1950,"Ông ấy lấy cái méo gì để thu thập những tổn ""tổn thương"" của màn hình?",0,1
1951,hilo day 123 Đợt này ngủ thất thường. Đêm qua làm lon bia với thêm điếu c*n nữa. Giãn cmn cả người. Ngủ say như chết.,0,1
1952,"Các anh chỉ lấy sự thỏa mãn nhất thời mà quên đi cái lợi lâu dài. Tôi mong nó chỉ bị phạt và ghi án tích hành hung. Công việc nó chắc chắn sẽ mất, cả nước biết cmnr. Nhưng nó sẽ huênh hoang cứ có tiền là đấm ai cũng được. Thế là 1 ngày nó đụng đồ tể, 1 xiên đi luôn. Xã hội loại bỏ được 2 hạng người: 1 thằng côn đồ và 1 thằng giang hồ. Giờ cho nó đi tù nghe sướng nhưng chẳng răn đe được ai cả, vì nếu răn đe đc đã chẳng có ai phạm pháp. Nó về thành giang hồ giang háng nó xiên chết anh Dũng thì xh mất đi 1 người tốt.",0,1
1953,@Bụi Cây Biết Nói 18.7cm @Bụi Cây Biết Bắn @17.8 cm ba thằng này là một phải không,0,0
1954,"Lưu Bang cũng như Quang Trung thôi. Lên ngôi thì bị bọn hủ nho triều trước dèm pha lèm bèm chê phong cách quê mùa nông dân. Cái chính thì chúng nó ko tập trung vào công cán thống nhất thiên hạ của tộc Hán cai trị, toàn bàn chuyện râu rìa cho đỡ cái cơn bất mãn",0,0
1955,Có ông thấy xăm éo sao thôi chứ cả xã hội giờ vẫn định kiến đấy. Ông mới là thằng thiểu số chứ éo phải tôi mà nói kiểu đấy,0,1
1956,Mỹ vẫn rất welcome bọn thần đồng đến từ Tàu chứ ghét đâu..bọn thần đồng là tương lai của nhân loại chứ ko phải của bản thân quốc gia nào!,0,0
1957,"""Thuế sống ở XXX"", ""Thuế hít khí trời của XXX"", ""Thuế xả thải trên đất XXX"", ""Thuế đồng lòng phát triển XXX"".",0,0
1958,0-3 Uc' sut' vn vao` vong` sau ha' ha',0,1
1959,"Bọn đòi nợ thuê giả danh bank đấy! Bank ko dám dọa kiểu đó đâu! Lần sau nói nó ""Mày nói lại từ đầu và nói từ từ để tao ghi âm lại!"" Còn vụ kiện cáo thì nói nó ""khởi kiện nhanh giùm tao vì khỏi phải nghe cuộc gọi của tụi mày suốt!"".",0,0
1960,Nuôi chó nta xem nó như 1 người thân của mình vậy do chó là loài vật có cảm xúc rõ rệt ko như đám bò gà. Ko tính mấy đứa nuôi chó để thịt nhé.,0,0
1961,"Cái vụ tên trường này là hậu quả của tư duy tù túng mấy nhiệm kỳ trước, các trường cứ nhét cái University vào cho kêu, cho sang chứ chả theo cái quy chuẩn moẹ gì. Thế rồi sau đấy lại đẻ ra cái định nghĩa “đại học trong đại học” của mấy ông ĐHQG, méo hiểu kiểu gì. Giờ hội nhập nên phải đổi lại tên + mô hình để đi theo quy chuẩn của mấy thằng Tây",0,1
1962,"Sớm muộn gì cũng chết,sống tới 60-70 là đẹp rồi,còn cứ kiêng khem sống thọ 8-90 đéo để làm gì",0,1
1963,"Thế bên nước ngoài làm ăn không xem tuổi, chắc phá sản cmn cả nước rồi",0,1
1964,Đừng giỡn. Đã từng có vụ CA đưa cả đống dân làng đi ra tòa vì đánh 2 thằng trộm chó ở miền Trung đấy.,0,0
1965,"3M đắt vl, dán sungard đi",0,1
1966,"Thằng Nhật cao vãi, VN chiếm 3%, các tiền khác chiếm 0,45%, cao hơn Tàu nhưng thua Nhật",0,0
1967,"Mất lịch sự vl á, chả thấy nghệ thuật gì từ cái ảnh này cả?",0,1
1968,"Lo mấy thứ vớ vẩn, gặp bọn điên thì có muốn tránh cũng chả dc",0,0
1969,"Có thể report thằng điểm báo sửa title không nhỉ Nó thiếu chữ "" cắp"" trong title thành ra đọc éo hiểu",0,1
1970,có 1 cái hình mà post tới 3 lần thì mắt mày đui rồi,0,2
1971,"Hôm trước thấy có thằng bảo ng Việt tranh luận ngu vì thiếu đại từ nhân xưng trung lập, cười vl ))",0,1
1972,"Nó có thể coi con mèo là súc vật, nếu đó là mèo nhà nó. Ví dụ như cái điện thoại anh xài với tôi chỉ là rác rưởi, vậy nên tôi đập, anh có thở ra được câu :""đập cái điện thoại rác rưởi thôi, có gì mà to tát?"" Đấy là khả năng cao cái điện thoại của anh del giá trị bằng con mèo đấy đâu.",0,1
1973,"hồi cấp 2 tôi học chung thàng kia con thầy giáo mà trẻ trâu giang hồ đâm chém nhau khắp trường này qua trường khác, bụng chi chít sẹo, ông bô bất lực không dạy dỗ được đến mức đánh nó chảy máu mồm nó cũng đếch sợ. Học hết cấp 3 đi nghĩa vụ xong về lái taxi, được 1 năm ông bô xây khách sạn biển thế là cu cậu nghỉ lái taxi về nhà quản lý, giờ thành ông chủ khách sạn có vợ đẹp con khôn rồi",0,0
1974,"Bớt lại, đừng hở ra chửi ng khác ngu này ngu nọ, ko làm cho ng khác cảm thấy bạn thượng đẳng đâu.",0,1
1975,Đúng là trên đời này chuyện éo gì cũng có thể xảy ra,0,1
1976,Mỗi cái nhà vệ sinh cho khách cũng không quan tâm thì đủ hiểu bọn đường sắt này ở cái tầm thế nào...độc quyền kinh doanh vẫn thua lỗ là đủ hiểu,0,1
1977,Hóng fen chửi độ dẩm x2 để bồ nhã xót.,0,1
1978,Đéo dùng từ lâu rồi. Chơi mỗi voz với xàm,0,1
1979,Vcl nhảy lên 1 là bốc đầu luôn đó bác ơi? Xui dại vậy trời,0,1
1980,xin clip thằng này phát biểu cái fen,0,0
1981,"Mà công nhận thằng râu đen ảo vl, từ nhỏ nó đã lên thuyền râu trắng nhưng mà nó lại biết toàn những thứ mà cả thế giới chả thằng nào biết, cướp trái ác quỷ, nhai 2 trái.....",0,1
1982,"Chửi FIFA ngậm tiền nên cấm không cho chúng nó phát biểu ""vì nhân quèn, vì LGBT""",0,0
1983,"ý là làm vậy chẳng có nghĩa lý gì cả... cảm thấy chả có tý logic gì trong đời thực cả. cả cuộc chiến quyết định sinh tử của bao nhiêu con người, bằng cách 2 thằng tướng solo... khả năng bọn tác giả china nó tự sáng tác ra kiểu vậy để thu hút người đọc. chứ chân thật lịch sử chắc chả có thời kỳ nào ở trên thế giới này làm vậy.",0,0
1984,"hoặc là mày show bằng chứng thằng thợ tư vấn láo, làm hỏng tóc hay gì gì như mày nói thì tao công khai xin lỗi mày. không thì chả có gì để nói",0,1
1985,Méo biết triển khai vận hành được đến đâu toàn nghĩ ra mấy cái này.,0,1
1986,"Đồng ý là thuốc éo gì uống quá liều cũng có khả năng tèo cả. Nhà kia nó pha ko đúng tỉ lệ nên mới có bài báo này, tôi chả bênh gì nhà này cả. Cái tôi muốn nói ở đây là cái thuốc này rất phổ biến, rất dễ mua thì tiếc gì mà ko thêm vào 1 dòng là ""pha sai tỉ lệ ghi trên bao bì có thể dẫn đến những triệu chứng nguy hiểm abc xyz"" gì gì đấy. Nhấn mạnh cái tác hại vào để tránh những case kiểu như này. OK?",0,1
1987,"Ngay tại tp Nha Trang, đất khu đô thị thì hoang hóa ( cỏ mọc quá đầu người ). Vậy mà tụi nó lên tận khu miền núi để thổi giá, vậy mà bọn có tiền nó vẫn đổ xô lên núi mua 90m2 với 60m2 thổ cư cho đc.",0,0
1988,Con này nổi tiếng với cái mặt iron man đấy,0,0
1989,công ty éo nào mà chẳng kêu review tăng lương 2 lần/năm. Nhưng 1 năm đc xét tăng 1 lần cũng là may rồi @@,0,1
1990,"Topic vớ va vớ vẩn ! Bệnh tật mà nói bậy bạ, cẩn thận bị bắt !",0,0
1991,Qua vào 1 thớt trong voz này tìm người tư vấn giới thiệu 1 bên thiết kế nhà phố thì mấy ông ấy nói kts thật sự đéo rãnh thiết kế mấy cái nhà phố tào lao. Mấy ổng tự có tiền rồi tự thiết kế cho bản thân sướng là được,0,1
1992,"Đọc báo phỏng vấn người dân thì thằng ô tô nó lùi trúng thằng shipper. Thằng ô tô cũng mở cửa hỏi thăm nhưng thằng shipper chửi bới các kiểu rồi đập kính, đá gương chiếu hậu thằng ô tô nên nó cay nó xuống đập thằng shipper. Thôi thì 2 thằng cục súc, 1 thằng ăn đòn 1 thằng mong dính pháp luật t cũng mừng",0,1
1993,ô con thực dưỡng này chưa quote được cái gì mày phản bác ra à?,0,2
1994,riêng cái vụ lộng quyền của thằng ad là đủ out rồi. đợt trước vào đc 1 lần xong xóa giờ mới biết nó vẫn hoạt động à,0,1
1995,"Chịu thôi, luật là bố bố là luật. Chúng nó đã tích luỹ được 1 đống của cải, giờ chúng nó giàu phải chơi theo luật của chúng nó. Chắc đến đời cháu của cháu mình khi Tây lông éo chịu đẻ thì mới lụt dần và mới có cơ hội cho nước khác vươn lên.",0,1
1996,"Thằng xQc mới có quả deal 100 triệu Biden với bọn kick, phê v~",0,1
1997,"làm màu là bọn báo chí cứ ra rả ri đỗ 1 ngày hít đất 3k cái, gập bụng 3k cái để có sức khỏe với body đẹp kìa, nhưng thực tế là k hề có chuyện này.",0,0
1998,Treo cổ như Sing thì cũng toàn thây với tiết kiệm tiền thuế của nhân dân mà con vịt ko áp dụng. Toàn mua thuốc độc của bọn tây lông tốn kém vl luôn.,0,1
1999,"Có cái quần què nhé. Mình làm cho Vin từ 2013, bán căn hộ Vin hơn 8 năm rồi. Không có cái mùa xuân ấy đâu nha...",0,1
2000,"nc thì bẩn, không khí thì ô nhiễm, tệ nạn thì ngày 1 tăng,v..v sao phải xoắn mấy cái nhỏ nhặt này",0,0
2001,"Thế nó cụ thể là thằng nào, anh chửi cụ thể thằng ý đi. Tôi vừa soi thấy thằng Cầu Giấy có 8 phường 200 nghìn dân kìa, so với quận 1 thì thế nào? Tôi cũng chả ưa cơ quan công quyền, nhưng muốn chửi miền Bắc hay ĐBSH so với miền Nam hay ĐBSCL thì thống kê tổng dân tổng phường của cả 2 vùng đi, tha hồ mà chửi.",0,1
2002,"Vụ đó mấy ông VN quá đáng bỏ mẹ. Đất nước đạo Hồi, mấy ông mang bia ra trước sân uống rồi hò hét, dzô dzô, trêu bọn Mã. CS Mã nó mà ko giải cứu kịp thì có khi có thằng chết.",0,1
2003,Trên đây quen biêt gì mà chúc thằng dẩm này.,0,2
2004,Có cái văn bản đánh sai lỗi chính tả tùm lum vl thật,0,1
2005,"Thái nó thu hút khách du lịch vì nhiều cái 1. Cần cỏ, mại dâm, chuyển giới, sex ... 2. Cách làm du lịch chuyên nghiệp Cái thứ nhất thì nó sinh ra nhiều tệ nạn lắm, ấu dâm... rồi sinh ra những thằng lười làm chuyển giới để kiếm tiền (lão HDV người Thái kể luôn) nên mình cũng đéo theo dc cái này Cái thứ 2 thì VN cũng thua tụi nó thật.",0,1
2006,"Đông xe thì mới nên vào chứ? Giống như quán ăn thôi. Mà tôi khuyên làm xe né mấy thằng lên fb suốt ngày ra. Thợ giỏi, tiệm đông éo thằng nào có tgian mà lên fb đâu.",0,1
2007,"tôi thì tôi không chắc có hay không vụ chặt chém, nhưng đã có hàng quán cẩn thận mà dám chặt chém cái thời đại này thì hơi ngu, chỉ cần mấy thao tác đơn giản thôi, nhấc đt lên search quản lý thị trường khu vực nào đó, xong alo trực tiếp, 15' phút sau sẽ có mặt để táng vào mặt thằng chủ quán mấy cái biên bản",0,1
2008,Anh lôi cái câu chuyện của anh ra làm quần què gì. Ông bà già anh đ thích đi ko có nghĩa là người khác cũng thế. Ví dụ chả liên quan gì cả.,0,1
2009,"ở đâu chứ ở vót thiểu số là thượng đẳng nhé, ít nhất là mấy thằng hay ngược dòng nghĩ thế",0,1
2010,"Không phải anh ơi, ghét là chính phủ bọn nó xách động dân đen thôi, chứ cả đám Đông Á đồng văn mà sao ghét nhau được. Kiểu như có nhiều nước chửi Mỹ đế ác ôn này nọ, nhưng quan đến dân thích USD bỏ mịa ra, hở ra là bơi sang Mỹ kiếm cái thẻ xanh ngay. Mình nói Cuba nhé.",0,0
2011,"Nhớ năm xưa chuẩn VOZ là 1k, cũng ráng cố gắng để đạt được con số này. Thành công cũng vui vẻ lắm. Giờ thằng bm nào đưa chuẩn thành 350tr, chán, éo thành 1 cây cột mốc để cố gắng được nữa, công ty tôi 1200 người, đéo ai đạt được mốc đó.",0,1
2012,"Bọn tây nó wax lông nhiều mà, lông mặt, lông bụng, nó bôi cái sáp lên để 1 lúc rồi giật thôi.",0,0
2013,"phồn vinh như thượng hải thì 1 sân bay hướng đông, 1 sân bay hướng tây Vịt thì gì hơn đc thằng thượng hải, vẽ ra để thổi giá bds thôi",0,0
2014,"Bảo cái xứ vô pháp vô thiên thì lại có mấy thằng tự ái. Mấy cái trò tín dụng đen, vay nặng lãi này phổ biến cả chục năm trước rồi mà đến giờ vẫn còn thì biết rồi đấy",0,1
2015,Đã nói rồi. Tôi thử và đéo thấy khác biệt.,0,1
2016,"Kèo hút khách, lắm view, 1 đống tiền thì bỏ qua qua thế éo nào đc",0,1
2017,"Người ta phụ nữ lại không hiểu chuyện,có mỗi đứa con để tự hào. Lựa vài ba câu khen ngợi cho bà ấy vui. Đàn ông lên nào, chấp nhặt tự ái chi ba cái chuyện cỏn con.",0,0
2018,"À hôm qua bọn y tế đã làm việc với ban tổ chức, yêu cầu 4 thằng đó ở lại khách sạn cách ly chờ bay về rồi nhé, nhưng đéo hiểu sao bên Argen vẫn lôi 4 thằng đó ra sân nên nó mới gọi cảnh sát",0,1
2019,"Xã hội thời tàn va quẹt nhau có tí cũng gây gổ, hồi đó cũng bị 1 bà ninja lead húc vô đuôi xe nghe cái crack, quay lại liếc con mẹ đó thôi rồi chạy luôn, con mẹ đó dí theo tới đèn đỏ xin lỗi, khinh thường éo nói chuyện, về nhà check thì gãy mẹ cái chắn bùn sau đành lên xôp pi tìm, áp cái mã giảm giá 50K là coi như mua free",0,1
2020,"Thế mà tui nghe vozer nói nếu có chứng cứ ngoại tình thì khi ly hôn, bên ngoại tình đéo được đồng nào. Đúng là ""mồm vozer vó ngựa""",0,1
2021,"Tiếc là Vn ko thuần hóa được mấy con bò khủng , nghe đâu còn giống to hơn mà tuyệt chủng rồi",0,0
2022,"Ở đâu thì xem clip ý. Tội nào là vi phạm trật tự xã hội. Nó là gây rối trật tự công cộng. Mức tạm giam 3 tháng là đã có quy định trong luật, tận là tận cái đéo gì.",0,1
2023,"1 vấn đề luôn có từ 2 mặt trở lên. Không riêng HR mà bọn nào cũng chỉ nói về những mặt có lợi cho bản thân nó thôi. Ví dụ bọn cò đất luôn miệng ""đầu tư sinh lời"" nhưng éo bao giờ hớ môi nói đến chuyện tụt giá. Bọn shop bán giày rep mạnh miệng bảo hành keo giày 1 năm nhưng giày hàng chợ cũng 2 năm mới hỏng keo. Cũng như ra trường các em cần kinh nghiệm, nhưng lương không đủ sống thì các em ăn cứt ngủ gầm cầu à. Đi ra chợ mua đồ mà xem, lúc nào chả bị nói thách. Để mấy lời tầm thường xoàng xĩnh hàng chợ của HR ảnh hưởng thì chứng tỏ trình độ của ứng viên cũng hạng xoàng. Cho nên kệ chợ lao động nói thách, nói bẩn; hãy là người lựa chọn thông minh. Chọn chỗ phù hợp với mình, tự cân sức, không bán hớ, không ảo tưởng.",0,1
2024,đề hay nhưng chỉ cho bọn chuyên,0,0
2025,"Bảo xã hội đen làm gì thì làm. Mấy thằng cờ bạc, nghiện hút trừ khi mắc sai lầm nghiêm trọng, nếu ko thì chứng nào tật đấy thôi",0,0
2026,"Anh nối linh tinh quá, Mĩ bảo kê quốc phòng khi chiến tranh thôi còn an ninh nội địa tự thằng nào thằng đó chịu trách nhiệm, Mĩ ko liên quan cái gì cũng đừng lôi vào.",0,0
2027,"Có mày đéo nhớ thôi. Chứ phần 2 nó bán 3.5 triệu bản từ 2001 rồi con ạ. Fan nó đéo thiếu đâu, chưa kể là ăn theo Dungeon Dragon Mày lại bảo trong 3 năm early access chúng nó đéo bán được game đi ? Cuối cùng mày so quy mô công ty thật đéo liên quan gì. Larian game đéo nào ra mắt cũng bán triệu bản chứ cũng đéo phải no name con ạ",0,1
2028,Chuẩn bị cho baoquangnam.vn vào vùng cấm luôn nhé mấy thằng lươn lẹo,0,1
2029,Toàn mấy thánh nằm vùng ))),0,0
2030,Thằng Vô Kỵ lớn lên gặp nhiều may mắn mà đéo biết hưởng . Giáo chủ minh giáo - minh chủ võ lâm rồi có thể làm vua thế mà nó bỏ hết .,0,1
2031,"""Người ta có thể đánh bại một quân đội, chứ không thể đánh bại được một dân tộc"" Ở BK dân cũng là quân nên họ quen gọi là đồng chí. Ở NK quân sinh ra để đàn áp nhân dân nên họ gọi con, là thằng ranh con.",0,0
2032,"Bắt luôn thằng bắt đi, bắt mãi ko hết. Làm ăn tắc trách vl",0,1
2033,Mà để ý mấy thằng bị chửi đa số đầu óc hay lo ra ko tập trung nên làm sai,0,1
2034,"Nó đéo cho rút 1 cục nhé bác. Max 200tr 1 ngày, chia ra mà rút.",0,1
2035,"Có dan` bo^` câu hoang gần nhà tui,lâu lâu lại có người rải thóc san~ xuống dat^' cho nó ăn, nhìn nó ăn vui lắm hihi",0,0
2036,Mua cây son 1 củ bạc. Làm méo gì phải túi gần 70 củ thế.,0,1
2037,"Song, ngày 31/10, đáp lại luồng chỉ trích của khán giả, đội ngũ truyền thông của Cậu Vàng dùng nhiều ngôn từ nặng nề, mang tính đả kích cao như ""ngu dốt"", ""thất học""... Thậm chí, tài khoản còn yêu cầu một vài độc giả ""ngậm miệng"".",0,0
2038,"Khổ thân mấy báo Thanh Niên, Tuổi Trẻ! Xung quanh bao nhiêu chuyện không lo, toàn phải lo gần lo xa!",0,0
2039,Bác sĩ Thúy Hải xạo lols để quảng cáo thôi.,0,1
2040,"có thể bỏ chữ ""tự hào hàng Việt"" được không, cái đếu gì cũng gắn vô nghe oai vl",0,1
2041,Chính xác bị đồng minh bán đứng chẳng thằng nào vì lợi ích thằng khác cả.,0,0
2042,Đéo bao giờ nha :v,0,1
2043,Nhìn đống sách phía sau là thấy khối vozers mẹ r mà cứ suốt ngày chửi,0,0
2044,"Ôi ngài vua bóng đá , tôi tưởng ngài đang nằm viện rồi , ham hố vào voz làm clg không biết",0,2
2045,"Ăn cơm Tàu, ở nhà Tây, lấy vợ Nhật.",0,0
2046,"1. Nếu thời bao cấp cha mẹ người ta thuộc tầng lớp trên, đẻ họ ra thì họ sẽ không nằm trong vế ""bao cấp khó khăn như vậy mà cha mẹ tụi nó mang tư tưởng của tụi nó bây giờ..."". Lúc đó họ có quyền lên tiếng không?",0,0
2047,"Mình éo thẩm nổi cái kiểu nhà như vầy luôn. Nhìn cái nhà y như văn phòng làm việc, thấy là chán éo muốn vô ở rồi.",0,1
2048,"Xưng hô khác nhau tùy theo vùng miền nhé Bắc => Hô ""Ông/bà"", xưng ""cháu"" Nam => Hô ""Ngoại"", xưng ""con"" Trung => Không biết, ai chỉ giùm Người Hoa (Tiều) => hô ""Wa Cong"", ""A Maa"" , xưng ""Quá"" Người Hoa (Quảng đông) => Hô ""Ngòi cúng"", ""A Bà"", xưng ""Ngọ""",0,0
2049,Mua xong sau đéo bán đc đâu đừng có dại.,0,1
2050,"Mấy thằng đăng bài hỏi ""Luận bàn về khí chất của 1 thằng đàn ông, mấy fen thường ghét loại đàn ông như nào ?""",0,0
2051,vì bên tây lông ngày xưa làm đéo có nhiều gia vị như bên phương đông,0,1
2052,Khách quan mà nói đéo sai lắm: Con người đang tàn phá môi trường như thế nào?,0,1
2053,"Đấy, xem bài này có thằng nào chửi nữ quyền là thừa nữa ko? Công nhận có 1 số con nữ quyền thái quá, nhưng đấu tranh nữ quyền đéo bao giờ thừa nhất là ở cái xứ gia trưởng Á Đông này.",0,1
2054,Topic bóng đá mà post mấy cái ảnh rẻ tiền thế bạn.,0,0
2055,em cũng là con gái nhưng em còn biết lựa thằng nhìn mặt mũi ko mất dạy đây bác ~~,0,1
2056,"Không biết khoe về ""thằng em"", ""Thằng anh"", ""ông chú""... có gì hay nhỉ. Mình thấy chả có gì tự hào. Người tài ngoài kia đầy bác ơi.",0,0
2057,"Thôi tranh cãi làm loz gì, tập trung vào chủ đề chính đi.",0,1
2058,"Nghe nói Phú lang sa nó chê bọn Ăng-lê nhát, ko dám ăn thịt ếch. Ăng-lê bật lại: ""Ốc sên chúng mày còn ăn thì thôi Ếch tao nhường nốt"".",0,0
2059,Lảm nhảm nhiều thế? Tôi đang xoáy vào vụ thuận mua vừa bán đó.,0,0
2060,"Trung Quốc nó còn một mình một kiểu chẳng giống ai mà vẫn thành siêu cường, vẫn sản xuất đủ loại ""hoá chất Trung Quốc"". Thế mới thấy vấn đề chẳng phải là ở tên gọi.",0,0
2061,"Rủ lão công an khu vực ở đó đi nhậu, than vãn. Đút cái bao thư mời ông anh cafe. . Kêu con bồ đi coi bói lại.",0,0
2062,Nhật đủ trình độ tự làm hết … đâu sợ gì tụi Tàu.,0,0
2063,"Có mỗi 3 cái chợ k bán nữa mà anh kêu là ""lụi tàn""? Thế có cái khảo sát nào về việc các hàng quán từ bắc chí nam thay đổi dựa trên thịt chó ra sao chưa? Đến cả bài báo còn éo có 1 cái số liệu. Anh thì 3 cái ví dụ xong kêu lụi tàn. K có giá trị",0,1
2064,"chủ có bán cổ phần đâu mà mua! hỏi mấy thằng fan MU là rõ nhất, ngày xưa còn lập hội donate tiền mà éo mua được % nào kìa! MU niêm yết trên sàn chứng khoán cổ phiếu loại B không có quyền biểu quyết!",0,1
2065,đéo cho vay là xong,0,1
2066,Cảm giác éo thèm động tới luôn. Đồng cảm với thớt,0,1
2067,"Bắt được con chó, trong vòng 24h chủ ko lên nhận thì đem đi xử lý (thiêu huỷ hoặc đem bán), chủ mà lên thì phạt nặng thôi.",0,0
2068,"rồi sau này nó ko quay lại luôn @thớt : hóng ông lập thớt "" kinh doanh cafe lỗ, phá sản, nên làm gì ?""",0,0
2069,"Thậm chí đến cái tình tiết ""nói xạo"" là nó tự vu khống cho người ta đấy chứ Chắc tôi ra chợ mua hộp đựng kim chỉ, xong về đựng nữ trang cũng là lừa dối, nói xạo mất rồi",0,0
2070,"Trưa thấy cái gif cha này xách can xăng qua nhà hàng xóm đốt, mấy đứa con ních trong đó chạy tán loạn. Tí nữa là thêm 3 mạng trẻ em rồi đấy",0,0
2071,"Nên thuê 3 thằng vệ sĩ ở 3 công ty khác nhau,thằng 1 bảo vệ mình,thằng 2 coi chừng thằng 1 và thằng 3 coi chừng thằng 2",0,0
2072,"VN đầy khu công nghiệp đông dân tứ xứ, tại sao cứ là BD thì loạn",0,0
2073,"Đa số thất nghiệp đều là ng có ăn học đấy, vì học cao thì dễ mộng cao thì thất nghiệp",0,0
2074,clicker nhìn 1 con như nó đội cả cái nón nhựa vào -_-,0,0
2075,"Phản ánh đúng tính chất của 1 tên miệng hô bình đẳng, bác ái, vì thiên hạ, bách tính ... chứ sao nữa",0,2
2076,"Thiển cận quá thím, đầy người hãm l mà ko phải vozer, mà nhiều người giỏi cực kì cũng đâu biết vào voz, chưa kể đặc trưng của vozer như thím liệt kê, thì ngoài đời cũng đầy người như vậy. Voz muôn hình vạn trạng như xã hội ngoài kia vậy, có this có that, có lương tháng 10 củ cũng có lương tháng 100 củ, gom lại nói ko khách quan",0,1
2077,Đơn giản nó đã bỏ qua giai đoạn vàng để chống dịch ban đầu thôi. Và các biện pháp h của nó là “câu giờ” để chống sụp đổ hệ thống y tế. Vn mình đang làm tốt giai đoạn đầu chả ngu gì phải làm theo bọn nó cả.,0,0
2078,có vẹo gì mà ko ăn dc nhỉ tại cách anh ko biết cách chế biến đấy,0,0
2079,"Đi đâu cũng được, nhưng ráng cố gắng đi qua nước người ta, đừng để chung dòng máu mà nó ghét, còn nếu đã bị ghét thì tránh xa cộng đồng người việt mà sống -Qua nước người ta thì nên tuân theo luật người ta, đừng có cái kiểu hất mặt lên rồi làm gì mình thích, cũng đừng lừa lọc ngay chính dòng máu mình làm gì -Nên chọn mỹ, vì nhật bây giờ tụi......phá nát rồi, qua đó tự nhận người việt có khi người nhật nó xiên cho, với nhật nếu sống lâu dài thì không ngon bằng mỹ",0,2
2080,Good mênh đề phản dama vơi thằng thớt này,0,0
2081,Tả như nhau hết fen..kk Do ăn ở..í lộn tuỳ chủ. Của bền tại người,0,0
2082,Cái thằng này ngày xưa bị hậu vệ U20 VN cho lên cáng đấy hả,0,0
2083,"Thớt kia có mấy thằng bênh học sinh kìa, ko phải tự nhiên bị đánh fen nào rảnh tag lại chúng nó cái",0,0
2084,Thuê căn cc tầm 1 0 củ mà share nhau,0,0
2085,"Đánh đàng hoàng đi Cỏ, xin tụi mày",0,0
2086,"Không đâu như dân ta, cứ thấy cái gì trend là lao vào, chả tính toán con mẹ gì. Lúc nào cũng giữ cái suy nghĩ ""Chúng nó làm được thì mình làm được"".",0,1
2087,200 chưa trả mà đã cho vay thêm 700. Sếp nào ngu vậy,0,0
2088,Éo thèm viết tắt tên nữa. Vozer nào kêu dí tiền là xong đâu,0,1
2089,Đả đảo lũ phân biệt giới tính,0,0
2090,Phồn vinh giả tạo ấy mà,0,0
2091,trước cấp 3 mình lơp 12 mà bọn lớp 10 với 11 lùa nhau như vịt chỉ đứng ngoài nhìn Đợt đánh nhau trước cổng trường có thằng bị xiên nguyên con dao vào lưng mà vẫn cầm con kiếm đuổi theo thằng kia đéo biết trên lưng mình có con dao,0,1
2092,"Collagen chỉ là sản phẩm của bọn marketing thôi nha, méo có tác dụng gì đâu, uống vào giống như bạn ăn miếng thịt bò, quả trứng thôi...",0,1
2093,"Toàn mấy thằng thích nâng cao quan điểm ấy mà fence, dân họ ăn uống thế suốt bao nhiêu năm rồi, nước đ' nào chả có các chỗ ăn đêm có phải chỉ riêng nước mình đâu.",0,1
2094,"Ơ kìa ông bảo Hải tặc đòi đấm để cướp vàng của Thiên Long Tinh mà? Còn Rock nó muốn làm ""Vua thế giới"" tức là đảo chính rồi. Khác nhau hoàn toàn chứ. Giờ tôi hỏi ông, thằng nào dám tấn công vào trụ sở CQTG với mục đích ""cướp vàng/tài sản"" của Thiên Long Tinh?",0,0
2095,"bên Tây người già chạy xe ầm ầm, đặc biệt là vùng ven hay thị trấn nhỏ...cơ bản tụi nó đéo có văn hóa giành đường như mình....thấy mình đứng ở vỉa hè thôi là nó giảm tốc từ cả 4-500m rồi chờ xem mình có qua đường mới đi tiếp.",0,1
2096,"Đạp xe chắc nó chỉ thua mỗi bơi thôi, bơi thì bị cái ngâm mình trong clo, còn đạp xe bị cái... ""hên xui"" cho bi, nhưng mình đạp amateur thì chẳng lo, cái bọn chuyên nghiệp ngày ngồi xe đạp 6 tiếng nó vẫn có con bình thường thì mình lo gì.",0,0
2097,Bạn chửi xéo vozẻ đấy à,0,0
2098,"Đàng nào cũng đi vay, og vay luôn thêm cả của NH 1 ít thôi, và thế chấp luôn cái mảnh đất og chuẩn bị mua rồi để nv NH họ tư vấn làm cho nó yên tâm.",0,0
2099,Sau vụ 1994 thì Mỹ vẫn làm vài vụ bí mật còn oánh to thì không ngu nữa đâu.,0,0
2100,"Thật ra Tây cũng có nhiều nước chứ ko phải Tây nào nó cũng văn hóa như thế. Tây như Mỹ nó văn hóa tự do, độc lập sớm nên thanh niên 18 tuổi nó tự động xách đít ra khỏi nhà luôn chứ ko cần ba má nó đuổi, bọn nó có câu mỉa ""Living in your mom's basement"" dành để chỉ mấy thằng loser phải sống bám ba mẹ. Còn như VN thì cho dù có tiền ba mẹ cũng chưa chắc cho ra sống riêng",0,1
2101,"Méo quan tâm bọn du lịch sang đây làm gì. Thu phí visa được cái đã. Ko quan tâm dài hạn, chỉ cần ăn ngắn hạn cái đã.",0,1
2102,"Vòng tới derby anh em củ L à nhầm Nam Định Hải Phòng, 2 thằng vừa ăn 2 thằng top 1 -2 chắc đang hừng lắm",0,1
2103,Watch Tiger nhé mấy thằng dốt,0,1
2104,má cái trg TNT này trc khi xây nhìn xấu vs bẩn kinh sau 2018 xây ms đẹp lại dc,0,0
2105,"Có bà gì dùng tiền đổi thành ""Thao College"" ở Anh ấy nhỉ. Thấy bảo 150 triệu Euro ~ 212 triệu USD. Chắc xây đựng chục cái học viện bóng đá ngon Éo hiểu cho tiền nước Anh làm gì. Có khi xoay ra được vài con Việt Nam Mít 2~3 triệu Euro xuất khẩu.",0,1
2106,"Mấy thằng cứ kêu cướp xong ra sân bay luôn, tụi m biết hạn mức được mang tiền Việt và đô khi xuất cảnh là bao nhiêu không? 15.000.000vnd và 5.000$, mày mang 1 tỷ theo hải quan, an ninh cửa khẩu tóm cổ vào ngay kê khai, giải trình",0,1
2107,"Mấy ổng cũng khổ lắm bác, nếu không nghe theo ý chúng nó là bật bài ca: ""VN không có dân chủ, dân không còn tiếng nói, kiếp dân đen""",0,0
2108,"Xăng 95 giờ đang 25k. Sáng đổ 1 triệu mà xót hết ruột. Đéo thèm đi ô tô nữa. Lương có tăng đâu. Phấn đấu đến 2045 nước ta thu nhập bình quân đầu người 18.000 USD/ năm. Ngày ấy sắp đến rồi, cố lên.",0,1
2109,Ngạo nghễ tỉnh lẻ tiêu tiền ngang đầu não 2 miền,0,0
2110,1 vài thằng có vẻ gato,0,0
2111,"Mẽo nó đâu ngu nghĩ thế giới không biết mà phải bịt miệng. Thậm chí nó còn muốn mấy nước lưng chừng biết rõ mà cư xử. Quân đội nó còn đóng ở đó mà nó chửi bao năm éo thèm nghe, dân còn đòi biểu tình mở lại đường ống. Muốn vậy thì trước hết biểu tình đuổi mẽo, lôi kéo tạo đàn em chư hầu , phát triển quân đội bảo vệ tài sản bản thân đi đã. Nhưng đến nga còn éo bảo vệ nổi tài sản của mình thì vô vọng.",0,1
2112,"những bọn chơi số là bọn có tiền, thằng nào nghèo bốc trúng biển đẹp 100% nó bán cho bọn giàu mua lại",0,0
2113,Toàn quan tham hay gì mà lắm tiền vậy @@,0,0
2114,"Cái thằng yolo mà mấy anh trên này mới vào chơi voz hay sao mà ko biết nó là ai à? Đi với bụt mặc áo cà sa đi với ma mặc áo gió… Ko thấy người khác tôi gọi là fen hay anh tôi, với bọn kia cứ việc tao mày cho nhanh…",0,0
2115,Vụ gì vậy? Ko thằng nào đức à,0,0
2116,"Đúng rồi ,cách nhà Cường USD tầm 100-200 mét có 2 con biệt thự gốc 2 mặt tiền to vãi đái",0,0
2117,"nói cho m nghe, thuế là phân bổ từ thằng giàu sang cho người nghèo. nếu đất nước ko thu thuế thì thằng giàu nó tự xây đường nó đóng BOT từ cửa nhà của m nhé, nó lập trường học thu cho è cổ từ lúc mày 4-5 tuổi đó. ghét vl mấy thằng cứ tiền dân tiền dân, đóng đc mấy cái thuế vat với mấy cái nhà đất 200k 1 năm",0,1
2118,"Cho nên ở nước nào đó mà nói đến làm đường sắt 1.4m điện khí hóa thì cứ bàn ra tán vào ngu vl, trong tương lai xăng dầu ngày càng đắt lên thì vận chuyển bằng đường sắt điện khí hóa là the best 1 cái đầu máy 5 người vận hành tương đương 100 chiếc xe tải, tốc độ cao hơn xe trên đường cao tốc.",0,1
2119,"quan trọng cái từ ""chiến lược"" được định nghĩa như nào, chứ chủ trương ""không liên minh bên thứ 3 để chống lại nước khác"" nó nằm trong luật rồi, muốn bỏ cái điều đó khỏi luật thì còn lâu",0,0
2120,Gái gú giờ chán nãn vl,0,1
2121,"thế e chịu, lúc e nghỉ là có việc éo gì đâu, tháng ~10tr đói mốc mỏ.",0,1
2122,"để cho thấy người dù có tài cao đến đâu cũng k thoát đc nghiệp-quả đó. Truyện của KD lúc nào chả đề cao vấn đề ""nghiệp - quả"". Nhậm Ngã Hành tạo nghiệp sâu dày, ăn quả báo liên tục từ thời bị ĐPBB bắt nhốt cho đến khi thoát ra tung hoành tiếp.",0,0
2123,"đúng cmnr, tư chất q định 90% còn lại 10% cố gắng, nhiều thằng vừa học vừa chơi vẫn thủ khoa còn học đêm học ngày vẫn thi trượt, trong cv cũng vậy nhiều thằng 30 tuổi đường công danh đã sán lạn nhưng nhiều ng đến cuối đời vẫn làm cu li, bốc vác, ko nhẽ họ ko cố gắng",0,1
2124,"Ferrari và rolex là 2 thằng tiêu biểu cho việc kệ con mẹ dư luận, chửi chán rồi cmay sẽ móc tiền cho tao.",0,1
2125,Đây có phải voz méo đâu,0,1
2126,"Đéo phải, tôi chỉ là đang rảnh thôi.",0,1
2127,"Theo mạch phim,trong khi đám khỉ ngày càng tiến hoá thông minh như người thì con người ảnh hưởng bởi virus bắt đầu ""tiến hoá ngược"" thành thú (phần 3 lúc ông đại tá nói chuyện với con khỉ đầu đàn có kể về việc thằng con trai mình và rất nhiều người bị nhiễm virus bắt đầu hành động y như những con thú nuôi) .Đến phần 4 ,mốc thời gian trôi qua hàng chục năm thì việc đám khỉ ""thông minh"" đẻ ra ngày càng nhiều,đám người ""bệnh"" cũng ngày càng tăng thì tụi nó chiếm ưu thế là phải rồi",0,0
2128,Người ta xài lv3 hay lv4 cho mục đích long trip . Chứ đéo ai xài để đi 15km/h cả . Chỉ có mấy thằng cả đời chưa lái xe mới nói vậy thôi,0,1
2129,"mà cái đội ĐTM phát triển từ cái nghị quyết 2017 này cơ, đến lúc đẻ ra lắm quá thì mới ra cái 2020 kia để chữa cháy",0,0
2130,"Chị 7 sinh ra ở châu Âu thì sướng vl r, còn hơn tụi Đông Âu tị nạn, còn so với tụi Nam Mỹ thì khác nào ở thiên đường, tụi này méo có tiền thì có khi đi buôn mai thúy kiếm cơm hằng ngày đó chứ",0,1
2131,Hà Lan ko đủ tuổi đâu... phản công ngu quá...,0,0
2132,"Bẫy là cách hay nhất. Không bắt buộc thớt phải làm to chuyện, làm nhỏ nhỏ được rồi. Gửi video cho nó ""xem trước"". Thằng biết nhục tự khắc sẽ nhục. Còn nó không biết nhục nữa thì để đời dạy.",0,0
2133,"Cũng giống văn mấy thằng nghiện ""ngày nào tao cũng làm 1 bi cả chục năm nay có nghiện méo đâu"".",0,1
2134,"Mấy anh thơ nụ auto 50/50 nhé fen, 400 phế 200 Conan thì sẽ chụp thằng có tóc, fen đang có tóc thì truy ra thuế má thế nào, hàng họ nhập xuất ra sao phạt trước đã, thằng kia đang nợ sml thì kệ mẹ nó thôi",0,1
2135,"fen đó nói đúng rồi, kiến trúc nó có chuẩn chung rồi, bọn gian thương thất đức bịa ra nhiều từ ngữ làm mê muội người mua.",0,1
2136,Ngu sao nghĩ nó đi từ tay trắng. Cứ thua là tay trắng thì bọn nó dở hơi mới đi xâm lược,0,1
2137,"""Rễ chân quỷ"" nhưng Holmes chỉ thí nghiệm là đóng kín cửa rồi đốt bột nó lên. Loại đấy mô tả kinh hơn nhiều",0,0
2138,"Lol, 20 khách là hơn 1 tấn đấy, xả bớt 1 tấn nhiên liệu rồi hạ cánh giữa biển ha",0,1
2139,"thu hồi danh hiệp hiệp sĩ hoàng gia anh đi còn gì nữa đá bóng mà hiệp sĩ éo gì, thời buổi gì hát hò đá bóng làm hiệp sĩ",0,0
2140,"Mày hèn không làm được thì cũng đừng suy bụng ta ra bụng người, cho rằng người ta cũng hèn như mày nữa",0,2
2141,"Cũ người mới ta, éo liên quan nhé, ex rồi thì kệ mợ nó đi, liên quan gì ( mới đọc tít vào cmt luôn )",0,1
2142,"Anh nhầm không, bọn FB là bọn làm thất thoát tiền của mình nhiều nhất đấy. Vừa đéo thu được thuế của nó, mà dân mình còn nạp bao tiền để chạy ads",0,1
2143,"Làm gì có báo nào ở xứ nào chê người ta xấu, viết bậy bị kiện chết bà luôn. Muốn thấy chê xấu thì chui vào mấy diễn đàn như này này. Tây lông cũng đầy diễn đàn như thế, a chẳng qua ko có thì giờ mà đi chui từng cái xem thôi",0,0
2144,Aura voz đéo linh nghiệm với lũ trung đông rồi,0,1
2145,"xấu, độc là như nào. có mà mấy vụ đấu đá nội bộ toàn tuồn tin ra ngoài cho phản động nó đánh chứ có mẹ gì đâu",0,0
2146,"Thế thì bạn chắc là ở xì phố cả đời rồi, chứ bạn về mấy huyện miền núi mà rút tiền ATM thì ko xài agri thì xài ai thế Cái éo gì cũng có 2 mặt, nó sấp nó ngửa tùy ông thôi",0,1
2147,"Thời nào nó làm theo thời đấy, ít ra nó đã thành công, chứ nó có ngu méo đâu, đừng thắc mắc vớ vẩn",0,1
2148,"Hình như 1 trong số đó là hạt giống đỏ đấy anh, bố làm bí thư tỉnh nên mới về, chứ ko có cc",0,1
2149,anh sang châu phi lí luận thế với bọn tham nhũng hết mịa tiền mà nước vẫn nghèo xem nhé,0,0
2150,"Nước đéo nào cũng muốn tăng gdp mà cứ hô hào giảm co2. Có cc mà giảm, trừ khi gdp toàn cầu giảm mạnh, như hồi covid19.",0,1
2151,"600m2 nhà mặt tiền thì phải có xe chạy chứ nhỉ. Làm theo ông kia đi, up cà vẹt xe + nick voz + bìa đất khoá mõm tụi nó đi anh",0,0
2152,1 thằng bị bóc lột và 1 thằng đi bóc lột thì fen nghĩ ngta trọng thằng nào hơn?,0,0
2153,"tâm lý khỉ gì đâu công an đánh chết nghi phạm trong đồn đầy ra chả thấy thằng CA nào bị tâm lý cả ( người ta còn chưa bị coi là tội phạm, chưa bị kết án tử nhé )",0,0
2154,"chắc sau lại giống bọn baemin, trước 1 đống voucher ngon mà giờ cắt sạch lởm đ chịu",0,1
2155,Vậy thì người ta nói gì sai mà khoá mõm. 1% thì cũng là có thể. Ko dám chơi mà cứ xồn xồn lên.,0,1
2156,"Nhà sg dùng nước giếng mà cũng khoe, nước ô nhiễm bỏ mẹ",0,1
2157,"lol, may vl, t toàn tự kiếm, cũng đéo dc ai nhờ vả",0,1
2158,bb xây nhà mua xe lập gia đình ổn định rồi mà m vẫn như thằng trẩu,0,2
2159,Mấy lão này trư nghĩ chính là mấy thằng “chú ko uống là ko nể anh” chứ ai mà gọi,0,2
2160,"Đất nước ta còn nghèo do vừa mới thoát ra khỏi chiến tranh, bị các thế lực thù địch chống phá, lại phải đương đầu với đại dịch câu vít. Éo phải ăn bo bo là tốt rồi, ý kiến éo gì. Bọn mày phải biết ơn cảng, ơn chú phỉnh đã lèo lái con thuyền kách mệnh vượt qua bao nhiêu sóng gió, đi từ thắng lợi này tới thắng lợi khác.",0,1
2161,"Xã phường éo có quyền hạn nghĩa vụ gì đâu thím. Thứ nhất là đây vay dân sự , có phải án hình sự của bên công an đưa xuống đâu mà bọn xã phải làm Thứ 2, bọn xã ko dc đồng bạc nào của FE cả, nó rảnh đâu đi đòi nợ dùm",0,1
2162,"""Trên voz cái đ gì cũng có thể xảy ra""",0,0
2163,"lãnh đạo YB ăn hại số 2 ko ai số 1 Không ăn ké được cái cao tốc HN-LC thì chắc giờ chẳng ai biết YB ở đâu, vì nó quá ""xa xôi hẻo lánh""",0,2
2164,Thiểm tây nó người việt đéo đâu,0,1
2165,"Cái gọi là số mệnh, là do thời xưa tụi cầm quyền nghĩ ra để mị dân rằng ""tụi mày đã có số mệnh rồi, đừng có chống lại ý trời, tức tao làm vua, tụi mày đừng có ý nghĩ lật đổ tao"" Toàn lấy thiên nhiên gán gép vào con người, vận mệnh mình là do mình quyết định chứ hợp hay không cái qq gì",0,1
2166,Mất thật anh ạ. Nó nói chẳng khác mấy thằng tây lông sang đây cả.,0,1
2167,Câu hỏi chán đéo chịu được,0,1
2168,trung thực không có nghĩa là ngu. nếu bạn là 1 nhà phát minh vĩ đại thì bạn cần gì phải lươn lẹo. bạn vẫn làm nên đại sự.,0,0
2169,Đh tây bắc to đùng khủng bố đéo ai học mấy. Đề nghị mang trg đh nào đó ném vào đó để kéo dân ra khỏi ngàn năm văn vở.,0,1
2170,"lấy tiền xây thủy điện đi xây thủy lợi rồi lấy tiền đâu đi xây hạt nhân bù vô? đã xây thủy điện rồi xây thêm thủy lợi làm éo gì thế, thủy điện nó đóng vai trò thủy lợi luôn, chỗ nào không có thủy điện mới xây thủy lợi.",0,1
2171,Chán éo buồn nói nữa,0,1
2172,"lương này mà còn chê trung bình hơi yếu 1 chút, méo hiểu vozer :v",0,1
2173,"Anh thì khôn vl, tôi nói sai chỗ nào mà thanh niên thể hiện?",0,2
2174,"Độc tài hay đơn đảng nó chỉ là cách gọi cho những nước không thuận mắt phương Tây thôi. Chứ bản thân thằng Nhật suốt gần 70 năm qua chỉ có duy nhất 1 đảng lãnh đạo, những đảng khác chỉ đc cho vài ghế tình thương thì gọi là gì? Tư bản định hướng XHCN à?",0,1
2175,"80 thì anh mua thêm lọ sơn xanh phản quang, bố thằng CA ko dám phạt nhe",0,1
2176,"Cái này tôi không biết, nhưng trên shopee có mấy thằng nó bán dầu giả nhiều quá trời. Xong rồi bày đặt dán tem vàng, tem đồ chính hãng lên... Hãng đéo gì cũng một tem",0,1
2177,Làm gì ngang đc. Bọn này thua Hàn Nhật 1 cấp,0,1
2178,"2023 rồi các anh ơi, chỗ nào đơn thuốc ghi tay thì lần sau cạch mịa đi chứ đâm đầu vào làm gì",0,1
2179,"Kể cả những phim bình thường như phim 65 bữa coi, cha trắng mẹ đen coi chối đéo chịu đc, khủng long thì tạm đc nhưng tình cảm lệch pha quá, chán cho phim ảnh bây giờ,",0,1
2180,"dân trong đấy xàm nhề, có mỗi cái ông diễn hài mà làm như thánh.",0,2
2181,Vn đất rộng vcl. Đất ở trên núi. Ông nào ở trên nói mà 1 tỷ 5. Cười ẻ. Rồi trên youtube có thằng nguyễn duy nào đó. Đất ở tiền giang 90m2 mà 400 triệu.,0,1
2182,Chuẩn mẹ nó rồi. Nộp đơn làm kỹ sư mà chán vãi nhái,0,1
2183,Nước ngoài học phí cũng đắt bỏ mẹ chứ rẻ đéo đâu,0,1
2184,Thôi mày éo hiểu tao cũng méo cần giải thích gì thêm. Nhìn đống reaction biết tao nói đúng hay sai rồi,0,2
2185,Mụ này khác… chứ oanh hà chúng nó đã ầm Lên rồi,0,2
2186,"Công cái con khỉ, thương mại Mỹ - tàu còn có 275 tỷ xếp sau cả Mỹ-Mexico, Mỹ - Canada. Bị Mỹ với Phương Tây nó đéo thèm mua hàng nữa thì có",0,1
2187,"Hỏi thật, cứ bị theo ý chí của người khác có thấy nhục không ? Nếu có tự trọng thì đéo cần nhờ ai cả, kể cả ông bà già",0,2
2188,Vn có 100 chai dân cũng thiếu đéo gì.,0,1
2189,"Tích cực khuyên nhân dân chi tiêu, xài tiền đi anh em. Ai có tiền xài tiền, ai có vàng xài vàng, ai không có tiền vàng thì bán thận, vay ngân hàng. Góp phần cho dòng tiền nó luân chuyển, cho nền kinh tế nó thoáng ra. Nghe làm bùi gì mấy thằng lom rom trên bày",0,1
2190,"Thấy 1 lúc lâu tụi nó mới chạy ra kiếm, éo hiểu nghĩ gì",0,1
2191,Ví dụ thằng tôi vừa quote về vấn đề ngôn ngữ bên trên. Mấy thằng nhảy đong đỏng lên chụp mũ vện thì 1-2 trang đầu éo thiếu.,0,1
2192,Chỉ có ngu mới đi luận tội Biden lúc này. Chẳng đc lợi lộc gì.,0,1
2193,Linh vật như con ma,0,1
2194,"Không ngủ được thì ngủ đi, thức làm đ*o gì",0,1
2195,Con ny thì điên lên là đéo..,0,1
2196,"Phim hay hay không là do gu từng người. Nhưng nhiều thằng khó hiểu vl, những đoạn flashback để giải thích về quá khứ và lý do nhân vật đó hành động như vậy thì tua đéo xem, rồi lên kêu phim nhàm chán, dài dòng, đéo hiểu kiểu gì",0,1
2197,"Đang Hà nội đây, cái lol j cũng đắt vcl",0,1
2198,"Xem mà đéo hiểu đang xem gì luôn, đéo có tí điểm nhấn nào",0,1
2199,Doanh nghiệp lớn quá cũng khổ. Tự dưng 2 nước ghét nhau mình làm con dê tế thần,0,0
2200,Ko còn hứng thú xem như trước nữa...càng học tử vi càng ngu,0,0
2201,Cái hình vô lí thế mà mày cũng nghĩ ra hả thớt,0,1
2202,"BQT là cư dân bầu ra, thay mặt cư dân làm việc với các bên khác chứ thuê mướn cc gì.",0,1
2203,Nói cho vui. Cho mấy thằng tư bản coi chứ cứt thực hiện,0,1
2204,Nó có bay nhanh đâu mà xàm thế. 5 tỷ năm nữa mới bằng 2/3 khoảng cách bây giờ. Con người với đà phá hoại mt thế này ko biết sống nổi 1000 năm nữa ko. Lo chi xa.,0,1
2205,A nhắc tôi mới nhớ =]] hết cmn 40 phút chả có cái quần què gì.,0,1
2206,"Tôi nghĩ bà mẹ đó thông minh chán, đâu ngu như thằng nào đâu mà đòi lên mặt trăng.",0,2
2207,Á đù bọn tiền đạo nhìn đấy mà học tập,0,1
2208,"đéo cảm thấy gì cả, có nhiều cái để bận tâm hơn mấy thứ vớ vẩn này, người ta tối ngày tính toán, học tập, làm việc mua xe mua nhà mua đất đây thanh niên tối ngày soi mói, mặc cảm mấy thứ vớ vẩn",0,1
2209,B52 bay cao 20km còn ăn quả SAM2 vào mặt mà bọn đần này nghĩ con khinh khí cầu này vô đối với không quân Mỹ thì đ thể nào giải thích được,0,1
2210,"Tỏ tình fail? Bình thường vãi lon. Làm sao để vượt qua? Yên tâm, đéo buồn mà chết đâu em, rút kinh nghiệm từ lần đẩy láo này và em sẽ trưởng thành hơn. Đối mặt như nào? Tự tin nói chuyện như bình thường thôi, đừng cay cú hay xấu hổ gì cả.",0,1
2211,Bạn gấp thằng Văn toản,0,1
2212,Nó tập để cho mày xem đéo đâu mà cấm?,0,2
2213,Có sổ rồi thì điều tra cái căng củ cọt ấy.,0,1
2214,"mua nhà để ở thì bỏ hết các ý nghĩ ""đầu tư, sinh lời, mất giá"" đi. Cứ nghĩ thế thì đéo bao h mua đc nhà đâu",0,1
2215,"Thành đánh giá là tây, ăn theo khẩu vị tây..nhưng cái guide đó dc đông đảo ng chấp nhận.. Khẩu vị Tàu thấy ngon nhưng bọn đánh giá ko thấy ngon thôi.. cũng chả chính trị gì Tàu có thể tự lập tiêu chuản riêng đánh giá của nó.. vde ko nổi dc nhiều ng theo như thg Michale thôi",0,0
2216,"Truyện tàu đợt vừa rồi bay 1 mớ. Đủ thể loại tiên hiệp, huyền huyễn, linh dị… chết hết. Đúng là bóp cả 1 thế hệ",0,1
2217,Ví dụ đẹp xấu nhé Mày xinh vl Mày xấu vl,0,0
2218,Chuyên viên thì đ đc làm lead ah?)) đi làm công ty lớn cho mở mang tầm mắt đi cu. ))),0,2
2219,Mày có phải mod v0z đâu mà sợ bị đánh,0,2
2220,"Thế kệ mẹ nó, lôi chính quyền vào mà xử",0,1
2221,"Có cái vẹo gì lạ đâu, trò này cty nước ngoài nó cũng bày. Từng gặp 3 cty như vậy rồi, hr xin link fb cá nhân vào xem thử. Đek quan tâm, thanh niên nghiêm túc, ko post nhảm trên fb nên ai muốn xem cũng dc",0,1
2222,Bọn chó khôn về già biết sắp chết là nó bỏ đi đấy fence. Hồi tôi nhỏ nhà nuôi 1 con cũng y hệt vậy.,0,1
2223,"Ơ! Thớt này chưa bị xóa à... Cô vít cộng đồng còn nữa đâu, bị gô cổ hết mẹ rồi Ae SG-HN có cái lễ trọn vẹn rồi nhỉ....quẩy banh nóc....",0,1
2224,Vậy cái thằng củ cải kia nó chuyển chị 30 củ r lừa 500 củ chứng tỏ tụi nó cũng câu. Nhưng cách xác định đối tượng của tụi nó ntn nhỉ.,0,1
2225,Đầu trận tới giờ 3 cơ hội rồi mà ông Hoàng chuyền còn thua thằng nghiệp dư....,0,1
2226,lông mũi tôi bây giờ 50% bạc hết rồi... méo hiểu nó có liên quan gì đến tóc bạc ko,0,1
2227,Thím đóng 35% thì mất mịa 1/3 tiền rồi @@. Thím làm ngành gì đấy @@.,0,1
2228,Đéo có ai thực sự hối hận vì được sinh ra. Họ chỉ quá tuyệt vọng về cuộc sống. Nếu ta không sinh thêm người thì sớm thôi người già sẽ đông hơn người trẻ. Khi ấy đống thuế nuôi phúc lợi ngập mồm,0,1
2229,Kiện chết bà nó đi fen. Thế nỳ lãi 3000% ah. Vote kiện,0,1
2230,La Gió chém trong truyện thôi... nhưng đọc hay xem xét thì phải lấy logic ra suy nghĩ .. Thục lúc đó tuổi gì diệt Ngô.. mà Lưu Bị cũng ko ngu.. mà vì 1 thằng tướng diệt quốc...Làm vua làm chú lên dc đến đó từ tay trắng ko tình cảm hay ngu muội thế đâu.. ko thì chết từ lâu rồi,0,1
2231,"Báo rõ luôn tên tuổi địa chỉ đi, up lên mấy trang nổi tiếng kiểu gì chả có bọn quản lý nằm vùng, xem nó có còn dám kiểu bố láo thế ko !",0,1
2232,"Hiếm vì nước sở tại nó có cho định cư đâu mà nói chuyện như ko thèm ấy, đúng là nghèo mà còn bày đặt chẻnh, hết thời gian lđ nó đuổi về.",0,1
2233,"Chuyện bỏ tiền ra là đương nhiên. Câu chuyện êm đẹp chẳng có gì xảy ra khi mà cái tin 60t kèm cái áo Mẹc xi được trưng lên. Giờ nói miệng thì của ai chả được, nhưng mà trước mắt thấy 1 ông gặp được 1 lô cầu thủ với 1 thằng cố tình nhét vô MV rồi chống chế vì cái mục đích cao cả blah blah gì đó. Thì thấy trước mắt là ông Cường uy tín +1 rồi. 5m kèo này chỉ khi nào Mẹc xi réo tên thì ăn lol về danh + tài thôi, chứ ông Cường thì lú luôn. Mà tầm cỡ doanh nhân cũng chả hiểu sao hợp tác được với thằng này nhỉ?",0,1
2234,"Oan sai thì ở nước nào cũng có, có ông chết oan trong tù rồi mới được minh oan. Cái quan trọng là khắc phục thì các ông ấy đùn đẩy làm lơ. Dù biết rõ ràng đã oan sai nhưng đéo chịu nhanh chóng đền bù cho người ta.",0,1
2235,"nhìn phong cách với cảm xúc còn thua cả paddy sun, mịa cha cái thằng 1 bài lên hít. Mình mù nhạc lý mà còn thấy nó đánh đỉnh vãi ra, bao năm rồi. Như kiểu chơi với cái đàn ý.",0,1
2236,"Nhảm, liên quan gì ?",0,1
2237,Má...buông tha acc này đi mà...,0,1
2238,Chẳng lẽ toà muốn dí thằng bố không cho thoát nhỉ.,0,1
2239,"Anh Long sang mẹ vn bay phòng cho dễ thở, Hàn ngột ngạt với người nghiện vl",0,1
2240,"cần gì phen, thằng cu mới 6t chứ nhiều nhặn gì, nó cứ cầm cái muôi xong giã thẳng cánh thì đến tôi là thằng ngoài 3x tuổi cũng xây xẩm mặt mày chứ nói gì thằng cu con",0,1
2241,Cho vay là giao dịch dân sự. Cầm tờ giấy đó làm con moẹ gì cũng chả ai xử cho thím đâu mất công thêm thời gian đi lên đi xuống. Có tờ giấy thì đem ra cho dân xã hội nó đòi ý,0,1
2242,"như thái lan là bài học... họ bị bẫy trung bình vì trong time như ta chuẩn bị cách mạng, thì họ ko thành công là chỗ ấy... nói chung mún đc như sing thì phải nghiêm ngặt như tụi sing thì may ra hóa hổ...",0,0
2243,"Vì nó không phải khu vực của EU và NATO. Ở ĐNÁ có 2 thằng Miến Điện với Thái Lan hỗn loạn, chúng nó cùng lắm chỉ lên tiếng ngoại giao cho có thôi chứ làm mẹ gì can thiệp trực tiếp được.",0,1
2244,"Tộc thì nó cũng liều bỏ mẹ ra ấy, đợt trước có clip có ông tộc cầm cây cung ra khè con linh cẩu sau bị cả đàn nó đuổi cho sml, may mấy ông phóng viên cầm súng lao vào cứu ko thì cũng mất xác rồi.",0,1
2245,"Có thằng con sĩ diện vãi, đám cưới mày thì mời khách của mày đi",0,2
2246,"Vl 4 đồng là 400k à, kinh vậy",0,1
2247,"ơ trên toàn mấy ông định nghĩa cười v k l )) ""CA SĨ"" từ cái từ nó đã rõ ràng là ""người chuyên hát"" rồi, thế mà vẫn phải lôi việc nó chỉ hát thôi chứ không sáng tác nhạc vào nên k dc gọi là ""CA SĨ"" )",0,1
2248,"Máy bay này làm thuần quản lý nên chuyên ngành kém là chuyện bt,tôi thấy đéo có vấn đề gì.",0,1
2249,Thằng dưới apply đi mày. Có nick voz là 1 ưu thế.,0,2
2250,Anh revir xài clone đây à? Nick này có liên quan gì đến việc chữa bệnh gì đâu nhỉ? Sao anh lại đề cập việc anh chữa bệnh như thế nào? Mà anh lại là cái thằng lôi tiệm nhà tôi lên topic này chứ ai đả động gì? Cái văn “hay nói đạo lí” cũng quen lắm.,0,2
2251,"xây phòng cách âm, kệ mẹ đời",0,1
2252,"""Xúp"" có nghĩa là bột canh chứ không phải ""Súp"" thím ơi Quả ""Ủi"" có nghĩa là quả ""Ổi"" (dân Vĩnh Bẩu)",0,0
2253,Vậy là lại quay lại vde... tư nhân cạnh tranh nhà nước... Câu hỏi đặt ra... chính sách ủng hộ tư nhân hay nn Ủng hộ tư nhân => thì DN nhà nc thua lỗ... lấy thuế bù.. dân cũng gánh Ủng hộ nhà nước => tư nhân chết.. DN 1 mình 1 ngựa lại chây ỳ ko thèm phát triển... lấy lỗ làm lãi (các DN nn hiện nay)... dân cũng gánh,0,0
2254,thế t nói thằng kia không có tình cảm với con chó của nó chứ tao nói mày hả ?,0,2
2255,Anh lại nghĩ Việt Nam toàn thanh niên 1m8 như vozer xaolol thì ...,0,1
2256,"Anh cho tôi hỏi, nếu anh thấy vozer thối um thế thì anh vẫn vào bình luận làm gì thế? Và theo anh thì nên cho đám vozer đọc cái gì để khai sáng được? Tôi hỏi thẳng và thật, ko có ý định công kích hay kích đểu cá nhân anh, vì tôi thấy tôi cũng ngu bỏ mẹ,",0,0
2257,hóng chết bớt mấy thằng đầu cơ đất đai,0,1
2258,"""Ai đó"" nắm cả FED lẫn chính phủ Mỹ chắc chỉ có chúa, hoặc đám siêu nhân nào đó ẩn danh như mớ thuyết âm mưu về nhóm người đang thao túng loài người đó hả, đọc quyển chiến tranh tiền tệ đẻ ra mấy thuyết âm mưu kiểu này lắm",0,0
2259,"Tôi biết 1 thằng trong số ""những thằng châu âu đòi mua"" mà thằng iran nói mà chắc anh em cũng bt thằng này rồi",0,0
2260,Bố nào nghĩ ra được mấy câu này đọc buồn cười éo chịu được,0,1
2261,"Đất nước thì nghèo, cơ sở vật chất tồi tàn thì lấy lol đâu ra vđv giỏi được. Thôi lo mà phát triển kinh tế đi đã, mấy thứ thể thao xa xỉ thì để sau.",0,1
2262,90% việc nhà mày đi thuê giúp việc còn hơn. con nhà người ta nuôi mấy chục năm về làm osin cho mày chắc,0,1
2263,0% chứ kiếm méo đâu ra mà 1% hả fen,0,1
2264,"Hồ ca quả người học rộng hiểu sâu, võ văn thao lược, bê gạch đã tốt mà học hành cũng giỏi. Đắc Nhân Tâm thế hệ 8x 9x xem như sách gối đầu giường, lớp sinh sau đẻ muộn không biết nên mới bôi nhọ tác phẩm kinh điển này, bắt đầu bằng tay lều báo “sự khốn cùng của sách self help”. Tôi trước đọc cũng lắm, nay đóng thùng carton hết rồi",0,0
2265,Vozer có dell gì phải tự ti khi gặp em gái này nhỉ? Thằng đàn ông đầu đội trời chân đạp đất đều có giá trị của bản thân mình hết chứ có mịa gì đâu mà phải ngại! Vững tin mà chiến đấu chứ!,0,1
2266,"có thể cả vũ trụ này là tập hợp các hạt của một sinh vật nào đấy , giống như hạt nhân này vậy",0,0
2267,"Thím chém gió không biết ngượng, Landmark giờ toàn >80 củ / m2, đào éo đâu ra 10 tỷ 180m2.",0,1
2268,"1m66 nhưng đc cái ưa nhìn, nhiều gái khen đẹp trai, méo tự ti cc gì cả",0,1
2269,"Anh không thích nó thì cứ việc block nó thoải mái cho khỏi chướng mắt, nhưng việc mod khóa mõm nó vì tội ""Bình luận không phù hợp"" thì vô lý quá, mặc dù thằng đấy chẳng xúc phạm gì ai. Nó chỉ đưa ý kiến & suy luận chủ quan của nó thôi.",0,0
2270,ông chê lão dở hơi thì next đi bạn 1,0,0
2271,"Nhiều người vẫn không thoát khỏi mấy chữ "" tham, sân , si "" nhỉ",0,0
2272,"Đất nước thứ 3 mà đòi giá nhà ngang HK, Singapore trong khi bọn này là các nơi thuộc dạng phát triển và có quỹ đất nhỏ hơn VN nhiều. Giá đất mà cao đến thế thì đúng là mạt vận VN rồi. Kể cả ở trung tâm HCM và HN luôn nhé, bớt ảo giá giùm.",0,0
2273,"Tôi thấy giờ họ cơ giới hóa nhiều rồi, trừ ""công nhân tri thức"" ra thì đa số đều bị cho đào thải trước khi xin nghỉ ấy. Không tuyển được dân bản địa thì nhập thêm dân xứ khác vào thôi.",0,0
2274,"Bọn này đang có 1 thế hệ cha ông tầm 8x bắt đầu có sự nghiệp hay chí ít là có tiền để cho chúng nó ăn bám. Bọn này chưa phải trải qua khổ cực hay cơm áo gạo tiền nên động lực vươn lên và tích lũy không có. Bọn này trải qua thời kỳ trỗi dậy mạnh mẽ của internet, ảnh hưởng rất nhiều lối sống không thực tế và tiêu cực, cũng như phong cách sống ""đời người chỉ một lần"" Nói chung, việc này nằm ở vấn đề thời cuộc và ý thức hệ. Cứ để xã hội tự vần theo cách của nó, mình không thể điều khiển được. Cái gì không thể thì mặc, vì tương quan mà nói một cách công bằng thì thế hệ 7x, 8x cũng có những suy nghĩ tương tự với 9x",0,0
2275,"mày bớt cosplay đi, đầy người thèm, chỉ có mày giả bộ cáo chê nho không thèm thôi, Mỹ nó còn là siêu cường và là vùng đất hứa, giấc mơ Mỹ ít nhất 1 vài thế hệ nữa, khỏi xạo xạo tinh vi",0,1
2276,"Nói chung càng lòi ra nhiều cái thì thằng Vin càng phải cố mà dứt điểm, đừng nói sau cái bài báo này, đại diện bên Vinfast cũng vẫn trả lời ""Chơi đến cùng"" nhé..., để xem câu chữ sắp tới đại diện Vinfast xài là gì, vừa muốn ko thua về mặt ""Pháp lý"", vừa muốn thể hiện sự ""Thông cảm"", vừa muốn thể hiện sự ""Công bằng của pháp luật"", vừa muốn thể hiện sự ""Răn đe với đám tung tin, review sai sự thật""...",0,0
2277,"Sai hoàn toàn, những thằng sống hạnh phúc nhất là những thằng thế giới ít đoái hoài tới nó, như bọn bắc âu, bhutan, newzealand",0,1
2278,"Thế nên chị mới ế tới năm 41t đó. Vãi đái truyền thông bây giờ, mình sợ mấy cái thứ truyền thông bẩn này nó ảnh hưởng tới con cháu mình vãi",0,1
2279,Lại đếm cua à? ngày éo nào cũng khách thế đâu hôm công 600k hôm công 0 đồng. giờ phải xem cái hđlđ làm dân họ bị khó khăn gì mà tẩy chay ghê vậy?,0,1
2280,Toàn thấy so 1 thằng thời chiến với 1 thằng thời bình.,0,0
2281,"đú vkl, ông cha có câu ""mèo vào thì khó, chó vào thì sang"" từ xưa rồi, từ khi nào mèo lại thành biểu tượng may mắn vậy? Hơn nữa tiếng mèo kêu ""meo meo"" nó khá giống với ""nghèo""",0,1
2282,"Dốt thì nói ít lại cho bớt lộ ra đi fen. Doanh nghiệp Việt xuất khẩu nông sản, cao gió, ống hút... còn biết đường xin giấy phép FDA thì thằng như vf, thuê nhân sự cấp cao nước ngoài lại chẳng biết đường lo target pháp lý về tiêu chuẩn mỹ trước.",0,1
2283,"Thôi, tùy các anh thôi. Mỗi người 1 quan điểm. Đã ghét thì kiểu đeo gì cũng chửi được. Xưa hàng made in china thì các anh kêu tq giỏi thế, giờ hàng made in vn thì các anh kêu toàn FDI Tóm lại, tùy các anh muốn nói cái mả mẹ gì thì trên báo cáo vẫn là doanh thu bn, bán ra bao nhiêu xe. Thế thôi. Còn ghét thì các anh cứ chửi, chả ai cấm",0,1
2284,Không phải tự nhiên mà bọn nhà giàu nó toàn tích vàng với đô mặc cho truyền thông nước nhà ra rả tuyên truyền coi đó như là tài sản chết đâu,0,0
2285,vin sao lại để báo nhét chữ vào mồm thế? sao không kiện vỡ mồm cái bọn đưa tin láo đi ?,0,1
2286,"bọn cầu thủ ủng hộ người biểu tình, phản đối chính quyền nên ko hát quốc ca",0,0
2287,Vụ miễn dịch cộng đồng thì còn mỗi thằng hà lan cố đấm ăn xôi thôi vì dù sao cũng bất lực. CÒn thằng anh thì thừa nhận phải đổi kế hoạch vì dự báo chết nhiều người quá. Đang cố phong tỏa đấy nhưng dân nó đéo nghe không biết mấy hôm nữa có làm cứng hơn không.,0,1
2288,"tốt cho bọn chủ tàu,cho người dùng nhưng đâu tốt cho bọn làm kênh đào???",0,0
2289,"Nó đồng quan điểm với việc ""kiều nữ đại gia"" thì có đéo gì sai nhỉ, điều đó đúng mà?",0,1
2290,"bọn này toàn ở châu Âu từ nhỏ, thể chất tốt lại còn đc luyện não chả thần đồng",0,0
2291,"Thế giới luôn có người này người kia. Thằng nào đi trước thì ăn một cục vàng to, thế thôi... Phương tây có luật chống bán phá giá đó... Đồ rẻ tuồn ra bán rẻ hơn giá của chúng nó thì nó phạt.... Kinh tế thị trường cái vẹo j ko biết",0,1
2292,Nếu nói toàn cầu thì bọn N cũng đưa sản xuất ra nước ngoài nhiều để hạ giá nên mới rẻ,0,0
2293,Tổng tài sản cả gia đình mà 1 tỷ thì nghèo thật đó Thớt.,0,0
2294,Thớt đúng là mất lịch sự thật,0,0
2295,lứa 9x này mà vào xx thấy đại đa số dính hết rựu chè gái gú banh bóng ...,0,1
2296,"Vậy mới thấy vào Voz mới thật sự là ""Đời"", khác hẳn những mạng xã hội ""Ảo"" !",0,0
2297,"Có đéo gì, cứ nói thẳng với nó:",0,1
2298,"Mỗi ng, nếu k ""ngu"" thì sẽ có 1 trí thông minh khác nhau, k phải ai cũng giỏi tìm đường và cũng k phải ai cũng đánh giá ng khác ""ngu ngơ"" chỉ vì tìm k tìm được đường. Anyway: ""Phải xem lại EQ của thằng hướng dẫn tìm đường nữa"".",0,0
2299,Bọn nam mỹ này ý thức đá bóng như dở người,0,1
2300,Thằng kia lên voz lập thớt,0,0
2301,"Nta đi nước ngoài vì môi trường sống và phúc lợi xã hội cho thế hệ F1, F2 sao cứ lôi ba cái ăn chơi vào chi vậy = ))",0,0
2302,"Nó biết anh trốn NVQS không biết gì nên nó bơm cứt đấy, đạn có 7k/viên thôi 3 tháng tân binh đã bắn 54 viên rồi, 2 năm NVQS bắn trung bình 500 viên. Mấy cái tự sản xuất đc năm nào cũng bắn ầm ầm, bắn xong dư lại phải ráng bắn cho hết đấy anh ạ",0,1
2303,Gần đây lại ăn tiền quảng cáo để review cái game nhảm gì ấy..,0,0
2304,"Làm nhớ vụ ông bố trông con bị 1 con mụ mồm to cùng 1 lũ thanh niên rởm đời tưởng là bắt cóc tống tiền quây vào đánh tới chết. Thề, mỗi lần nghĩ tới vụ ý là phải nhìn quanh nhìn quất chắc chắn k có ai thì mới dám ra hỏi thăm xem có phải là trẻ con bị lạc không",0,1
2305,Cảm giác như mình Bác Trump chống cả đám mafia vậy .vụ thằng hunter cũng chả tung ra bằng chứng gì thuyết phục rằng obama hay bi đần tham nhũng trong khi còn tận 2 ổ cứng?,0,0
2306,Do bản thân hết. Đầy thằng làm ship nó vẫn tạo được nguồn doanh thu từ việc học khi đi làm ship. Cũng đầy thằng đi làm uivăn phòng k thể phát triển ngồi một chỗ lương 3 cọc 3 đồng,0,0
2307,"kể chuyện tí chơi. gần nhà mình có 1 single mom 2 mẹ con sống trong 1 căn nhà chắc cũng tầm 2 tỏi. em này cặp với 1 thằng bộ đội đã có gia đình. có chửa thế nên vòi thằng kia mua cho căn nhà coi như cho đứa con trai. thằng kia thôi thì cũng có tí trách nhiệm mua cho và đứng tên 1 mình em ấy. xong trật ớ ra sinh xong nó đéo giống bố thế là thằng đó đi xét nghiệm thì đéo phải con mình quay ra h đòi nhà thì cũng ko đòi đc vì đưa tiền cho em kia ko có giấy tờ gì, mà làm um lên thì cũng ko ổn với cả đằng nhà vợ với đằng cơ quan",0,0
2308,"Chọi trâu với đấu bò nó lên tầm lễ hội, cả năm mới có 1 lần fen. Bọn chọi chó này như chọi gà, hứng là mang ra chọi, chọi xong kiểu gì cũng có con chết nó ác hơn chứ",0,1
2309,"Hôm nọ bà chị họ tôi, cũng thuộc loại giàu xổi, đám tang bố lúc hạ huyệt ném cả mấy chục triệu tiền thật toàn tờ 500k xuống huyệt. Tôi nghĩ bụng ""bà nên khấn trời mấy thằng nghiện chúng nó ko đánh hơi thấy đi, chứ ko chúng nó đào mả bố bà lên lấy tiền đấy"".",0,1
2310,"Anh biết cách để thay đổi định kiến của 1 người ""cổ hủ""/""bảo thủ"" như bà nhà a về vấn đề chăm trẻ là gì không? việc a hay vợ đứng ra nói kiểu ""mẹ chăm cháu như này là sai, phải như này, như kia"" thì gần như k bao giờ có tác dụng. Vì các cụ luôn có kiểu k tin những đứa mà ""tao còn đẻ ra mày"".",0,0
2311,"Đen méo gì. Giờ tôi cách bọn 2k3 nhiều tuổi rồi, có quen ai đâu.",0,1
2312,"mua hàng online ở xứ này thằng nào ko cho đồng kiểm thì cho nó cút, 10 thằng thì 9 thằng lừa đảo, 1 thằng từ chối trách nhiệm, tốt nhất là ra cửa hàng lớn check rồi mua, tốn xíu tiền xăng thôi",0,1
2313,"Không dạy nó. Nó mất dạy thì dù là bằng tiến sĩ nó cũng ""ông làm được abc như xyz không mà dạy tôi""",0,1
2314,"rất nể em cứu 1 người cùng size đã khó, đây những 2 người , còn mấy thằng lớp 12 k coi trọng mạng sống của mình thì kệ chúng mày chứ đừng lôi người khác theo",0,1
2315,"Nó đang thời kì live tiktok kiếm tiền ngon vl, ngu gì nó đi lúc này , cứ mang bầu kiếm tiền khi nào live ko nổi rồi đi cũng dc!",0,1
2316,Ý thức kém Dân Trí thấp ít đọc sách,0,0
2317,Các anh đéo hiểu tâm tư của lãnh đạo rồi,0,1
2318,"Trong khi đó đêm nào mình cũng ngủ ngon vl,lêu lêu thằng thớt",0,1
2319,"Nếu nhà đã xây thụt vào 2m mà nó cố tình đỗ sát cửa trên đất nhà mình thì xử lý quá đơn giản: 1. Làm cái bảng ""Xin đừng đậu xe trước cửa"". 2. Hàn 2 cái khung sắt thép phi 10-12 bỏ sẵn trong nhà. Thằng nào cố tình đậu và có thái độ lồi lõm thì đem 2 cái khung ra quây trước và sau xe nó, khóa lại rồi đi làm. Xem thằng nào lì hơn thằng nào.",0,0
2320,"Thực ra nói nó dấu dịch cũng ko đúng vì thực ra thời điểm đó nó cũng chả biết cái bệnh này là bệnh gì, cơ chế lây lan của nó ra làm sao cũng chưa rõ nên nếu nó hét toáng lên..Có dịch..có dịch .. thì dân loạn lên à.",0,0
2321,"Nói chung là bọn Pakistan vớ va vớ vẩn, không có là không có, thế nhé.",0,1
2322,"bữa nay cam rẻ bèo, nhà dân nào cũng lắp cam, âu cũng là điều tốt, phòng tránh lũ trộm cướp khốn nạn này",0,1
2323,"Thế là tốt đấy, xh phát triển thì nghĩ thoáng ra. Tôi thấy bên tây chúng nó mãi éo lấy chồng mà có hâm đâu, xong ở châu Á thì lại thành hâm, hay là tại cái thành kiến xã hội, mỗi người chõ mõm vào 1 tí làm người ta áp lực mà thành hâm",0,1
2324,Cái mạng mình mà mình còn không lo nữa thì người dưng dĩ nhiên là đéo quan tâm rồi.,0,1
2325,top 10 thằng chi quốc phòng nhiều nhất thì mẽo chi còn nhiều hơn con số của 9 thằng bên dưới cộng lại,0,0
2326,"Nói chung là đông y đéo có cửa để so với tây y, nói nhanh cho nó vuông. Muốn khỏi bệnh thì cứ tây y mà táng. Có xét nghiệm, có chỉ số, có hình ảnh rõ ràng. Đông y thì kiểu hên xui.",0,1
2327,Chỗ nào bán mắc thì đéo ăn nữa. Vẫn có nhiều chỗ “có tâm” khi giữ giá cũ. Ai cũng như vậy thì tụi gian thương bay màu nhanh chóng. He hê,0,1
2328,Tôi đéo có ý gì đâu. Nhưng đọc báo chí viết khắm vkl.,0,1
2329,"Đù, thằng cha này còn 1 cơ sở ở ngõ éo j khương thượng sau trường đh thủy lợi nữa thì fải",0,1
2330,Nó ăn thì nó ỉa thôi chứ ngăn làm sao. Loại này để nó bắt muỗi với côn trùng rất tốt cho nhà. Kệ nó!,0,0
2331,"Bình thường thôi, phen, ai có não thì cũng nhận ra điều này, chỉ có bọn...mới thích mang về ngạo nghễ thôi, còn nói thẳng, món phở ở trong nước còn có người khen người chê, mỗi vùng miền, mỗi địa phương lại có khẩu vị, phong cách nấu khác nhau chẳng ai giống ai, bọn nước ngoài mới ăn lần đầu thì có cái lol mà nó thấy ngon.",0,1
2332,Bạn anh chạy xe gì vậy anh Mỉa mai thế thì bạn bè đéo gì,0,1
2333,"Nguy cơ thím mất 100 đô là rất cao nhé, thông thường mở đại lý kéo khách đéo thằng nào phải mất một xu nào luôn",0,1
2334,"Trong tự nhiên có mấy con tởm nhất. Vài con trong số đó là: Khỉ Đầu Chó, Linh Cẩu, Kền Kền",0,0
2335,"Để mai thả fen, mà thả suối cho nó trôi chứ thả lung tung nó bò qua nhà khác cắn thì bỏ mẹ.",0,1
2336,Dùng số thật để đi doạ phóng biên báo của CA thì thằng cu con kia xứng đáng bóc lịch lắm,0,0
2337,"Nhưng những người thành công nhất mà trên voz này hay tung hô lại là những người máu me tranh đấu xếp hạng nhất. Ví dụ như có bao nhiêu slot học bổng toàn phần (hoặc 1 phần) ở các trường top bên Âu Mẽo, bọn đạt được đa phần lại là bọn không chấp nhận thua kém người khác cái gì. Nói chung mỗi kiểu giáo dục đều có mặt lợi mặt hại. Cạnh tranh gắt gao thì nhiều ca tự tử nhưng đồng thời cũng tạo ra được nhiều nhân tài bắt kịp với khối lượng kiến thức đồ sộ ngày nay. Còn giáo dục theo kiểu ""công dân tốt"" thì ít lesor hơn nhưng cũng chỉ toàn cỡ trung bình khá.",0,0
2338,"mấy đứa cho vay nặng lãi nó sống nhờ lãi của bọn con nợ , nên bọn con nợ cắt thì chúng nó sml , tôi biết vài đứa như thế , trả lãi mấy chục năm liền k hết nổi .",0,1
2339,"Vừa phát hiện ra 1 điều Thằng Cake by VPBank sida vcc, thấy đầu số ghi ""baza.vn"" gọi điện tới, tra google thì ra website bán quần áo, thật là vãi chưởng",0,1
2340,gớm nói như a thì người ta sinh ra cái món rửa tiền để làm gì vậy nhận thức ngây thơ thế,0,0
2341,"Nghe cái lí do vào để phát tán dịch mà thím còn đi hỏi làm gì, toàn dăm ba cái tin vớ vá vớ vẩn ấy mà.",0,0
2342,"Thì thế. Cả bọn người sao hỏa nữa. Bọn này yếu hơn dân Krypton nhưng bù lại khả năng ngoại cảm bá đạo vl. 2 giống loài này mà không bị diệt vong, thì đ ai đánh lại. Tưởng tượng vài tỉ dân Krypton cỡ 70% của Sịp hay Zod thôi là toang cmn cả vũ trụ rồi.",0,1
2343,"Mấy thằng này toàn mấy thằng mới có tí tiền nên ảo tưởng, gặp dân bán tải có ngày bị bọn nó đập ngược.",0,1
2344,"Éo biết có xin được từ 3 năm xuống 1 năm ko nữa, ăn cái phạt 3 năm ko vào Úc thì max nhọ.",0,1
2345,"Nhưng cuối cùng để tìm hiểu văn hoá đời Đường người ta phải thông qua Nhật, văn hoá đời Minh Thanh phải thông qua Đài Loan. Thế mới nói cách mạng văn hoá nó ngu ngục đến cỡ nào. Mấy công trình cổ hiện nay của TQ toàn phục dựng lại hết chứ hồi xưa tụi nó đốt phá hết mà.",0,0
2346,"Tại sao đa số lại là con gái Vì những thằng con trai sẽ được bố mẹ ráng hết sức ""cứu"". Thằng anh tôi bay mấy tỷ. Chỗ tôi có thằng bố nó đi nhặt củi ngày mấy chục nghìn, éo hiểu nó áp lực thế nào mà ông ấy mua cho con ex, xe vừa lấy biển vài ngày là tai nạn nát bấy cái xe. Nghe mấy ông gt nói sau khi nó khoẻ lại thì tiếp tục mua cái mới. Đúng là bệnh sĩ chết trước bệnh tim",0,1
2347,cái đám làm răng này kiếm ác lắm.,0,0
2348,Mấy thằng mà muốn nổ lương thì 100% là sĩ diện hão,0,1
2349,"Đệt, Latvia thì ghi rõ là Latvia đi còn ghi nước ngoài, tý thì auto chửi",0,1
2350,"Có lẽ vì lý do này mà bên kia nó mới cho xài súng, chỉ cần nó thấy lẻ vào vườn nhà nó là nó bắn luôn, đéo nói nhiều",0,1
2351,"Tôi cũng thấy cái 100k cho mấy thằng ngồi kèm lúc tập là vớ vẩn vl trong khi mình mất tiền 3-400k 1 tiếng thuê xe rồi, mấy thằng đó làm ở đó đó là việc của bọn nó. Lịch sự nhẹ nhàng thì cho, ghét thì thôi.",0,1
2352,"đéo ai biết nghĩ chút chả thấy vụ năng lượng sạch bây giờ nó phần lớn là làm màu ăn tiền. Nhưng kể cả anh bảo nó thối thì anh có định quay lại ủng hộ các biện pháp truyền thống độc hại môi trường không, hay vẫn cân nhắc những cái ""environment friendly"" hơn, dù là không cực đoan như mấy cái điện mặt trời?",0,1
2353,"Anh thấy đấy, khi tôi dùng từ miệt thị anh, chính anh cũng tức điên lên mà chửi lại là ngu, đần blabla trong khi anh dùng cái từ thường để chửi bọn ham ăn lười làm, ngoài vòng đạo đức, pháp luật cho mấy người lao động chân chính thì anh lại không nghĩ đến việc họ cũng giãy nảy lên... Thực ra tôi không có ý định miệt thị chửi rủa gì anh, tôi chỉ muốn nhắc anh thay đổi cách dùng từ thôi. Thay vì thượng đẳng hạ đẳng thì còn cấp cao - cấp thấp, trình độ cao - trình độ thấp,... Vậy thôi",0,0
2354,Đó tụi bay phải thấy may mắn vì sinh ra ở nước an bình ôn hoà như vn bớt khát nước với tự nhục đi,0,2
2355,Việt kiều giờ mất giá vkl,0,1
2356,"Con này xưa giờ ở quê đầy mà, mới mẻ gì đâu. Cuối 90 đầu 2000 mình về quê, ra bãi cỏ đầy luôn. Cả hồi bọ xít hút máu cũng vậy, nó cũng ko có gì mới mẻ cả.",0,0
2357,"cầm 10 tỷ đem lên đây khoe thì sure là éo thằng nào dám nói bạn lười đâu, chỉ có xin cạc thôi",0,1
2358,"Điểm chung cầu đi bộ ở vn là đều vắng như chùa ba đanh =]] Còn cái cầu này thằng mikazuki làm nối cái 2 khu của nó nằm 2 bên đường, chủ yếu để khách sống ảo chứ có phải để dân đi đâu mà lều báo giật tít",0,1
2359,Có tiền mà éo biết nhân tài sản lên là dở rồi,0,1
2360,Đánh giá chính xác thật chứ không như mấy cái bọn làm thuê nói láo.,0,0
2361,"Cuộc đời mà éo biết thế nào được mà mấy ông cứ phải mặc định 25 tuổi có cái nọ,30 tuổi làm cái kia ??",0,1
2362,1 trong những thằng đó đang làm tổng thống,0,0
2363,"Tây nào tống con ra ngoài đường vậy fence? Là tụi nó muốn sống riêng thì nó ra và bố mẹ nó thấy đó là chuyện hết sức bình thường. Vì bố mẹ nó cũng thế chứ không ai bảo ""mày 18t rồi cút"" cả.",0,0
2364,"Cái khác ko nói, tôi đang bảo vụ cả kỳ dạy 3,4 buổi đó, tôi khá tin tưởng là ko có giáo viên nào vô trách nhiệm như vậy mà tồn tại dc, mấy thằng học sinh hay chém gió quá đà lắm. Tôi học trường bôi đen ra dc hơn chục năm rồi, lạ cái d' gì",0,1
2365,Rồi cũng có đ gì đâu mà căng. Không nhất thì nhì. Gặp thằng L nào mà chẳng được.,0,1
2366,"Đúng rồi, không trông xe thì phải có biển miễn trừ trách nhiệm kiểu ""Khách hàng tự bảo quản tài sản cá nhân"". Bên tư bản nó kiện cho chắc thối đầu, ở VN thì chịu đéo làm gì được nó, kiện thắng nó đéo trả tiền cũng chịu",0,1
2367,"25 mẹ gì, qua 20 với nam (phần lớn là hơn 18), và qua 18 với nữ (phần lớn là 16) thì gần như chả có khả năng tăng thêm tí nào rồi. Trừ mấy đứa đặc biệt thì ở Đại học còn tăng thêm được vài cm Đến tầm 18 là xương nó cốt hóa hết rồi, phát triển thế éo nào được",0,1
2368,"dán cái tờ giấy ""kéo mạnh cửa là chó'",0,1
2369,"1, 2 độ C là ít ấy thým Có những lần nó báo mưa mà cả ngày không có một giọt mưa làm làm hôm đấy mình setup hẹn với bạn rồi thì lại phải delay, chán đéo tả được",0,1
2370,"Công ty cũ của mình nó còn theo dõi mã số thuế của mình, năm nào ko phát sinh thu nhập 1 cái là nó dí HĐLĐ vào để trốn thuế. Hôm nọ ngồi mò thấy tự dưng năm 2021 xuất hiện 1 khoản thu nhập 90tr haha. Đấy DN chúng nó ma giáo như thế mà 1 số ông còn đòi cướp tiền của nó ))",0,1
2371,chỗ tôi làm cơ khí đéo có gái... chán,0,1
2372,"Amway này sản phẩm ok, cách thức làm việc rõ ràng và tất nhiên nó là mô hình kinh doanh đa cấp. Nhưng do một số thằng khác lừa đảo, làm xấu đi cái khái niệm ""kinh doanh đa cấp"", nên dân Việt giờ cứ nghe đa cấp là mặc định lừa đảo",0,0
2373,"có 3 loại: - loại 3 phải: gió chiều nào theo chiều đó. - loại trung lập có chính kiến: đéo phải theo ý thằng nào, đéo phải chọn ai, tôi có chính kiến của tôi - loại trung lập ko có chính kiến (ko phải thằng 3 phải ở trên): loại này thì ko biết 2 thằng phe kia thằng nào đúng thằng nào sai nên ko biết theo phe nào, trung lập cho an toàn.",0,1
2374,"Các anh vật nhau làm cái đếu gì, cái gì chả có hai mặt. Dân trí cao mà animal thì ăn đảo chính, dân trí thấp mà animal thì ổn định, dân trí cao mà dân chủ thì phát triển, dân trí thấp mà dân chủ thì dân túy cmnr. Còn tùy vào lợi ích và tác hại mà các quốc gia sẽ áp dụng thôi.",0,1
2375,Mấy thằng lone khoa học rảnh quá Cái ngày mà loài người buồn nhất chắc là phát hiện ra sự sống ngoài chái đất,0,2
2376,"Ngụy biện vớ vẩn, viết cho dài để văn vở nhưng mấu chốt lại là 2 luận điểm của anh thực tế chả liên quan gì đến người tàn tật, cả chiều đi (văn hóa giao thông -> người tàn tật) lẫn chiều ngược lại (người tàn tật -> văn hóa giao thông)",0,0
2377,"Đăng lên khóc để genz lập quỹ donate thôi Trong đó trừ mấy con già yếu, còn lại thì mập tròn.",0,1
2378,"Mịa, MU giờ méo lo tìm 1 tiền vệ đánh chặn ngon, trâu chó + mấy thằng chạy cánh biết công thủ + tạt bóng đi...lo trung vệ",0,1
2379,"mít tơ số liệu đem số liệu ra nói chuyện nào , cách thể hiện của cầu thủ ở trận đấu là rõ nhất , để mấy cái số liệu nó lừa thì chết",0,0
2380,Thằng nào đạo thằng nào nhỉ,0,1
2381,Ra luật phạt chưa chắc đã sợ nói gì tuyên truyền. Mười ông làm chỉ cần 1 thằng phá là cũng vứt rồi.,0,0
2382,Bọn bank nó có cái trò thả nổi khôn nhỉ! Đúng là mô hình kinh doanh không bao giờ lỗ của tất cả các nền kinh tế.,0,0
2383,Có phải do cái thằng nhái nhái nó đóng phim không?,0,0
2384,"Chắc theo tư tưởng bọn Tây thì còn sống mới còn nhân quyền, chết rồi kệ mọe bọn mày",0,0
2385,"2 thằng đều con ông cháu cha được cơ cấu sẵn nhưng thằng Sặc đen hơn bị phe cánh ông đệ tam nhóm lò triệt hạ, thằng sặc phải đu càng theo thằng Rắn tha hương, Nar nổ thì lúc nào cũng hòa khí dân tộc khúc ruột ngàn dặm kêu gọi thằng Sặc quay về xây dựng làng lá.",0,1
2386,"Thấy chúng nó chê sai thì nhảy vào mà chửi chúng nó đi, ngại gì Anh cứ đưa đầy đủ lập luận dẫn chứng ra thì chúng nó phục ngay Còn không thì anh cũng chẳng khác gì chúng nó, chỉ biết chê Đây là voz, không phải tàu nhanh hya báo nhân dân đâu",0,0
2387,"Kiểu gì cũng có mấy thằng tư duy kiểu ""Bởi vậy nên tôi ......."" giống mấy vụ cứu người bị nạn bị người nhà bệnh nhân đấm.",0,1
2388,thím lên đấy làm rồi ông can ms thu tiền thím đấy,0,0
2389,"chúng m ngu không tìm hiểu, không chọn chủ đầu tư uy tín thì chịu, chứ tao không phải sale. Ở voz này nhiều người biết tao, tao có 1 liền kề với 1 chung cư ở 1 khu nhưng tao vẫn thích ở cc hơn thì tao nói. Bỏ cái kiểu chụp mũ đi.",0,1
2390,"Thật ra trường hợp này chả cần giỏi, chỉ cần tử tế bình thường thì đã không có khủng hoảng truyền thông như thế này để mà phải xử lý. Vụ việc này vốn chả có cái quái gì, kiểu như va cham giao thông nhẹ nhàng, xước xe có 1 tí, cùng lắm là đền có mấy trăm nghìn hoặc xin lỗi 1 cái là khéo cũng xong. Đây lại vừa là người sai, vừa to mồm đầy thách thức ""bố mày thích đi như thế đấy, mày biết bố mày là ai không?"", rồi rút dao xiên người ta 1 phát luôn!?",0,1
2391,bất kể 1 thằng doanh nghiệp nào đều có ngân hàng chống lưng. 1 trong 2 thằng sập thì thằng còn lại trứng dái đánh lô tô hết. chứ k có ngân hàng huy động tiền có khối doanh nghiệp có tiền mà đi làm ăn,0,1
2392,Của csgt mà cứ như xhđ toàn quan công,0,1
2393,Nhìn mặt lão đóng BCS kiểu 1 thằng lắm mồm xong đóng vai sát thủ ngầu lòi nhìn k quen mắt lắm,0,1
2394,"Ai chả biết lại nâng trần nợ công thôi, lên báo 1 tí cho người ta biết mình là bộ trưởng bộ to, chứ thằng FED phát biểu là chính",0,0
2395,"Con nghiện thì làm sao có kết cục tốt đẹp được, là do chúng nó tự hủy hoại bản thân, 1 số red bull cứ lôi mấy cái này ra để tuyên truyền cs Mỹ thật buồn cười. Ai làm gì tụi nó đâu.",0,2
2396,"Tin gì thằng đấy, 1 man đi vào izakaya ăn uống toè mồm luôn ấy.",0,1
2397,Sinh ra là vozlit chỉ biết đứng nhìn,0,0
2398,"Mà kể cả 2-30 năm trước học đéo giống vậy thì sao. Con ng ta đi lên chớ ai đi ngang , giáo dục cái gì tiên tiến hơn cái gì hay hơn cần nâng cấp thì cũng phải thay đổi chớ.",0,1
2399,Phát biểu câu thế này thì thôi mày tha cho con nhà người ta đi.,0,1
2400,"Vẫn chưa thấy mấy cháu cẩu con quăng hình công viên tự động, đòi bằng sáng chế...",0,1
2401,Có hiểu nằm thẳng là gì ko ? Là nó chỉ làm để đủ ăn đủ sống chứ có phải đéo làm gì đâu,0,1
2402,"Vớ vẩn, ông định giá thế người cần mua ko vay được ảnh hưởng tới người dùng, ngân hàng chết 1 người mua nhà chết hết.",0,0
2403,Bọn này thực sự xin việc để đi làm à...,0,0
2404,"Haizz.. t cũng muốn có 1 đứa bạn pro, đầu óc quái vật để học hỏi theo nó..",0,0
2405,cá mập cũng dữ dằn lắm mà sao đánh không lại con cá voi này vậy nhỉ? 20 con túm vào đập nát 2 con đi. như 2 con sư tử mà gặp 20 con linh cẩu cũng phải dè chừng ấy chứ.,0,0
2406,"rảnh vãi, thế cũng đi hỏi người ta xong thành bài báo",0,1
2407,Công sức chửi của voz,0,0
2408,"Okay nếu Xứ nào chứ xứ này thì chỉ là 1 cách ăn mới thôi, cái hội bảo vệ người tiêu dùng sao rồi?",0,0
2409,ngành nghề mà đéo đem lại giá trị thực/đem lại quá ít cho XH thì ko sớm thì muộn cũng chết thôi.,0,1
2410,Tôi có hơn 30 cái clone 2016 đéo thèm dùng,0,1
2411,"Điều phối, phụ kho , lái xe lương thấp vkl. Cod giao lương trên chục thì chạy xe ngoài đường bục mặt. Tôi đang nói là bọn b2c lấy hàng theo xe ô tô. Mấy ô trên này đéo hiểu có vấn đề đọc hiểu không mà thấy ngao ngao sao ý. Mình nói 1 việc các bố cứ đem việc khác vào so sánh",0,1
2412,"JD 2012 đây, người ta gọi là hoạt ngôn nhé chớ lắm mồm cái gì",0,1
2413,Ông nghĩ 1 hệ thống đào tạo cầu thủ khắp thế giới đang vận hành trơn tru với mục tiêu trời Âu tự nhiên bị đảo loạn thì thằng nào chả cay.,0,0
2414,Khi thất tình thì nghe bài lol nào nó cũng buồn,0,1
2415,Tầm 1m75 mặc éo gì cuxnh đẹp. 1m65 mặc gì cũng chả ra sao. Nói thật,0,1
2416,thôi kệ mợ mấy nhỏ,0,1
2417,Hầu như những thằng nhãi con 98 99 trở đi chúng nó đều có 1 kiểu tâm tính hay sao ấy.,0,1
2418,Lúa gần như là loại nông sản giá trị tồi nhất,0,0
2419,"Nhạc người ta nó phổ thơ hay thế này éo ai như mấy cái nhạc bây giờ, lời thì ngang phè còn thua văn xuôi , hát thì ko rõ chữ",0,1
2420,"""Vì người trung lập nhìn phát ngôn của những kẻ kì thị toàn chửi đổng. Họ đánh giá đây là phần nhỏ cổ hủ, ý thức kém. Nên họ ngày càng nghiêng về phía bên kia.""",0,0
2421,Nhật nó ăn muối còn nhiều hơn cả VN mà tuổi thọ vẫn top 1 bao năm nay sao éo phân tích đi.,0,1
2422,Đùa. Bạn chưa nghe đời người 2 lần trẻ à. Mấy ông già khú đế ngồ chơi cờ mà chửi nhau từ mặt đến chết đấy,0,1
2423,Nhật cũng đ' đc chứ nói VN. Dân bth làm tháng 40 50 vạn ~ 3k$ là thuộc dạng có trí thức rồi,0,1
2424,"Vậy là tốt chán rồi, nhiều thằng nó đéo trả đồng nào, tới đòi nó còn lên giọng dạy đời cho ấy chứ",0,1
2425,Anh là người Việt Nam quốc tịch Việt Nam em nhé Đừng có sỉ nhục anh bằng cách đánh đồng anh với mấy thằng tây lông nói tiếng Việt trên này.,0,2
2426,Viết di chúc để mai sau mấy thằng con cháu mình có điều kiện thì hồi sinh cụ tổ nó về.,0,1
2427,Rồi lại chê bọn Nhật làm màu cho sướng miệng,0,0
2428,"Vãi nhái bác này, làm gì mà 1 đống màn hình, 1 đống biểu đồ thế kia nhìn đã thấy nhức đầu rồi",0,1
2429,Trăm củ ở voz đéo bằng 20 củ ngoài đời,0,1
2430,"Một đất nước theo phong trào nín đẻ thì 30 năm sau XH sẽ ra sao nhỉ ?? bệnh thì nói bệnh chứ đừng khoe thanh tích bệnh hoạn như vậy, NN còn đang khuyến đẻ mà suy nghĩ lệch lạc vãi",0,1
2431,Đang nói thực tế vấn đề là người nộp VAT thằng cung cấp sản phẩm dịch vụ ở ta kiểu hộ kinh doanh cá thể nhiều thằng éo nộp thuế VAT ( hoặc là thuế nó éo thèm thu mấy thằng cóc ké) thì nói là éo có thuế cũng đúng thôi.,0,1
2432,"đẹp đấy các ông. trình làm bánh mà để được như này thì óc tưởng tượng, đôi tay và tư duy đéo phải xoàng đâu. 100.000 người có 1 đấy",0,1
2433,"ngày trước toàn quảng cáo thuốc nhà tôi 3 đời cái mẹ gì, giờ chuyển sang cờ bạc online, rồi đầu tư cái gì mà 1 đêm ngủ dậy được 300k.....v.v. Quảng cáo lừa đảo, cờ bạc online, kinh doanh thuốc dởm công khai luôn",0,0
2434,Tao không rảnh để ghi tên từng thằng ra. Vậy ở đây có thằng nào gọi đích danh mày là ole nô không?,0,1
2435,"Doanh nghiệp nó xài theo gói ms365, éo ai cho xài mấy cái sw kia",0,1
2436,"Cái dọc Tam Trinh ngày xưa cũng nổi cộm, lừa dân mở rộng đường cuối cùng xây mẹ chung cư lúc mới giải tỏa được 1/3. 2/3 đoạn đường còn lại sáng mắt treo băng rôn khẩu hiệu đến tận bây giờ Uh thì tao ko lấy đất nữa, nhưng cũng đéo cấp phép cho thằng nào xây sửa. Sáng lòng chưa",0,1
2437,vì bọn paradis có biết éo gì về chính trị bên ngoài đâu anh này nói chuyện như tấm chiếu mới =]]],0,1
2438,"Văn phòng trong cao ốc có mỗi cái máy lạnh chứ có quạt gió éo đâu , ngồi 1 tiếng không máy lạnh chắc như cái lò",0,1
2439,"Hậu quả của sim rác có từ lâu lắm rồi, nhưng mà nhà mạng say đéo vì lợi nhuận nó ngon, giờ loạn lạc quá đéo quản lý nổi",0,1
2440,Voãi thặc Đúng là xui dại trẻ con...,0,0
2441,"""đừng dạy người giàu cách tiêu tiền"" Vozer said",0,0
2442,"Câu này đéo sai đâu, dân VN 1 bộ phận rất giàu, còn phần lớn so với chuẩn trung lưu thế giới còn thấp hơn nhiều lắm",0,1
2443,Làm ăn láo + truyền thông bẩn tới mức nào đó thì càng tẩy càng đen mà thôi,0,0
2444,Giải tán. Làm ăn kiểu j mà chúng nó rút hết.,0,0
2445,Tôi sẽ tẩy chay thằng Panasonic sau thớt này. Cũng cạch luôn thằng lazada khi mua cái nồi cuckoo mà từ 12/12 đến giờ gần 2 tuần rồi chưa thấy giao. Tôi ở HN chứ có xa xôi gì?,0,0
2446,"Sống ở vn đừng nói chuyện phát minh, bao nhiêu vụ ""lão nông sáng chế"" rồi, cuối cùng bị bọn quản lý chèn ép ko phát triển được",0,0
2447,Ông già gửi tiền về vn mà mấy thằg voz đi khuyên binance,0,1
2448,Cấm bôi bác vợ trư,0,0
2449,"Hạn đéo gì? Chuyện như cơm bữa thôi. Tụi can nó chỉ ngại thành phần nhây, biết luật và lắm mồm thôi. Còn 1 khi đã dùng tai chân thì coi như là đã xong phim, chỉ mong có thế thôi",0,1
2450,"Thằng Phúc Lộc Thọ đợt dịch nó vẫn có doanh thu, vì chính sách bán mang đi đó. Nên thớt nghĩ cách đi là vừa!",0,0
2451,Real man ra đường đéo ai phải khệ nệ 1 đống phụ kiện bạn ơi,0,1
2452,"Thôi bố ơi, hiện giờ sống ở VN đầy thằng cố sống cố chết lấy dc thẻ xanh Mỹ, thề phục vụ trọn đời cho nước Mĩ rồi chứ cần éo gì sang Mĩ mới quên cố quốc.",0,1
2453,"Hiện giờ vùng thi công sân bay rộng tới hơn 50 km2 đều trọc lóc cây cối, đào bới ngày đêm giữa mùa khô thì cũng coi như 1 tiểu sa mạc rồi đấy... ko có biện pháp hạn chết bớt thì dân mấy xã xung quanh còn khổ dài, nhất phía đường gió thổi..",0,0
2454,Thời buổi giờ mà còn đòi lừa mỗi người 1 lần là ấm. Cái gì xấu nó tung lên các group cạch mặt cho ế sưng mõm luôn chứ ở đó mà lừa lọc như xưa,0,0
2455,"Đêm hôm qua trời trở gió, mưa phùn, mà thấy 1 ông già còn lục tục bới rác thấy dân mìn khổ nhiều vl",0,0
2456,"tụi manwah mới mở ở thuận kiều plaza đông vl, nghĩ tới cảnh ăn uống ngồn ngộn 1 nơi bỏ hoang, từng có ng chết khi thi công, rồi chết 1 đống khi làm bệnh viện dã chiến,......lạnh gáy",0,0
2457,Thế đéo nào câu chuyện có gì mà kéo page kinh thế nhỉ?,0,1
2458,"Đứng núi này trông núi nọ chi hỡi bạn. Điện bên SPKT có ngán bố con thằng nào đâu. Chỉ cái trường dở hơi là đông, nhà xe kém thôi.",0,1
2459,"Xàm, 200K mua còn suy nghĩ chứ 400K thì dẹp đi .",0,1
2460,"Mà VN éo có thằng nào biết làm nước cam hộp, cam chai để bảo quản được lâu hơn à ?",0,1
2461,Vừa chửi thằng cua đô thì nó kiến tạo :₫)) Voz thiêng thật,0,0
2462,đương nhiên đéo có chuyện đấy xảy ra ở 1 gia đình tử tế gia giáo dạy con biết iu thương động vật nhé,0,1
2463,"Bậy nghe. Nhìn vậy nhưng dc 3 hôm thì nó xanh lè rêu, đầy lăng quăng , côn trùng cả vi khuẩn. Nước sông nó chảy còn sạch, nước ao tù nguy hiểm lắm , đừng đùa. Làm được đàng hoàng thì làm còn không thì thôi chứ làm thế ko ổn đâu. Chỉ 1 đứa bệnh mà mò xuống thì cả đám dính theo ngay",0,0
2464,Một người vô văn hoá thì cũng không nên nghĩ ai ai cũng vô văn hoá như mình...,0,0
2465,"thầy bói người ta ""đoán"". còn tôi đọc cmt của bạn ""thấy"" cái sự gato của bạn thể hiện rõ ở cái sân si thời gian quen nhau của người ta. giống như có thằng bạn kể hôm qua tao mới mua cái xe. tự nhiên bạn thuật lại là ""thằng bạn nó khoe mua cái xe"". thấy gato ko )",0,1
2466,Đừng bao giờ đánh giá thấp sự khốn nạn và đốn mạt của con người,0,1
2467,"Vấn đề đó ai cũng biết, có điều BLĐ nó đéo mua.",0,1
2468,"Còn 1 thằng nữa tưởng quên đến giờ thấy vẫn chưa ra tay là thằng hawking,thằng này đang âm mưu cái gì nữa",0,1
2469,"bán miếng đất mua được 10 cái ô tô, việc dell gì phải nai lưng ra mà làm",0,1
2470,"Sao mỗi lần nghe mấy đứa nói hai từ ""Lan tỏa"" với ""Hoan hỉ"" là t thấy lừa cmn đảo r nhỉ. Thấy ác cảm với 2 từ này quá.",0,1
2471,"Ngại đéo gì làm việc cho bạn, nếu nó giỏi hơn thì làm cho nó học hỏi tiến bộ có gì là không tốt.",0,1
2472,"tôi tưởng đó là quy trình làm việc ở xứ này chứ? trải nhựa láng o rồi sau sẽ có 1 đội đào lên, lấp lại nhưng đéo bao giờ lấp phẳng mà sẽ gồ lên 1 chút, ít lâu nữa lại có 1 đội khác tới đào 1 lần nữa, cũng lấp lại và lần này lõm hơn 1 chút",0,1
2473,"Sáng tỏ quá, khóa mẹ fb luôn",0,1
2474,"thà nói là ""có thế lực nào đó lợi dụng lúc ko người để chỉnh sửa nhằm phá hoại, pla pla..."" chứ bảo ""bị chạm"" thì coi thường dân trí quá",0,0
2475,) cái nhà 2 tầng 1 tum thế kia ở thành phố xây còn chả hết nổi 1 tỏi chứ đừng nói ở quê 1 tỏi 3 về quê xây nó hoành tránh vãi nồi rồi,0,0
2476,"Lo trả nợ công + lạm phát bỏ moe ra, hơi đâu quan tâm mấy cái vớ vẩn.",0,1
2477,"chính xác rồi, chứ nghe lời vozer thuê giang hồ xử hay bảo con thủ dao thì bản thân từ ""bị hại"" thành ""bị cáo"" ngay ))",0,0
2478,"dân việt vốn không màng chính trị quá nhiều, không cực đoan văn hoá, bọn f3 bên mỹ toàn nói lơ lớ chứ không viết chữ được, 50 năm nữa bọn nó nhận người mỹ gốc á chứ chả biết việt là cái gì , mỹ khỏi lo dân gốc việt làm gián điệp lại còn trộm công nghệ giúp quán cơm , chết cười",0,1
2479,Bọn đấy nó có cả 1 ekip to như 1 công ty làm chung nhau đấy chứ có phải 1 thằng làm cả đâu mà đòi ăn tất fen.,0,0
2480,"có, éo ai công chứng cái cavet đó nữa, tốt nhất là nên làm lại",0,1
2481,"oh, truyện có thật hả, do m đen thôi chứ nhà t đéo thế, bố t ốm đau mà dc mẹ t chăm sóc tốt vl, t sau này cũng chỉ mong cưới dc vợ dc như 1/2 mẹ t, cảm thấy hạnh phúc vl so với đầy thằng trong xh này",0,0
2482,Thớt điểm đen bánh mỳ mấy ông ý bàn cđg mệt mỏi lạc đề vl luôn Ib riêng mà cãi nhau chứ,0,1
2483,Cái loại đi du lịch ngày lễ là phài biét cái j cũng phải chờ. Cái loại ăn quỵt bất nhân bất nghĩa thì có j để nói.,0,1
2484,Nếu vậy thì thằng ngân hàng lớn t2 nó méo phá sản rồi.,0,1
2485,"93 biết éo nào dc, lúc đấy đang mặc quần thủng đít",0,1
2486,"Đi đâu cũng gặp đám troll ghẻ này thật. Thà được ""mức trung bình 140 củ"" như báo chí tung hô còn tạm. Mà ở cái xã hội như vn thì tháng save 30-40 triệu thì chả có gì cả, chỉ thấy ng ta khoe chức này nọ, quan hệ này kia, nhà đất mấy căn thôi.",0,1
2487,Xe 32 chỗ làm đéo gì có góc khuất,0,1
2488,Anh bạn đéo có like page nào nước ngoài à. Trong thread tôi có nói chữ nào liên quan đến friend à,0,1
2489,Đất quê giờ cũng x2 x3 mà quê thì bài muôn thủa người đẻ đất không đẻ có đúng đâu mà sao vẫn cao thế nhỉ,0,0
2490,"Họa từ mồm mà vào, họa từ mồm mà ra.",0,0
2491,gỗ óc chó không có giá 32tr đâu phen,0,0
2492,Nó đi kệ mẹ nó. Liên quan gì đến tôi,0,1
2493,"Tiền nó đổ vào quân sự quá nhiều thì nó làm trùm cũng phải thôi, lợi thế quá lớn sau cttg2 mà. Nhìn ngân sách nó nuôi quân thì thằng số 2 cũng té đái",0,1
2494,Mày đang nói đúng xã hội Mỹ đấy. Lên bài chửi giùm tao.,0,1
2495,"Đc hm mưa gió lại thay dây da, dở vl",0,1
2496,"Này giống như anh nhìn vào chiếc siêu xe đang rao bán nào đó thấy xấu vãi chó và kêu ""tao có 20 tỉ cũng đếch mua"" còn thằng chủ xe lại bảo ""xe này tao nhập đã 20 tỉ lận"". Nói chung là tiền ai nấy xài, giá ai nấy giữ chứ chốt lại đếch ai ưng ai. Chả hớ gì vì đó (rất có thể) là sự thật.",0,1
2497,36 thôi. 37 38 liên quan mẹ gì mà các ông lôi vào,0,1
2498,"đất này éo phải hoang nhé, nên ngay cái đầu tiên mày nói đã đủ rồi.",0,1
2499,"Cách thổi giá đất của bọn cò, nhà thằng thớt được giá 50 tỷ thì bán luôn chứ còn chờ đợi gì nữa",0,0
2500,tưởng bọn Nhật này lành tính lắm,0,0
2501,"chuẩn cmnr, vào cửa hàng tiện lợi, thiếu đéo gì.",0,1
2502,Nhưng phải công nhận tuyệt đối 1 điều là thực phẩm của bọn nó rất sạch. VN muốn làm như vậy còn ko đc thì chê nó kiểu dell gì đc,0,1
2503,Chốt nộp éo gì mà sớm thế,0,1
2504,Ngày nào chẳng có. Mày xàm quá thớt.,0,1
2505,Đọc cmt hài đ' chịu được,0,1
2506,Mua về cho an toàn chứ có đi thi thơig trang éo đâu mà cứ phải nghe miệng lưỡi thiên hạ,0,1
2507,"tình yêu đẹp là tình yêu đéo tính toán thế mày nhé, văn vở làm cái gì",0,1
2508,"sao lại nhiều đứa bảo gái miền tây nó bào hết chán chê rồi ko còn gì nó bỏ đi, để con cho chồng nuôi, thành ra nhiều đứa tên kiểu ""trường hận"", ""tình hận""....bla bla.. thế cái nào đúng",0,2
2509,"bọn nó tự hào gì đó là quyền cá nhân của bọn nó sai là ở bọn vô duyên vào nhà nó chửi rủa,để nó chửi lại và lôi kéo người khác vào chửi,lại sai đừng có hỏi tại sao ở vn có series chết nhảm,do cái thói nhiều chuyện và xéo xắt không chừa thứ gì",0,1
2510,Đợi vụ bầu bán xong thì lại lôi ra ấy mà. Mọi chính sách Biden vs Tàu mở mồm ra là bị bash ... chấp cả lưỡng viện ... khoai.,0,0
2511,"Nếu ko có đóng góp gì có ích cho xã hội thì tự hào chỗ nào? Các anh tự hào vì là 1 thành viên của 1 diễn đàn mà hầu hết tg các a la liếm chửi nhau ở F17 và F33? Và đặc biệt ghét bọn vozer fb, mở cái mồm ra là xin card, rồi thì “làm gì có thằng anh/em ở đây”, bảo là truyền thống voz? Đh kiểu gì",0,2
2512,Thằng dân nước nào chả thế,0,0
2513,"Nước nào chả có chủ đề cấm. Showbitch mĩ mà ngược dòng về đen quyền, về nữ quyền, về metoo, cũng ăn đầu bùi ăn shit. Thậm chí về chính trị mà bênh vực Trump chúng nó cũng đì cho éo ngóc đầu lên được.",0,1
2514,Đ hiểu kiểu gì luôn ạ.,0,1
2515,"Vụ này Vozer phán tội giết người nên tôi dự luôn là giảng hòa rồi ai về nhà nấy. Giống vụ chó quyền. Còn đéo có thằng nào bị bắt nạt mà đeo tay gấu cả. Thậm chí thằng bắt nạt tôi còn chưa thấy đeo tay gấu bao giờ, dù khu tôi cấp 2 nó vác mã tấu rượt nhau như ngóe.",0,1
2516,"Cảm ơn thím thăm hỏi, tôi ổn. Cơ mà vụ đó không phải tôi nhé. Không phải cái gì cũng đem định luật ""thằng bạn"" áp vào được đâu nha thím. Mình là con người chứ không phải con bò mà ợ lên nhai lại mãi thế.",0,0
2517,"Ngứa ""điên dại"" khi nổi ban sốt xuất huyết phải làm sao?",0,0
2518,"Bọn này quá lạm dụng quyền lực, có dấu hiệu ngồi trên pháp luật VN, ""gây hoang mang dư luận""",0,0
2519,2 thằng này nó cân cả băng mấy chục thằng nên chết thì phải nhảm chứ bt thì cỡ gì ăn được nó,0,0
2520,"Ở mình các trường làm éo gì có mặt bằng mà tổ chức chơi bời thể thao như bọn Nhật. Thành phố đất chật người đông, thôn quê thì éo có tiền đầu tư cơ sở vật chất. Giờ mấy trường tư, nó đầu tư đủ hết, mỗi tội tiền học cao thôi. Ở Việt Nam thì giờ thể dục quanh quẩn cầu lông, đá cầu, chạy, bóng bàn... là hết vị. Muốn nâng cấp thể thao học đường như Nhật thì còn xa. Nó top 1 Châu Á rồi, so làm cái gì. Nhìn gần thì ngó ngay sang thằng Thái ở Đna thôi thì mình cũng thua xa rồi.",0,1
2521,vậy thì khác gì bọn tư bản vô cảm đâu,0,0
2522,"Móa, đang thèm con này. Các anh cấm thì sao nhập về.",0,1
2523,"Nói lại bảo kỳ thị chứ mấy anh chị xe rác + công nhân vệ sinh ra đường mặt cứ vênh ngược lên. Từ cái xe rác đẩy đã bố láo rồi chứ đừng nói cái xe to này, đéo cần biết đường tắc thế nào cứ thế đẩy xe đi ngược chiều, tôi chửi cho mấy lần rồi.",0,1
2524,"Nhìn trc tương lai cc gì, nó chỉ cần ngồi 1 chỗ và quan sát xem ai bất cẩn là nó vồ thôi, cần gì phải biết tương lai ku. Ăn trộm ăn cướp thì chủ yếu biết mở mắt quan sát con mồi là chính chứ cần gì phải biết xem bói. Còn bẻ khóa smartkey á, còn khuya nhé. Biết nguyên lý của nó là gì không mà gáy to vậy bạn trẻ?",0,1
2525,"3 năm nay xin tăng giá điện bộ tài chính nói ""đéo"". Giờ cứ nhìn giá nguyên liệu đầu vào so với những năm trước là rõ. Cái này bao nhiêu bài vozer phân tích chửi nhau chán chê rồi. Giờ có thằng nào đầu tư cả tỷ đô vào xây dựng nhà máy và hệ thống truyền tải xong bắt nó bán giá như hiện tại không ? Mà tư nhân nhìn như thằng xăng dầu đấy, nó ko có lãi nó ko sản xuất nữa thì có xách can sang tỉnh khác mua điện đc ko",0,1
2526,"vãi l còn cãi nhau vụ này à các a vẫn nghĩ con bé nó nói 21 trang là để khoe lấy le à , lấy le với ai cơ",0,1
2527,"Ý bạn là kẻ trộm chính là 3 kẻ có mặt tại đây,hóng thằng nhóc 4 mắt vào phá án",0,0
2528,Thằng nào cũng tự giác tự lo đc như này thì nó thành XHCN rồi,0,0
2529,"nckh có cc gì to , tiếng anh tới đâu , kinh nghiệm biết làm được cái gì 10tr là 1 con số khá ổn cho 1 thằng mới ra trường , nó trả 6-8tr thì phắn mày tự tin kiến thức tốt thì cứ vô thể hiện 6 tháng rồi review lại lương chứ có gì căng",0,1
2530,tôi chưa thấy thằng cha nào mà nghĩ là đánh bạc mà có,0,0
2531,"Sản phẩm không đủ giấy tờ thì tụi cộng đồng mạng phải ""báo công an"" chứ ""bốc phốt"" thì được cái gì.",0,0
2532,"Anh càng nói càng thấy anh đếch biết mẹ gì, quỹ đất thành phố thì càng ngày càng chật hẹp, giả sử chung cư xuống cấp ko ở đc thì nhà nước cũng thu hồi làm việc khác, chứ tự nhiên để 1 công trình xuống cấp chình ình ở nội thành thành phố thế à anh? Anh thử tìm xem có công trình nào như thế hiện nay ko nhé.",0,1
2533,"Trước có cái ảnh chụp chó ở với trẻ con trong nhà bên Tây. Mình bảo bẩn quá, con chó nó liếm đứa bé. 1 cậu bảo chó Tây nó sạch sẽ, ăn chung kẹo với người chẳng sao cả. Mình bảo 1 thằng người lè lưỡi liếm tôi tôi còn muốn đấm, đấy là nó đánh răng hàng ngày, nữa là mấy con chó. Cu cậu im luôn. Có những thanh niên cuồng chó đến quái dị.",0,0
2534,So sánh khập khiễng vl,0,1
2535,"Treo đầu dê bán thịt chó rồi, không thấy cái mặt mộc nào cả",0,0
2536,"SAIDI, SAIFI là chỉ số chấm hiệu quả của lũ bán lẻ điện đó anh tập đoàn năm nào chả lôi cái này ra mà nã đầu 5 tổng công ty. Nhiều thằng không biết chứ mấy chỉ số này của VN toàn top 2,3 ĐNA. Nói về phát triển điện thì VN chả thua thằng mẹ nào ĐNA",0,1
2537,"30 tuổi mà thành đạt phong độ thì đéo cần cưa, gái nó cực kỳ thích kể cả con non 18 hay con già 30",0,1
2538,Thế mà tao thấy fb nhiều thằng sinh viên đại học năm 2 năm 3 đặt avatar voz và tự nhận mình là 1 vozer bằng cách làm toán ngu đấy,0,2
2539,"nhiều khi đéo phải do nhà nước, như ngõ nhà tôi ngày xưa xe hút bể phốt vào tận cuối ngõ, giờ các nhà xây lấn mẹ hết, 2 xe máy tránh nhau còn vướng",0,1
2540,"ở kim mã mà rẻ vậy, chỗ t vùng xa nó chém 50 củ/ tầng kìa, mốt giải tỏa chính bọn chó đó sẽ vác xe đến xúc",0,1
2541,Thằng này suốt ngày post mấy bài xàm,0,1
2542,Động vật máu lạnh nó cũng không làm vậy đâu,0,0
2543,"Thì đến tên cái thằng mắt hí đấy cũng ko biết mà dám phán ""chả thấy ai hay hơn"" Ko xem thì chẳng chả thấy ai hay hơn là đúng rồi",0,1
2544,"Cái này thằng bố con mẹ phải đấm ngực tự trách mình trước tiên. Chắc chúng nó nghĩ theo kiểu ""trẻ con mâu thuẫn vặt vãnh ấy mà không có gì đâu"". Đứa trẻ bị bắt nạt đã đành, cái chính là nó không tìm được một người lớn nào hiểu và thông cảm được cho những gì nó đang trải qua, cái đó mới là giọt nước tràn ly đẩy nó tới tự sát.",0,0
2545,"Đù mé, như trúng sổ số nhỉ. 100 tỷ là lớn lắm, thường hãng nó deal thẳng với nhà sản xuất, chứ nó đéo mua ngoài đâu",0,1
2546,Muốn thành nước dịch vụ hay trung tâm tài chính thì phải thành nước CN trước đã. Trừ 1 số thằng có vị trí đặc biệt và dân số ít như Sing,0,0
2547,"Chỉ có mỗi mũi khoan rút lõi là lâu, cùng lắm tiếng khoan tầm 15p chứ bao nhiêu. Hàng xóm với nhau sân si làm cái gì. Biết đâu đến 1 ngày nhà ông cháy hoặc có sự cố gì lúc ấy mới biết hàng xóm nó quan trọng như nào. Sống mở lòng tí tội đéo gì phải lom lom cho đau đầu.",0,1
2548,"cấp 3 ông thầy cho ngồi tự do, nên bọn anti nhậu bọn tôi ngồi 1 tổ, bọn kia họp lớp nếu mời được thầy thì bọn t còn tới quán ngồi với bọn nghiện cồn 1 lon chứ ko mời được thì dẹp dell thèm gặp",0,1
2549,Tôi xem thấy bọn cầu thủ lố đà tông vô cũng thấy ghê ghê ... Éo ghê cho bảng quản cáo mà ghê cho giò bọn cầu thủ,0,1
2550,"Con gái nó nhắn thế là ok rồi, có éo gì mà lằng nhằng ?!",0,1
2551,"Chủ yếu là mấy thằng Anh nó giàu, thằng nào cũng đút túi cả trăm củ thì nó lại chả chê tiền",0,0
2552,"Giá như nó có thời gian luyện võ thì đã không nói. Đằng này con nít con nôi mới lớp 1 về mà còn phải tập viết ba cái kiểu chữ không giống ai, ở nước ngoài người ta bỏ hết từ lâu cmnr. Ý kiến thì lại bảo ""nét chữ nết người"". Nết người đâu không thấy, thấy mấy thằng viết chữ uốn lượn trong lớp toàn thành phần lươn lẹo, lo viết chữ riết viết bài méo kịp phải chừa dòng, giờ ra chơi người ta lo ôn bài, lo đi chơi, ăn vặt... thì nó lại đem tập ra chép phần còn thiếu.",0,1
2553,"Bọn gái đó nó còn sợ lộ hình ảnh là sao nhỉ, hay thằng kia quen biết ng nhà mấy con đó!",0,0
2554,"Mấy bữa trước thấy có cái clip thực hành toán trí tuệ gì đó, tôi không biết là nó có ""trí tuệ"" thật không hay dạy bọn trẻ làm như con vẹt. Rồi nếu ""trí tuệ"" thật thì có rèn tư duy hay áp dụng sang bộ môn khác được không, hay chỉ dùng tính nhanh mấy cái cộng trừ để lòe thiên hạ",0,0
2555,"Hồi sinh thằng con trai muốn đặt tên cho nó là Trác trong ""ngọc bất trác bất thành khí"" mà bà xã không cho, kêu là trác táng với tổ trác chứ đẹp đẽ gì đâu",0,0
2556,"đúng ra là ""nhà giàu đứt tay bằng ăn mày đổ ruột"" = nhà giàu thì chuyện nhỏ xíu cũng thành to như nhà nghèo bị mất mạng vậy",0,0
2557,Tụt hậu =]] ngoài cái self-driving đang húc tan tác khắp nơi ra thì thằng nhật cái éo gì cũng có để sản xuất xe điện nhé ! À quên xe điện rồi hydro lỏng đang phi đầy đường luôn ! Cả châu âu cộng lại chắc éo gì nhiều xe điện bằng nhật,0,1
2558,"Ae nên nhớ là chủ thớt đi ăn cùng bà chị đang mang bầu. Đụng tay chân rồi nhỡ bà chị bị làm sao thì thằng thớt hối hận cả đời. Thớt nhịn vậy là chuẩn rồi, bực tí 1 2 hôm là hết, kệ mẹ chó sủa, miễn gia đình mình an toàn là được rồi. Mình ko sút được con chó thì sau này xã hội sẽ có người sút hộ mình.",0,1
2559,"thím đang nói app à, cái đó hỏi thằng code chứ voz làm lol gì có app chính chủ",0,1
2560,"Công nhận từ hồi có nghị định 100 đọc thần chú: ""tí nữa cháu/ tôi lái xe ô tô nên ko uống được"" là đéo ai dám ép luôn. Thậm chí mình còn chưa mở miệng xung quanh đã nói đỡ cho Xưa sinh viên còn ham hố chén chú chén anh giờ chỉ muốn ở nhà cào phím xong đi ngủ cho khỏe. Uống vào mệt người mà hôm sau người cứ lag lag mệt vl",0,1
2561,Dân vn phải biết ơn tuổi trẩu. Nhờ tuổi trẩu mới vạch cái mặt thằng gian thương tam,0,2
2562,"Cứ thế này thì ai dám đi du lịch bụi hay đi du lịch tự túc nữa nhỉ. Cũng vì cái bọn này mà đường xá bây giờ nguy hiểm hơn. Những người họ chỉ có điều kiện đi du lịch kinh phí thấp, những người dân sống ở quanh khu vực du lịch nào đấy vô hình chung bị nguy hiểm bởi cái đám này. Trước giờ đầy vụ mấy đứa phịch thủ này gây tai nạn, phốt phiết tùm lum rồi chuyện vẫn lắng xuống, và tụi nó lại tiếp tục phượt, lớp sau lại ""học tập theo đàn anh"" gây tai nạn cho người khác rồi bỏ trốn. Luật lệ rồi riết cũng thấy hài hài.",0,2
2563,Ai là bọn khát máu nhất TG cơ,0,1
2564,"Các nhóm ngành nghệ dẹo đầu tiên 1. Dịch vụ may mặc, thời trang, ầm này đéo có ai có hào hứng mua đồ cao cấp luôn chứ ko phải là gì 2. Du lịch giải trí, tầm này dân chèo thúng chắc ngồi xem Trường giang cả ngày 3. Nha sĩ (bạn tao, đã khóc lóc xin tao dạy code để remote, làm nha sĩ đéo remote được)",0,1
2565,"Sao a cứ phải nặng nề, thằng nào chả phải xuất khẩu culi thậm chí xuất khẩu lính đánh thuê. Vài chục năm sau về nc với kinh nghiệm vẫn ngon hơn ăn bám báo xh",0,1
2566,"tôi biết vài đứa 12 năm hsg, có giải tỉnh, giải qg luôn sau khi lên đh nó kiểu đc xổ lồng ấy ăn chơi éo thiếu thứ gì trên đời, trước quen con nyc, nhà cũng bình thường nhưng bị khuôn phép quá, học giỏi 12 năm liền, thế mà lên dh cái mất đời con gái cho 1 thằng khố rách công nhân ở trọ nó kể bảo hồi đó đếu biết sao lại thế",0,1
2567,"bệnh nhẹ không chữa, bọn tây lông này chủ quan nhỉ",0,2
2568,"Thực sự thì “đám” làm IT nó đéo rảnh lập topic nhảm lo lắng về tương lai vậy đâu các con giời. Trong lúc các con giời F17 mỉa mai, bơm chọc, lo lắng giùm cho tương lai của đám IT, thì IT đang chỉ nhau học, sửa CV và giới thiệu việc làm cho nhau.",0,1
2569,"Ý nó nói 2 thằng Vịt với Dúi là nước mạnh về bóng đá mà lại chơi hèn vậy, cố tình dàn xếp tỉ số để loại nó.",0,1
2570,"Fen chưa nghe câu gừng càng già càng cay à, với lại họp lớp 30 năm chắc j đã 50-60 ngta 30-40 thì sao fen chưa kể h.ồ.i x.u.â.n",0,0
2571,"lão này thạc sĩ kinh tế thì phải,thuộc loại cầu thủ học giỏi nên biết kinh doanh,lúc còn ở anh mở mấy cái nhà hàng kinh doanh phát đạt.Sau ko còn ở anh bán mấy cái ở anh,về thụy sĩ mở nhà hàng cho vợ kinh doanh tiếp.Ở nhà vợ nuôi nên ""thất nghiệp"" mà vẫn béo tốt thế kia đấy,lão này nhìn mặt hiền hiền chắc cũng dạng an phận,thấy làm hlv éo nổi,lại đã đạt được đỉnh cao (cup C1) rồi nên éo làm nữa.",0,1
2572,"""Chế xăng"" này là ""đổ xăng"" chứ không phải là ""chế tạo xăng"", không rõ từ ""Chế "" này là tiếng vùng nào vậy.",0,0
2573,"quê minh lắm vụ vl, hàng xóm báo 2 tỷ, thằng bạn thân báo hơn 6 tỷ, to quá nhà éo cứu đc c bị trốn",0,1
2574,Tôi và cơ số anh em ở đây quan tâm con này đéo phải vì mức 2.2l/100km đâu bác.,0,1
2575,"Đó là mấy thằng kt, làm tư vấn, qlda, ...hay sếp thì trời mưa hay nắng vẫn ngồi vp Số chuyên ngành xd trong trường như bk chắc nhiều nhất cmnr,và cùng 1 lớp thằng khá giỏi làm vị trí khác thằng dốt",0,1
2576,"dăm ba cái thứ hoa hòe vớ vẩn, nhìn sức mạnh của khoa học tiến bộ này",0,0
2577,Chắc nguyên cái xã quê t đéo có người nghèo rồi,0,1
2578,"2 bên cũng ""ní nuận"" như nhau Đúng sai tại lòng, Làm việc không quan tâm giảo biện",0,0
2579,"Kô những vậy thày còn là ác mộng cho hề hói, hề hói từ một ""đại đế"" nay thành hói hèn mạt. Thày làm nước Mỹ lội ngược dòng khi tăng trưởng trong khi thế giới dự đoán suy thoái. Với những gì thày thể hiện ở EU và Tàu. Thế giới thời điểm này ai dám ho hắng với nước Mỹ. Thời thày 7 thì xuất khẩu Việt Nam sang Mỹ đạt kỉ lục hơn 90tỉ đô, chiếm hơn 1/3 GDP Việt Nam. Mãi yêu thày 7 !",0,1
2580,"Mấy tên nhìn trộm tương lai này TVA biết nhưng làm ngơ; Mục đích= tạo sự đa dạng trong dòng thời gian; Ở chú phỉnh bất cứ nước nào cũng có đội nhìn trước tương lai để báo cáo cho lãnh đạo. Cứ truyện nào có ""Đại sư huynh phản bội"" là ám chỉ vụ Big bang.",0,0
2581,Một mũi tên trúng 2 con nhạn,0,0
2582,"""tuyết trung hãn đao hành",0,0
2583,"Có chê cảnh đéo đâu, chê 1 là dao sắc quá, 2 là toàn mấy ông lãnh đạo đổ bê tông vào cảnh du lịch. Anh đi tour 4 đảo thì mấy đảo kia nó còn hoang sơ đẹp là đúng. Chứ có ai chê cảnh Phú Quốc đéo đâu anh? Tôi thì đi PQ hơn 10 năm trước nên không bàn, nhưng hỏi mấy bạn hàng người thân đi PQ xong 1 lần đều phán 0 bao giờ đi lại này",0,1
2584,"Giờ tiền đâu mà cứu? Bác nghĩ cứu kiểu gì? Cứu ngân hàng thì còn có thể chứ mấy thằng đầu tư vừa trở lại tôi thấy chết chắc. Giờ 1 là quăng tiền ra vô tội vạ hoặc nhà nghỉ vay nợ, cắt giảm chỗ khác đắp vào thì hoặc là lạm phát hoặc là trả dần thôi. Đường đéo nào vật giá nó cũng lên thôi.",0,1
2585,"Thời đó bản quyền như hạch nên mấy bài kiểu ""mượn"" này không bị tế",0,1
2586,Tin thg pe de Hữu Đức thì xong Park rồi,0,2
2587,Đéo bao giờ động vào máy in vì đéo phải công việc của mình,0,1
2588,Đọc 1 bài báo mà kêu nước Nhật xuống hố thì ko hiểu tư duy logic gì. Nó vẫn là anh cả châu Á đấy,0,0
2589,"Thôi! Civilization chơi lâu lắm! Lần éo nào chơi cũng 1 lèo 15-16 tiếng, éo dứt ra được",0,1
2590,"À mà bây giờ cái đạo gì ấy có còn tin là bệnh tật là ""do trời đày"" nữa không. Nói thẳng ra đi để cho mình biết luôn đi nào",0,0
2591,"Chụp ảnh quay video lại mà báo cáo với ban quản lý. Thời buổi nào mà còn hành xử như sau lũy tre làng, đánh trộm con chó con gà của nhau thế.",0,0
2592,"Rồi nói như anh mấy mẫu xe chỉ đc bán ở nước ngoài, ko bán tại VN, người ta qua nước ngoài đặt xe đem về Vn chạy cũng là ăn cắp à? Tư duy khôn hết phần thiên hạ.",0,1
2593,"bà mẹ tóc bác phơ, tội nghiệp bà có thằng con trộm chó...",0,1
2594,Đồng cảm. Kêu nhiều vl mà không để ý thằng chồng đang stress,0,1
2595,Bọn nhà báo nhiều đứa vẫn thích kiểu giật tít câu view mà. Có quan trọng tác hại định hướng dư luận đâu.,0,1
2596,Giả cầy hay giả cọp gì thì cũng là bỏ tiền chính thức ra mua chứ chẳng đi ăn cắp của ai.,0,0
2597,Thớt này là để mấy thým cập nhật tin tức bầu cử như này này. 1 Ưng cho thým,0,0
2598,"Nhà m xây kiểu gì mới vậy, chứ xây đúng chuẩn thì cái bể tự hoại cả đời nó đéo đầy được, phân nó phân hủy ra trôi theo nước hết, hay nhà anh ăn toàn cát sỏi nên nó lấp đầy bể, chứ cái gì rã ra được là nó chảy tuốt ra ngoài hết",0,1
2599,Có một điều mà bọn tự nhục không biết đc là: Việt Nam là 1 trong số ít quốc gia lọt top 200 quốc gia có nền giáo dục tốt nhất thế giới,0,2
2600,"thuế là đóng cho nhà nước, bọn bán xe sao can thiệp được",0,1
2601,"Mấy thằng nước ngoài, thằng nào mới qua cũng lạ thế này thế kia, 2 tháng sau là bị đồng hóa hết. Mấy bố Nhật qua VN mặc vest được mỗi tháng đầu, qua tháng thứ 2 là thành Việt-Nhật luôn. Quần jean áo phông nó chả sướng vcl ra. Có cha mặc luôn cái quần cộc.",0,1
2602,Giống chỗ đéo nào thế,0,1
2603,Tao đéo chửi cầu thủ Gia Lai,0,1
2604,Trời mưa chó chạy vào nhà Mấy thằng xây dựng lao ra công trường,0,1
2605,"trc có thằng trên fb kêu mình vô làm cái này, 1 tháng hình như chỉ dc nghỉ 3 ngày thôi thím, khác đéo gì OT mà k đc trả phụ cấp thực ra mức lương nó trả cao hơn mặt bằng chung bên vn là nó đã tính cái chuyện đấy rồi. mà thím biết code mà liên tục như vậy chắc điên ng đó em thấy vậy nên k đi mặc dù lương cao hơn bên đây thiệt",0,1
2606,vậy thông tư 32 mục này dùng làm cm gì?,0,0
2607,"biết đâu nhắc khéo ""thằng Mân sắp vào top 4 r đấy, muốn đá nó ra thì liệu liệu mà nhả t như hồi thằng Ge ra năm 2010 ấy""",0,1
2608,Sao nó không học B1 mà học B2 làm cái méo gì.,0,1
2609,Mua 1 200 tr thằng nào cũng bắt gọi video cả. Vì thằng nào cũng sợ tiền bẩn,0,1
2610,"Cứ do^~ xo^ den^' sg,hanoi mà lập nghiệp, bảo sao không traffic jam? Khoi' thai~ từ xe 2 bánh !!! Xã rác lung tung! Bụi mịn, combo quá da~!",0,1
2611,"Đến cái phố cổ hiện nay dọn còn ko dc...ở Hà Nội Ông Hải dọn không xong cái lấn chiếm lề đường ở SG về quê dưỡng già.. Những cái nhỏ thôi cho thấy sức ỳ của dân VN lớn đến mức nào... hô hào, so sánh XH này XH kia thì dễ, chửi những cái vô lý trong XH thì nhanh... NHƯNG khi đụng đến quyền lợi bản thân phải hi sinh cho số đông, cho XH tương lai tốt đẹp hơn thì dân VIỆT sẽ vì lợi ích cá nhân, mặc kệ bố con thằng nào khác...nói KHÔNG và phản kháng rất mạnh mẽ...",0,2
2612,"Hê hê hê Các anh nào làm nhà nước thì đều học được văn nói lòng vòng ""biện chứng"" ""thống nhất giữa các mặt đối lập"" và thách thức. Ví dụ như: ""nghỉ đi"", ""phá sản đi"", ""rút giấy phép đi"" Âu cũng là môi trường tạo nên con người. Anh em đừng lấy làm lạ.",0,1
2613,khổ nỗi bọn đấy lại đông vl,0,1
2614,"con trâu trong tiếng tàu nhật nó là ""thủy ngưu"" thì ngưu là con trâu cũng có vấn đề gì đâu chưa kể cái chữ hán lều dẫn ra phiên âm là ""cổ"", không phải ngưu",0,1
2615,"60 70 trang như luận án đ ai đọc , dân chỉ quan tâm đến tiền",0,1
2616,thầy bà kiểu gì lại dạy hư mấy thằng học trò thế này,0,1
2617,2 thằng sụp ts của nó bằng big4 VN cộng lại. Kiếm ai thằng đủ khả năng để nuốt 2 thằng này cũng khó,0,1
2618,"chửi tục nhưng có chửi chính quyền hay nhà nước éo đâu, như kiểu nói chuyện hằng ngày thôi, ko thấy tụi bên nước ngoài nó chửi ****,... ầm ầm đấy à, quan trọng là không vi phạm mấy cái nguyên tắc của youtube là đc.",0,1
2619,"Mèo là lũ vô ơn, nuôi nó cho ăn chăm sóc đã đời mà nó hung dữ, đụng vào là cáo cấu rồi sửng cồ lên, có cơ hội là bỏ nhà trốn đi. Chó thì khôn và trung thành nhưng éo biết nó sẽ lên cơn cắn người khi nào. Tóm lại ko nuôi con gì cho lành.",0,1
2620,"Nhiều anh cứ bảo cái này lỗi chứ tôi thấy cái thời PK chiến tranh loạn lạc, liên lạc thì yếu kém lạc hậu thì việc cách nhau vài chục năm không biết là bình thường. Giống như trong AHXD, cái đám cao thủ dưới ngũ tuyệt và đám sư phụ thằng Tĩnh có biết 9ACK là cái mẹ gì đâu, dù rằng cách đấy 20 năm cao thủ trên giang hồ còn đâm chém nhau vì nó Đến cái nguồn gốc của 9A phải tới tận giữa truyện thằng Tĩnh mới biết nhờ CBT kể cho",0,1
2621,"Chó là 1 dạng tài sản cá nhân dưới pháp luật. Nó không cắn nhưng bị đem tiêu hủy oan thì chủ có quyền kiện, giống người ta đem xe hơi anh đi đốt đấy. Tiền mua chó, tiền nuôi ăn bao nhiêu năm, bác sĩ, nha sĩ,... phải đền cho chủ.",0,0
2622,"EB3 nghe đồn VN lừa đảo bên đấy nhiều lắm. Như kiểu thằng chủ nắm đằng cán vậy nó đuổi bạn là coi như mất, hoặc phá sản cty lập cty khác... Hóng a nào kể xem thủ đoạn đám EB3 này ntn. Thớt có đường dây bảo đảm thì nên đi.",0,1
2623,sinh viên hàn quốc nhật bản toàn bọn ăn tập đang hoàng đấy bác nhiều thằng chờ lên đá K J . xem cái cơ sở vật chất 1 trường đại học nó còn hơn 1 clb VL đấy ..,0,1
2624,"Khi nào nó còn đứng ở vị thế siêu cường, top 3 server, USD vẫn nắm vị thế đồng tiền dự trữ, chi phối nhiều nhất trg hoạt động thương mại toàn cầu thì éo thể vỡ nợ đc, chốt thế cho nó vuông nên thằng nào tin vào mấy tin vịt nói Mỹ vỡ nợ là không hiểu gì.",0,1
2625,"hán ngoài cái đông dân ra thì lấy gì so với la mã, mà la mã thời đỉnh cao thì dân số cũng chưa chắc thua thằng hán",0,1
2626,Hàng nóng bọn Mẽo cất trong kho chứ ngu gì show ra,0,1
2627,Quen 2 ông làm giám đốc doanh nghiệp ở QN.1 ông thì buôn cát 1 ông thì cho thuê xe cẩu ở cửa khẩu.tài sản cũng ngàn tỉ.gần 3 chục năm trước ông buộn cát còn đi chăn bò ông cho thuê xe cẩu còn làm giang hồ đi thu tiền bảo kê xe tải,0,1
2628,"đánh đổi này là đánh đổi ngu chứ khôn gì. cơ sở hạ tầng thì quá tải, đất ngoại thành còn bạt ngàn ko lấy mà phân lô bán nền vừa có tiền ngân sách vừa thu tiền sử dụng đất sau này. cố nhồi nhét vào nội đô là gì rồi sau này tốn 1 núi tiền giải quyết những vấn đề phát sinh",0,1
2629,Ôi bạn ơi .Cao su nhân tạo là FOAM đấy bạn ạ. Nằm hại sk cực kì ....Cứ cs tự nhiên mà chơi ...Đừng nghe bọn lừa đảo nói là cs non này kia nhá,0,1
2630,"bên nước ngoài nó còn cho vay tiền học đh , sau này ra trường thì trả dần , chứ đéo phải thằng nào ra đời cũng tự bơi được đâu",0,1
2631,"Tiền cũ hồi xưa chuyển một phần ra nước ngoài từ năm 1984 khi có tuyên bố HK sẽ được trả về rồi. Vì đám tư bản HK lúc đó làm sao biết chắc cẩu quốc có quốc hữu hoá truyền thông HK hay đánh tư sản HK hay không, ""thủ"" trước chắc cú.",0,1
2632,"Ông còn biết lướt voz thì đéo bị đâu, đừng lo nhé",0,1
2633,Ru~ dong^` nghiep^ di Cho co' ban,0,0
2634,"Thanks fen. Chắc mấy fen cũng biết cái tích câu chuyện “xỏ lá ba que”, “ba que xỏ lá” hay gọi tắt là “xỏ lá”, “ba que” nó chẳng liên quan gì đến chính trị mà chỉ là cách nói chỉ phường lừa đảo. Mà logo của adidas thì đúng là đuổi hình bắt chữ luôn. Ông kia nói người đàng hoàng đi hàng das nên thấy tức cười thôi.",0,0
2635,Đùa chứ các ông cứ hơi tý là xúc phạm loài chó. Nó có tội gì đâu,0,0
2636,"1 khi đã có thằng trong cty đó muốn làm thì đã tự liên hệ đến thằng này rồi, chả ai chê tiền cả.",0,1
2637,"1 là bán, giấy tờ mộc đỏ nhà nước đàng hoàng 2 là đéo",0,1
2638,"Thì tôi vừa nói rồi đây, cái chính tả nó liên quan đ gì đến thứ thằng thớt nói không.",0,1
2639,Gần như kim loại đéo nào chả ở dạng quặng,0,1
2640,"Thế nó mới tạo thành cái xã hội chứ,chứ ông nào cũng khôn như cz thì lấy ai để bị úp bô,thua lỗ",0,1
2641,"dù sao,văn hóa tàu nó cũng ảnh hưởng cả khu vực đông á rồi cha ơi! ngay cả tụi châu âu,mỹ còn nghiên cứu về sử tàu mà! chu du(ngô) chết sớm,rồi bàng thống,khổng minh(thục) cũng chết sớm,quách gia(ngụy) cũng chết sớm! cứ tưởng gian hùng Tào tháo sẽ thống nhất ai ngờ,tư mã ý(trọng đạt)+ vua nước Ngô mới là người th nhất,lập ra nhà Tấn!",0,0
2642,"Kệ mẹ họ thím ơi . Nam có nữ có, luôn có một tỷ lệ vô duyên ,khùng khùng mà. Tôi thấy chỗ tôi làm thì khoảng 20 người thì có 1 ông khùng khùng, 2 ông ba hoa bốc phét. Khoảng 2 ông nói nhiều, ăn rồi chõ mõm vào việc thiên hạ . Và khoảng 30 em thì có 1 em cũng khùng khùng, vô duyên cám lợn . Gặp họ cứ nhẹ nhàng tránh ra . Đừng giao du , không học được j ở họ đâu.",0,2
2643,2 thằng cha này reaction hài điên,0,0
2644,Vì 1 thằng to muốn giữ nó lại để làm vùng đệm với thằng to khác thôi,0,1
2645,"Đã đéo ai nợ ai thì việc vì thằng này, thằng kia đã từng làm thế này, thế kia, nên giờ Mbappe cũng phải làm… đéo phải là lý do. Nếu nó cảm thấy thích thì nó làm, còn nếu không thì cũng không có gì sai trái và đáng bị chỉ trích cả.",0,1
2646,"Tôi 1 phần vì mấy cái tệ nạn, rượu chè kia mà bỏ nghề đấy éo hiểu mấy ông thấy đi karaoke tay vịn có gì vui",0,1
2647,"Ai nói anh người 1m5 1m6 thì ko thể khỏe hơn người 1m7 1m8 vậy? Con người ngày càng yếu đi do chính mình đầu độc chính mình bởi các hóa chất tồn dư trong thức ăn thức uống & không khí khiến thế hệ này sang thế hệ nọ ngày càng bị thoái hóa về thể lực sơ sinh nhé. Chứng minh àh? Ngày xưa nhà nghèo người cày ruộng thay trâu bò, giờ thì mời anh anh ra cày thử 1 đường cho biết xem nổi ko?",0,1
2648,"Anh không quan tâm người ta nên bị đá là đúng cmnr, méo có gì để bao biện được. Tôi từng yêu 1 bé 3 năm, làm osin cho nó không thiếu thứ gì mà còn bị phũ nữa là",0,1
2649,Nhà thằng kia có tiền cho con đi du học thì cũng không phải dạng nghèo đâu,0,1
2650,"Cụ già cmnr đá back 3 lót thôi, chạy thế méo nào dc.",0,1
2651,"Thì chính phủ đang muốn đập những thằng chuyên sống bằng ""tiền đi vay"" ấy. Vào tầm ngắm như vậy, tài sản không bán được nhanh thì chết chắc rồi.",0,1
2652,"nhìn mấy cuộc chiến tranh gần đây cứ thằng nào hàng xịn,công nghệ cao là ăn,còn thằng thiếu đồ muốn cân bằng thì trả bằng máu,ừ thì thế cũng gọi là ""yếu tố con người""",0,1
2653,"Xe này cùi , bữa thấy thg kia cưỡi con xe gì 1 bánh to như mấy thg xiếc ấy . Chạy nhanh hơn xe máy.",0,1
2654,Ở đây có 2 loại người : loại đầu tiên là loại Khen vì thèm mà đéo được ăn. loại thứ 2 là loại chê vì thèm mà đéo được ăn.,0,1
2655,Đến nhật bổn còn xklđ qua úc làm culi kia mà,0,0
2656,"""Tỏ ra"" Tỏ ra giàu có => họ hàng kính trọng, nể phục, nhưng bố sinh tật. Cái này người ta hay gọi là phông bạt",0,0
2657,Nếu 2 con chưa đủ 18 thì người mẹ có thể tạm quyền (người đại diện) chứ làm méo gì có phần nào,0,1
2658,"HELP ME!!! Giúp Đỡ Thằng Xoilac11. org chết rồi, còn ai link 2 thằng bình luận này nữa ko mọi người.",0,0
2659,Ở quê sóng ảo vkl. Người đếu có nhu cầu mà cũng tỷ này tỷ kia sợ vl. Trẻ 10 đứa thì 7 8 đứa nó lên HN cmnr.,0,1
2660,63 tỷ mua chục miếng như vậy chỗ khác mà làm vườn tiếp chứ xoắn méo gì.,0,1
2661,Xưa sv tập phòng 150k 1 tháng. Ăn toàn cơm hộp vẫn to như con trâu. Dí buồi vào các thể loại whey,0,1
2662,tôi chỉ mong khoảng 10 - 20 năm nữa tầng lớp thượng lưu tri thức lên làm lãnh đạo bớt tham nhũng và xây dựng dẫn dắt đất nước đi lên thôi,0,0
2663,Thực ra bọn này cái gì cũng giỏi,0,0
2664,Trâu dê này mồm mép phết,0,0
2665,"""làm tốt lắm đại ca , cứ thế phát huy nhé, mấy thằng ranh con kia""",0,0
2666,Nhìn già đi Giọng quê vãi,0,0
2667,2 thằng này có tố chất vl,0,1
2668,"Hơn ở chỗ chịu chơi hơn nhưng yêu cầu cũng cao hơn. Đa số. Cách đây 10 năm đám 9x đời đầu-95 còn ảnh hưởng chút phong kiến của thế hệ trước, sang lứa 2k đã loại bỏ gần như hoàn toàn, nếu thích rồi nhích luôn đéo cần cử. Chừng 10 năm nữa thằng nào lôi vấn đề trinh tiết ra có thể bị xem là hâm/dở hơi.",0,1
2669,Người nó đẹp mặc cái éo gì cũng thấy đẹp,0,1
2670,vụ đấy vụ khác ở tiền giang đầu độc bà với bố nó facebook nó giật tít câu view rùi,0,0
2671,"đúng rồi, vì nó k biết câu thơ ở vn ""phân lô bán nền muôn đời thịnh, công nghiệp, sản xuất vạn kiếp suy""",0,0
2672,Đâu phải ai cũng ngu,0,1
2673,"Chuyện bình thường, bên Pháp nhà mày để đó không ở mà k khóa cửa cẩn thận, để 1 con mẹ đang nuôi con nhỏ nó phá khóa vào ở. Thì mày chỉ có đúng 1 tháng để thưa lên cảnh sát. Quá 1 tháng thì nhà mày vẫn là của mày nhưng con mẹ kia được ở hợp pháp. Và mày muốn đuổi ra thì chỉ có cách thương lượng thuê cho nó 1 chỗ đẹp tương đương ( thường là thuê 1 năm )",0,0
2674,"chửi tục mất dạy quá bạn ơi, người ta gọi là vô văn hóa đó bạn. xe Beijing X7 ngon thì nhiều người ủng hộ thôi, xe tàu tăng trưởng tận 480% cơ mà )",0,1
2675,"""Giống ngựa khiến đại hãn Mông Cổ phải thèm khát"" ""Hãy cho tôi 1 đội kị binh Đông Lào, tôi sẽ khiến cỏ không thể mọc nơi vó ngựa đi qua"" ""Đại hãn Mông Cổ tiếc nuối vì không có được giống ngựa Đông Lào""",0,0
2676,Thằng thớt từ văn phong đến cách ăn mặc nhìn phong trần vãi,0,1
2677,"các cụ điều phối còn uy lực hơn cả đám công an, cán bộ xã. ""Thằng con nhà xxxx, mày còn nghịch nữa tao về bảo bố mày quất đít""",0,0
2678,"Ngày xưa có thớt ""Cú đêm cú ngày"" gì đấy. Mà giờ chắc mod dẹp rồi kẻo các vozlit vào spam kinh quá",0,0
2679,"Tôi thấy có vài người bảo ""công an bắt đi làm"". Trong khi đó chỗ tôi ai làm thì làm, ai ko làm thì thôi, có tuyên truyền nhưng đéo thấy ép ai bao giờ, thậm chí công an còn đến nhà làm cho những người di chuyển khó khăn, vùng sâu vùng xa.",0,1
2680,"Lọt chỗ nào, 2 thằng này thủ khoa khi tính điểm tổng theo bộ gd thôi. Điểm bk nó tính khác, toán x2, những thằng vào dc còn giỏi hơn 2 thằng này",0,1
2681,Thời buổi nào rồi mà còn nói mồm thế,0,0
2682,Tao thấy mày nhìn đời bằng 1 màu đen. Tắt máy ra đường sống đi. Lên voz đọc ba cái tin tiêu cực xong nghĩ cái nước này toàn 1 màu đen.,0,1
2683,Sợ gì bọn vay nóng này chỉ mõm thôi,0,1
2684,"4 tầng xây tầm ~1 tỏi, hỏi chứ thớt khôn vcc",0,1
2685,"Ông biết cái luật đăng kiểm là ai ban hành ko? Là thằng giao thông đó. Rồi bên đăng kiểm là ai quản lý ko, cũng là thằng giao thông đó. Bởi vậy mới có chuyện bên công an đề xuất bỏ đăng kiểm lần đầu bao lâu nay nhưng bên giao thông nói éo.",0,1
2686,Phim càng ngày càng xàm.,0,0
2687,Nhà mặt tiền thì cho qua 1 bên đi .Tôi thấy nhà thằng chủ thớt này theo nó tả quá là tệ mà cho thuê được nên tôi mới hỏi.,0,0
2688,"Nói chung sướng khổ tùy cái tư tưởng mỗi người chứ ko thể gom chung ""đàn ông VN"", ""đàn ông SG"", ""đàn ông HN"", vì ở đâu cũng có người thơm người thối. Nhưng cái tôi thấy rõ hiện nay là đàn ông từ 9x trở về sau, đã có sự thay đổi và tiến bộ rõ rệt so với đàn ông các thế hệ trước:",0,0
2689,Vậy anh khôn thì phản biện đi. Tại sao xe 200 củ ngon mà không thằng nào nhập về vn mà bán,0,1
2690,"Ko đẻ là bất hiếu vs cha mẹ, có lỗi vs tổ tiên, đi ngược vs tiến hóa loài người v..v..",0,0
2691,"Mấy thằng anh lợn cũng lạ, đá ngu người ta cười chế nhạo cũng lên báo. Chúng nó muốn thể hiện cái gì?",0,1
2692,benh vien mat hcm quan 3,0,0
2693,"không ngu nhưng mà tham, tham quá hóa ngu",0,1
2694,Brazil xưa giờ mid toàn công nhân dọn cứt ko mà. Hồi 2002 thì edmilson với gilberto. Toàn trông chờ 3 thằng tiền đạo,0,1
2695,"bớt lại đi mày, nước tao giờ đã là công nghiệp dịch vụ, điện xài dư thừa. Còn VN chỉ mới là nước nông nghiệp thiếu điện đầy ra kìa. Hố hố.",0,1
2696,"Ở Mẽo nó phải như thế, kiện cáo quảng cáo láo thì tụi nhãn hàng mơi đội khách hàng lên đầu, chứ ko như xứ nào đó hội bảo vệ ng tiêu dùng thì toàn đi bảo vệ doanh nghiệp. Doanh nghiệp coi người mua như cỏ rác, chai nước có ruồi thì cuối cùng người mua đi tù.",0,0
2697,"Nó ngáo đá khổ dâm đó bạn, chắc làm lụng cực khổ cả đời mới mua đc con xe nên phải thế. Xe lâu ngày k chạy thì mới cho nó khởi động vài phút rồi lên chạy chứ cần gì phải làm mấy thứ ngu dốt như thế.",0,1
2698,"Ơ thằng Kamara hè này hết hạn rồi à? Thế kí free thằng này được này, chắc cũng phải tiết kiệm được gần 40 củ. Để tiền đấy đi đầu tư cho 1 thằng tvtt khác.",0,0
2699,Thg cu Nhật đánh bóng bàn hò hét điếc cả tai,0,1
2700,"thằng thớt làm đói quá, phải đi nấu 1 tô",0,1
2701,"Năm 2018 ở miến mua được loại ống 12 quả của tàu bắn vừa cao vừa đẹp. Về VN lùng khắp mà không thấy thằng nào có, toàn loai 36 quả. Như bọn miến ý thức tốt thì nó cho đốt 3 ngày tẹt ga, hết 3 ngày thằng nào đốt nó phạt cho thúi đầu",0,1
2702,Thượng đẳng vl. Người ta đi làm tay chân chả nhẽ lại ăn mặc như làm vp.,0,1
2703,"Xâm lược quy mô liên thiên hà mà mang cả đống quân chỉ biết lao vào đấm đá xôi thịt, ăn 1 viên m16 là nằm. Tướng đánh đông dẹp bắc khắp vũ trụ mà bị human cầm giáo xiên chết Đội quân người chết bất tử ăn 1 viên m16 cũng nằm Nhìn team zod nó xâm lược mà học tập, hay như Doomday nó tàn phá khủng bố cỡ nào",0,0
2704,"Em thấy lạ ở chỗ dân chưa làm quan mà dân mà biết ""sân sau"", dễ hiểu tại sao quan tham nhũng rồi vì từ dân mà ra cả mà =]]",0,0
2705,"Bao nhiêu vụ ăn chặn, ngộ độc tập thể mà cũng chỉ lên báo đc vài hôm rồi ai về nhà nấy thì có cái bùi bọn nó sợ Như vụ ischool ở Nha Trang đó, ầm ỹ rầm rộ được mấy hôm giờ có thấy kết luận điều tra hay báo cáo là lỗi của ai đâu? Ví dụ 1 xe thực phẩm bẩn bị bắt, phạt vài củ xong cũng ai về nhà nấy. Nó đánh 10 chuyến bị bắt 1 chuyến thì như cây me rụng lá, con bò rụng lông, mấy chuyến sau bù lại mấy hồi",0,1
2706,"cái món chạy bộ mà ham hố quá nguy hiểm vãi nồi, chạy dưỡng sinh tuần 2, 3 buổi cho khoẻ thôi, chạy nhiều quá đéo béo đc luôn",0,1
2707,"đợt beckstage thằng Sóc Nâu nó vô địch thì phải...nó chửi mấy thằng ngoài ấy vuốt mặt ko kịp luôn... Thằng con lớn nhà e tối ngày cứ anh Sóc Nâu...nên e coi thử...người thì loắt choắt,giọng thì trẩu,nặng chất địa phương...nhưng ngôn ngữ ổn phết mà ko thô tục như bọn kia..",0,1
2708,"Anh bốc phét vừa, ở đâu chả có loại này",0,0
2709,"hn bố mẹ quan tâm con cái bỏ xừ, mấy trường chuyên top toàn trong nội thành, có thằng vin kéo 1 ít ra ngoài k đáng kể, cũng k có nhiều khu nhà nghèo, nghèo chỉ có về quê hay ra khu cn, chứ ít cũng fai tầm lương chục trịu hơn cái lũ nít gà ăn bám bên xứ sở văn minh là cái chắc",0,1
2710,"vẫy cờ Brazil nữa vkl, mấy thằng Nhật này ngộ nhể",0,1
2711,"Các anh có thể khâm phục thằng Nhật, chứ đừng tính học theo nó, khổ vcl ra. Kỉ luật nghiêm minh, lao động tích cực, thời gian làm 1 ngày cực kì dài, người già vẫn lao động. Các anh quen kiểu dễ thở như VN, sang đấy sống như công dân nhật thì có mà chịu đc bùi ấy, ko phải tự nhiên mà tỉ lệ tự sát của nó lại cao, áp lực kinh vcl.",0,1
2712,"À thế à, thế mà cả thế giới thèm ăn sushi chứ đéo ai thèm ăn đồ sống VN. Ngay cả chính dân VN hỏi 10 người liệu được mấy đứa dám ăn đồ sống?",0,1
2713,"Đúng vậy,người quen quán quen đéo bao giờ bị động chuyện tiền nong. Lần đầu đéo hợp thì lần sau đéo chơi nữa. Xã giao thì cũng như vậy thôi bạn,mỗi đứa gọi 1 món,hết rồi gọi tiếp.",0,1
2714,Đúng! Mọi sự ngu dốt đều phải trả giá bằng tiền mặt... Hoặc nhà mặt tiền,0,1
2715,1 thằng pkl tốt là 1 thằng pkl ...,0,1
2716,Con Vịt ko giống khối đông á thượng đẳng Thuộc đông nam á là chuẩn rồi. Con vịt vẫn duy trì được tỉ lệ sinh 2.1 trong mấy chục năm gần đây. Dân ham đẻ chứ ko tịt như bọn Đông á,0,1
2717,"chắc mẹ gì cướp giật đã do người SG làm, SG chỉ là nơi chốn, để cho tụi chiến binh mùa đông thực hiện động tác ""SG"" mà thôi Ngoài SG, BD,ĐN cũng là nơi tung hoành của bọn đó.",0,0
2718,"Nhật mà, làm cái củ lờ gì cũng cẩn thận, tỉ mỉ, chính xác, Tôi từng được xem 1 thằng ku kế toán, làm thêm nghề trọng tài cho giải đấu cấp tỉnh Nhật Bản thôi mà nó buộc cả bánh xe ô tô vào chạy để luyện sức khỏe luôn. Kinh vãi!",0,1
2719,"Thật. Ngu nhất là bỏ thời gian, công sức, tiền bạc của mình ra để làm giàu cho kẻ khác",0,1
2720,"Cái này thì công nhận, mình ngu thật mà ==!",0,1
2721,Ở thế hóa ra việc con tôm này sống ở 450 độ C là trò chém gió câu view của tụi nhà báo ah. Hóa ra nó chỉ sống ở nhiệt độ như bình thường thôi.,0,0
2722,Thiết kế kiểu dell gì vậy? Tự thiết kế à,0,1
2723,Anh đéo ăn được không có nghĩa ng # đéo ăn được. Anh đéo thấy ngon không có nghĩa là ng # đéo thấy ngon .,0,1
2724,Sao tiêu đề đéo có chữ sock bạn?,0,1
2725,"Thằng này cao 1m8, râu ria sáu múi đô con như tây lông.",0,0
2726,Vì tác giả đéo muốn xây dựng hình ảnh Ngạn trở thành 1 đứa bấn gái trầm trọng tới mức não lúc nào cũng nghĩ chuyện chịch choạc trong đầu.,0,1
2727,Dân mình cứ có ý nghĩ có tiền mới trơn tru được thành ra chính cái tư tưởng ấy làm nên những con người tham ô và vòi vĩnh như thế,0,0
2728,Anh chắc đéo bao giờ đọc báo,0,1
2729,lắm thằng cũng rảnh nhỉ,0,0
2730,Nhật là thằng giữ văn hóa tốt cmn nhất luôn.,0,0
2731,"Có thế thôi mà cũng ly hôn, đúng là nhảm nhí. Cả 2 như 2 đứa con nít vậy.",0,0
2732,"Quảng cáo thôi mà, có mua đéo đâu.",0,1
2733,Chết cười với thằng #2,0,0
2734,Thấy Bọn nhật nó đá kỹ thiên về kỹ thuật chứ ko cục súc như bọn hàn,0,0
2735,"Cứ liên quan bộ não thì gọi là tâm thần. Bác sĩ tâm thần ngoài chữa mấy hội chứng ""điên"" ra thì còn chữa những bệnh đau đầu, suy nhược thần kinh, trầm cảm, lo âu, rối loạn tiêu hóa (do thần kinh), các thể loại nghiện (rượu, thuốc, ma túy..), tăng động, tự kỉ.... Xã hội càng hiện đại thì bác sĩ tâm thần càng có giá, càng nhiều việc để làm.",0,0
2736,"Voz giờ xuống cấp như này à, nhạt vậy",0,0
2737,"Thì kẹo,miếng ngậm sâm của Hàn nó cũng sặc mùi thuốc bắc thôi bác.Ko ăn vl. Ko mùi như vậy có khi dân nó đếch tin có ""sâm"" ở trong",0,1
2738,xin cái nguồn nào nói thận đóng vai trò gì đó trong phập nhau.,0,0
2739,"Đời có nhiều thằng ích kỷ và có vấn đề về nhận thức lắm. Nhiệm vụ của anh là sống tốt, tối ưu cuộc đời của mình chứ không phải là suốt ngày đòi giáo dục hay đấu đá với bọn đó. Hiểu không? Tôi không cổ súy cho bọn vô ý thức, nhưng hành động 1 mình đi đấu đá với nhiều hàng xóm xung quanh để tự cô lập mình là ngu hay khôn? Chuyển nhà hay chọn hàng xóm là việc cực kỳ khó",0,1
2740,Ok anh cho chú nghỉ. Nói lằm nói lốn,0,0
2741,"Đi ở VN sợ vcl, éo biết xe máy lao từ hẻm ra từ lúc nào. Ở mỹ đi oto toàn tốc độ cao nhưng éo sợ như VN, đường phụ luôn phải nhường cho đường chính, chứ éo có kiểu đi như đường nhà mình như v",0,1
2742,Nói nhảm quá . Nói như ông thì bất cứ thằng nào cũng không có tinh thần thể thao. Vì thằng nào chả phạm lỗi.,0,1
2743,vẫn dính nhé bạn hàng của bạn nó lưu lại đó vài ngày là bình thường. tao mà là gái éo uống có gan chơi có gan chịu con cái là lộc nó còn hơn việtlot đó mày khi lấy vợ rồi có con mới thấm câu đó chỗ tao có mấy lão chữa gần chục năm mới có 1 mụn con.,0,1
2744,"Thớt nào cũng có 1, 2 thằng Khổ dâm ngược dòng như thế",0,1
2745,Lướt reply của thớt này thấy tốn 2 phút cuộc đời vcc toàn lảm nhảm,0,1
2746,"quan trọng là khả năng thằng đấy thắng kiện cho anh, nó dùng tool gì đ quan trọng, nó xài cục đá vẽ lên hang động cũng đc )) lười hay không kệ mẹ nó, quan trọng là nó được việc lmao, đ hiểu ở đâu ra cái suy nghĩ thuê thằng nào thì thằng đấy phải chăm chỉ )",0,1
2747,Má.. Hoàn Mỹ mất uy tín quá...,0,0
2748,"Toàn mấy thánh phán cho sang mồm chứ có biết gì về kinh tế đâu mà sửa làm gì thím, kệ đi.",0,0
2749,Không làm gì thì mới đéo có gì chứ. Làm thì có rồi ít hay nhiều thì cũng phải có Chẳng hạn như mình có 1 số nợ rồi đấy,0,1
2750,Long an có cái quái gì đâu mà 10 tỏi cho 100m,0,0
2751,"Dân làm ăn, quan chức mê tín thấy mịa nên cái của này ai dám rớ vào.",0,0
2752,Hlv đéo có quyền mạnh vậy đâu fen,0,1
2753,"cộng đồng mạng rảnh háng vl, quán của nó nó muốn như vậy kệ nó, đi quán khác là dc, đến lúc nó ghi cái biển là chỉ phục vụ người trên 60t cũng giãy nãy lên à, kệ nó chứ :v",0,1
2754,"phiếu xuất xưởng là thằng cục đăng kiểm cấp liên quan gì tới nhà máy đâu, nó giống như giấy khai sinh đó, 1 xe chỉ có đúng 1 giấy do thằng cục đăng kiểm cấp",0,0
2755,Chơi chung là 1 cn K phải người trong nhà mà xỉa mõm vào nhà người khác là k nên,0,1
2756,"Nhảm nhí nhể, 30 căn thì thuê mẹ 1 thằng quản lý tháng trả 15-20 củ nó thu tiền và xử lý vấn đề linh tinh rồi bank vào tk là xong, đi thu làm éo giề",0,1
2757,"Luật là thế, biết là méo hợp lí nhưng ko cãi được luật, nên ra đường thấy mấy ""anh"" trẩu thì cứ cụp cái pha xuống, ko có cơ sự gì thì bố mẹ với vk con mình khổ",0,1
2758,"Đi vay, bố cái thằng lom dom. Đi làm rồi chứ có phải đi học đâu mà sợ.",0,1
2759,Giờ vào lại thì Anh bị Đức - Pháp đè đầu cưỡi cổ hả . Nó lại khinh cho.,0,1
2760,"Người ta hay thấy người giàu keo sẽ bảo ""Bởi thế nó mới giàu"". Đó là câu của tụi nghèo để có cái chỉ trích kẻ hơn mình.",0,2
2761,Tù đéo gì mấy cái giám định này ???,0,1
2762,mày còn có anh trai phải không.tao không hiểu anh mày làm gì nghĩ gì mà để nhà mày như vậy...........,0,2
2763,"Cứ quan tâm tụi này là bọn nó lông dài, xăm trổ xỏ khuyên... giờ cứ éo ai hỏi xem nó có quay về bình thường không?",0,2
2764,"Cũng hay là m dc cái lo cày cuốc có nhà, còn hơn t gái bỏ mà 30t đầu đéo có gì trong tay .",0,1
2765,"Hàn tín chửi hạng vũ chỉ có lòng nhân của đàn bà, cuối cùng thân làm tướng mà bị chết dưới tay 1 con đàn bà nhục nhã vl, trong khi hạng vũ còn được chết oanh liệt nơi chiến trường",0,2
2766,"chắc gì đã là biển thật! Bọn trẻ trâu hay gắn biển giả, biển đẹp lung tung chạy lắm!",0,1
2767,"hàn nhật đồng tổ chức r, đạt đc mục đích kích cầu người dân chơi bóng đá nhiều hơn thôi do ngày xưa trước 2002 bóng đá ở 2 xứ này ko đc quan tâm nhiều chứ bọn này có phải sĩ diện j đâu mà tổ chức,",0,0
2768,làm thế tội nghiệp con chó lắm,0,0
2769,Tầm 2000-2010 thiếu éo gì phim điện ảnh TQ hay?,0,1
2770,Nói vậy thôi chứ tôi quan trọng chó gì đâu.,0,1
2771,"Cũng éo biết đâu bạn, mình gầy còm lom dom có 1m60 54kg mà học xong cũng bị xích đi lính 2 năm nè.",0,1
2772,"ơ thớt này thật thà này, không có ""thằng bạn, thằng em, thằng đồng nghiệp""",0,0
2773,"Lái cái gì, thực tế là thằng khỉ nó đéo đủ trình để vào danh sách 3 thủ môn của tây ban nha. Thực tế nó rõ ràng.",0,1
2774,Thôi kệ hihi mấy thằng đá bóng tuổi gì bốc phân với trẫm,0,1
2775,nhiều thằng giật tít câu view lắm. chúng nó thậm chí làm bất chấp khi không biết 100 tỷ phải làm bao lâu với lương vozer mới có được,0,1
2776,Hoa hậu éo gì lắm thế?? Cường quốc hoa hậu à?,0,1
2777,2 case này liên quan đ gì đến nhau vậy .-.,0,1
2778,Nếu mà ai cũng như này thì thế giới éo cần nhà tù.,0,1
2779,"cái lũ 90 như mình bị ám ảnh kiểu này thế nhỉ , thế chưa vượt qua khủng hoảng tuổi 30 à :v",0,1
2780,"thằng vtv cứ suốt ngày theo bảng xếp hạng, theo website này nọ có uy tín toàn cầu, check lại thì đéo hiểu trang ất ơ nào.",0,1
2781,"Các anh là người hay cái máy vậy nhỉ, rõ ràng thằng thớt nói con chó đã bị cột ngay từ đầu mà thằng nào vô cũng kêu nhốt chó lại là sao",0,1
2782,"Thông cảm với ông thớt nhưng đéo qtam lắm vì hồi đầu năm vật nhau trên voz này thì 90% vozer sợ nghèo sợ đói chứ ko sợ covid. Ai dính nặng thì đen thôi, chứ đỏ thì quên đi Thân mình mình lo, xã hội ko sợ covid nhưng mình vẫn sợ, vẫn giục cả nhà đi tiêm mũi 3,4, có thg con nhỏ chưa đầy tuổi thì ko làm gì đc, đành phó mặc cho vận may",0,1
2783,"Tôi thấy với người già thì máy đéo nào cũng giống nhau, chỉ vào mấy app cơ bản, zalo, youtube thì đt đéo nào chẳng như nhau. Ko hiểu là phải tinh chỉnh cái gì nữa, lol.",0,1
2784,"Bộ tài chính nên trao thêm quyền yêu cầu bên thứ 3 bồi thường thiệt hại phần sai, số tiền bảo hiểm nhân thọ đã đền hợp đồng.... Đảm bảo ra đường đéo thằng nào dám đi láo... công ty bảo hiểm nó kiện cho bán nhà.",0,1
2785,"Riết rồi thấy lắm thằng ỷ lại cái chuyện nhỏ nhặt hài vl ra M chạy ra vinmart mua 1 lon mà uống, đéo có độc đâu",0,1
2786,Mấy cái đó tao đéo rảnh bịa =]],0,1
2787,"Đa số hay k thì nó vẫn cứ là chuyện đ liên quan, vì có trump hay k trump thì đảng ch vẫn đ có thượng viện, thượng viện lại chỉ bầu 1 phần số ghế chứ đ bầu hết.",0,1
2788,"Có con xe cay đéo gì, coi như đấy phần thừa kế của con chị",0,1
2789,"40 tuổi rồi vẫn là “thiếu gia”, có vẻ hơi phế nhỉ. Doanh nhân 40 tuổi vẫn ăn quả mác của mấy thanh niên mới lớn vậy",0,1
2790,"Học xong đại học thì đi làm giai cấp lãnh đạo là đúng, sao thằng lều nói cứ như công nhân mạt hạn lắm vậy?",0,1
2791,Màu nhạc mới là kiểu màu nhạc bợ đít mấy thằng giàu hả bạn?,0,1
2792,"Này là thằng méo nào, anh Tinh tao cần care ko ?",0,1
2793,"22 23 vầy để trải nghiệm cũng tốt, công việc đó lại phù hợp với mấy ông 30 đến 40... Du học mà ko biết học xong để làm gì nó còn ăn hại hơn đứa đi làm.",0,0
2794,Sai chính tả thì đéo có trình nói chuyện với thầy đâu.,0,1
2795,Sử VN lấy quái gì mà hay. Sử viết chắc toàn bộ lạc khởi nghĩa. Thời tam quốc bên mình vẫn như kiểu 1 bộ lạc.,0,1
2796,Xã hội thằng nào cũng theo ý mình thì có mà loạn à,0,0
2797,Tôi biết vài anh là con ông này ông kia có phải đi nghĩa vụ đéo đâu.,0,1
2798,Học hay không kệ người ta. Tiền của người ta. Công sức của người ta. Mấy thằng # trên ghen ăn tức ở à,0,1
2799,"Tùy gia đình tùy người. Đa số là dẩm l nhưng cũng có 1 số gd ở xa, ở nước ngoài họ chụp lên để người thân ở xa biết và đọc kinh hay cầu nguyện gì đó tùy vào tôn giáo của họ. Nói chung kệ mẹ họ đi bạn.",0,1
2800,"con mụ kia đi tù là đúng cmnr, quá đáng vcc nhưng con bé này 15 tuổi rồi còn ăn trộm thì cũng nên có một xử phạt thích đáng",0,1
2801,Nhìn thằng GK Sing tội vcl.,0,1
2802,"Nó ghi rõ là xe xăng kìa. Còn đứng ở góc độ vay cty vay dự án chứ k phải vay tiêu dùng. A nghĩ k có sân sau nào chịu tác động à mà bảo ngân hàng ngu, tiền của ngân hàng đéo đâu ngu hay khôn ?",0,1
2803,• chi cục trưởng ( bố thằng bạn cấp 3) • cháu của cốp to ở tỉnh • mặt hàng ngạch nên ko cần kiếm khách • có ông chú ruột nắm giang hồ,0,0
2804,"Không thấy mời thằng râu quai nón:""mẹ anh bán bán bán bánh mì.""",0,1
2805,"Mấy thằng bán quần áo, giày dép lãi 50% là ít, đéo thấy ai kêu. Kinh doanh cái gì cũng là KD hết, chỉ có bọn lừa đảo mới đáng chửi. Ông thấy đắt ông có quyền ko mua mà.",0,1
2806,"Tôi thấy Úc đá thường bỏ mẹ các ông ạ. Ngoài bàn thắng ất ơ do lỗi phòng thủ ra thì chả tạo được cái vẹo gì cả. Sút xa kém, phối hợp kém, cao nhưng lật cũng đéo hay. Việt Nam mà tự tin dâng lên đá cũng chả thua kém mấy.",0,1
2807,Toàn mấy thằng vàng vẩu húp mì tiền lương ra ăn nhậu cho hết nên chửi giá đất tăng cao thôi. Đồ ăn sáng 10 năm trước 10k chừ 30k thì đất cát x chục lần méo có gì sai cả,0,2
2808,Vl 2-3tr cũng là 1 khoản lớn mà cũng đòi lên voz đọ tài sản à,0,1
2809,"Anh đưa cái ảnh của 1 thằng ủng hộ LGBT để troll LGBT thì a thiếu hiểu biết, người ta cười cho",0,2
2810,"Thôi đừng to mồm ông ạ Người ngoài nhìn sự việc thì đơn giản, chẳng qua đây là em vợ, nếu là em ruột ông thì sao, giận, tức rồi cũng cắn răng mà gom góp lo cho nó. Tất nhiên ko phải cứ chạy theo nó mãi, nhưng ít nhất rồi cũng phải cắn răng 1 lần Nói phét thì thằng đ' nào chả nói được, xhđ nó về tận nhà dí ông bà già thì có ngồi im được không",0,1
2811,"má, đi làm với bọn Đức, tuần nào ít nhất cũng phải ngồi với nó làm 1 chút Uống bia như nước lã",0,0
2812,"Uhm Thím không biết ứng dụng toán để làm gì thì do thím =]] Xong lại chửi toán thiếu ứng dụng thực tế =]] Ứng dụng thì đầy ra, nhưng đụng đến toán thì toàn bảo dùng máy, để người khác tính hộ,.... Cái éo gì trong xã hội này ko ứng dụng đạo hàm, tích phân =]] Chỉ có điều thời nay máy móc tính hộ hết rồi. À, muốn chế tạo cái máy đó thì thằng sản xuất phải biết cách tính. Giờ éo cho nó học đạo hàm, tích phân,... thì đừng mở miệng ra chửi đất nước này éo sản xuất được cái gì hết =]]",0,1
2813,Lương 100 củ mà thua lỗ 300tr mà chán. Ảo vl.,0,1
2814,"Vì là công chức nn nên nó cug ko mong muốn dân tới đông làm gì, vì mệt chúng nó",0,1
2815,"thằng nhật lúc đó sợ đức mạnh quá xúc luôn nó cho nên nó phải tranh thủ bành trướng hết mức năm 41 42 đồng minh đéo dám ra đại dương với đức,đức mà nó chơi chớp nhoáng trước mấy tháng thì nguyên 1 núi tài nguyên của lô xiên đủ sức cân cả thế giới thử tưởng tượng xem năm 44 đức có đủ lực sản xuất bom nguyên tử với tên lửa xuyên lục địa thì nó sẽ bụp thằng nào trước",0,1
2816,vl con quái vật Sanches,0,1
2817,khuyếch là cái mẹ gì thế,0,1
2818,Đấu chiến thắng phật mà đụng thằng yêu quái tay búa tay liềm thì cũng bỏ chạy nha! Nói nhanh cho nó gọn,0,1
2819,"hỏi quá ngu. VÌ cái việc chỉ đạo thực ra nó chiếm 1 lượng thời gian và cần đầu óc rất ít đối với họ. Còn lãnh đạo công việc của ng ta nhân viên ở dưới k bh hiểu được - thế nên mới làm nhân viên. NG ta lo những việc lớn , quan trọng liên quan tới cả hướng đi, chiến lược chứ lo gì 3 cái việc của nhân viên không đâu",0,1
2820,"một thằng thất bại khi ""đột nhiên"" thành công thì sẽ quên con mẹ nó đi quá khứ của bản thân nhưng nó quên mất là quá khứ làm nên con người nó hiện tại chứ không phải hiện tại làm nên con người hiện tại của nó, đây là biểu hiện của sự thất bại trong thâm tâm",0,1
2821,Tụi Indo nó cấm mẹ thương mại điện tử để bảo hộ nền mình tế nước nó còn đông lào 1 thời gian tràn ngập đồ trung từ bên kia về hết cho xem,0,1
2822,"Có nhà SG cần đéo gì lấy gái quê mùa, môn đăng hậu đối là trên hết. Cảm thấy thua thiệt gia đình nhà gái thì rút cho nhanh, còn hơn thì next mẹ đi cho nhẹ đầu.",0,1
2823,Thớt mất hút lâu thế...,0,0
2824,"Cu Thọ này có đi học mà không hiểu ngôn ngữ vùng miền à. Cùng là 1 danh từ nhưng ở miền Nam phần đông kêu bằng bắp, miền Bắc gọi là ngô, khi dùng cho văn bảng hay văn nói chính thức Việt Nam thì vẫn sử dụng là ngô nhé, có vậy cũng chửi.",0,1
2825,"Chẳng lẽ CZ cũng bị truy ở Trung quốc ah? A cầm mẹ cái quốc tịch UAE mà ở đấy hưởng thụ trọn đời, bỏ mẹ cái Binance US đi cũng chả sao, dù sao từ đầu cũng có nó đâu. Sao phải đưa mặt ra thỏa thuận với thằng US ta",0,1
2826,"Chơi bẩn là bẩn thế nào bạn, anh đánh trận thì anh khôn anh thắng, còn anh ngu thì anh thua chứ bẩn hay sạch gì ở đây ! Bị người ta lừa xong nói người ta chơi bẩn, sao không nói a ngu bị lừa dễ thế !",0,1
2827,giờ thằng nào nam dc marketign thêm tí vốn mở cc j cũng ăn,0,1
2828,"Dân đông lào bảo tính khôn lỏi trạng quỳnh nó ngấm vào máu rồi, phải có thương hội mới chơi được chứ cứ rình rình đạp nhau thì chỉ béo bọn ngoài thôi.",0,1
2829,"Chả thằng nào giàu đến mức mất 1 tỷ mà không ngán cả, chém vừa thôi.",0,1
2830,Mấy thằng trẻ trâu mình hay chửi lắm,0,1
2831,éo hiểu a nghĩ gì luôn. k buồn nói,0,1
2832,Đi massage người mù cũng là 1 phần ủng hộ những người thiếu may mắn. Anh còn đòi xấu đẹp cm gì,0,1
2833,"1 ngày cướp 100 vụ bắt hụt 99 vụ thì không nói, bắt được 1 vụ thì lên báo ngay Quả là gotham đao lồng",0,1
2834,"Cái điếu cày inox đấy khác gì chùy ko gai đâu thím, có đội mũ bảo hộ ăn 1 phát đấy còn ngất chứ đừng nói đầu trần, 1 phát đầu tiên vào 1 bên thái dương đã gần như là chết não rồi đấy, phát 2 vào gáy là đi hẵn luôn",0,1
2835,"Làm cái cải cách chia lại đất đai đi cho nó máu Thằng nào đủ lực thì cứ ra mà nhận đất rồi trả nợ, bắt trả 1 cục là khỏi lo nợ xấu. Còn lại ae thu hồi về quỹ đất trồng cỏ chăn bò chờ ngày nuôi lợn tiếp Hết nợ thì hết lo lãi thôi.",0,1
2836,Cái ảnh trên kia người ta gọi là xàm,0,0
2837,Mồm thì chửi quan tham nhũng. Tay thì vẫn đưa tiền nhờ vả,0,0
2838,Cụ Trịnh là nghệ sĩ thì có gì mà bí với mật. Mấy thằng cơ hội cứ làm quá lên,0,1
2839,"Lãnh đạo chắc trên trời rớt xuống Mà thằng nào bảo lãnh đạo ngu tao gạch cho nhé, toàn tốt nghiệp đại học top vn thời xưa, du học nga, châu âu, cựu giảng viên, tiến sĩ ko mà ngu là ngu kiểu đéo gì được Kể cả quá trình sàng lọc thằng nào cầm súng thằng nào đi học nó đã quá là thảm khốc rồi",0,1
2840,"Có cc nô lệ Đông Dương ngon bằng bọn Bắc Phi, nhỏ người như con nhái, sức thì yếu mà còn hay phản loạn, tài nguyên thua xa, đã vậy vận chuyển được về nước cũng mửa mật. Thằng Pháp nó quyết đánh ở VN là để dằn mặt mấy thằng Bắc Phi đòi độc lập, mãi đến khi tốn tiền nhiều quá nó mới bỏ, nhưng tốn ở Algeria còn nhiều hơn ở Vịt, chết gấp mấy lần nhưng nó vẫn đánh đến cùng đoó!",0,1
2841,"Karate có tổng cộng 8 bộ huy chương nhưng Nhật được có 1 vàng thôi, farm cl chứ farm. Nó đưa vào để chủ yếu quảng bá đất nước.",0,1
2842,"Cái quan trọng như: kiến thức nền tảng, tư duy/thái độ làm việc, trình độ tiếng anh thì k nói, lũ lều báo chỉ giỏi ăn tiền của mấy cty outsourcing, chứ biết gì về ngành phần mềm mà nói. Cần 1 bài tạo trend như thằng em BK 96 để chửi tụi cty outsourcing vn suốt ngày đi lùa gà.",0,1
2843,"Lão này 2020 bị lộ hình ""cái đó"" làm thiên hạ xôn xao và ầm ĩ suốt.",0,0
2844,"Xem mấy cái linh tinh thế thì lại chả mê tín. Đéo có cơ sở lý luận nào cả. Tôi có 1 nguyên tắc là đi xem cái gì mà tốt thì tin, còn xấu thì kệ mẹ.",0,1
2845,"ở vn ai không tiêu sài, ai ko đóng thuế fence. bọn ăn chơi sang choảnh nó còn đóng nhiều thuế hơn ấy chứ",0,0
2846,ăn may khi khai phá được cái sở thích xem video ngắn đéo có nghĩa là sẽ thành công ở chỗ khác đâu,0,1
2847,"Cái này đổ lỗi cho quan cũng ko đúng, đợt mưa bão xuống miền Nam, mấy quan báo cả mấy ngày mà dân có nghe đéo đâu.",0,1
2848,"Chưa kể xe gắn đồ chơi hàng hiệu, tới khi nhận lại xe éo còn gì.",0,1
2849,Người có giá trị chả bao giờ mang mặt mốc đi nhậu chùa cả,0,1
2850,"nói chung tư duy vậy là đúng (theo quan điểm của mình), nhưng nói như thế là đéo được.",0,1
2851,"Đúng là cuộc sống muôn màu, cái đéo gì cũng có thể xảy ra.",0,1
2852,"Ngày xưa tụi mình còn bị nhồi vào đầu tư tưởng đi nước ngoài là không yêu nước, 20 năm nữa nước mình giàu như Mỹ ai cũng đi xe hơi, có đứa nào dám mơ mộng một ngày nào đó đặt chân ra nước ngoài đâu. Còn trẻ con bây giờ thì nó cũng bắt chước những gì xung quanh nó như chơi trò cha mẹ, bác sĩ chăm bệnh nhân, làm cô giáo... chứ biết doanh nhân hay du học thế nào mà đóng vai.",0,0
2853,Có video đ đâu mà ngồi phán,0,1
2854,"Cái ""Thần thái"" thím nói đố thằng nào nhà k có điều kiện mà toát lên được",0,1
2855,"gái nó giả ngu thôi, mấy cái đố 3 xu này trên fb có đời nào rồi",0,0
2856,Kiếm đc tháng 30-50 củ ko bỏ ra đc chục củ đầu tư cho bản thân ah. Ngày bỏ ra tầm 30' tút tát đầu ngày đọc tin tức các thể loại là ngon cành ngay chứ có đéo gì. @@,0,1
2857,"Bên đó ko biết chơi chiêu ""tiếp thị sữa"", ""quần chúng bức xúc"" nhỉ ?",0,0
2858,3 thằng tmđt còn sống ở VN thằng nào củng tay to vãi ( Đ,0,1
2859,Éo thấy show tk live & lệnh lỗ,0,1
2860,Vừa vừa phải phải thôi chứ trời. Không muốn đá thì nghỉ mẹ đi.,0,1
2861,"Những ông cờ bạc, lô đề nọ kia thì nhìn vào đây mà rút kinh nghiệm nhé. Đừng để đời con mình khốn khổ vì những thứ nó không gây ra, vì có thằng bố cờ bạc, nợ nần mà không lấy được con cái gia đình nào tử tế.",0,0
2862,"Dốt méo gì, trước mấy thằng bạn tôi cấp 1 học bt mà cấp 2,3 nó cầy kiểu gì mà lên top cmnl. Mới lớp 1 do nó chưa tập trung học thôi.",0,1
2863,Thu thập thêm thông tin rồi hãy lập thớt mai fen. Qua đó làm lương 2x người ta đi làm méo gì,0,1
2864,Mấy thằng này đang cho ăn,0,1
2865,nói chung 2 thằng chạy non,0,1
2866,"Thằng trưởng phòng còn nhỏ tuổi hơn mình, sai cũng chửi, đúng cũng chửi, nó sai đổ thừa qua mình rồi chửi, buồn buồn kiếm chuyện chửi. Lúc mới vô nhịn 2 tháng thử việc, ký HĐ xong bật luôn tại v.phòng, đám lính mắt cho O mồm chữ A vì thằng này cháu sếp tổng lâu nay méo ai dám bật nó, dọa báo lên cấp trên cho nghỉ việc, ""tao thách mày đấy"", méo dám làm j. Sau sếp thấy mình có năng lực hơn rút qua bộ phận khác lên phó phòng mà có offer khác ngon hơn nên nghỉ luôn.",0,1
2867,đúng là ở khựa chuyện đéo gì cũng xảy ra đc,0,1
2868,2 thằng lương 350 thì chọn thằng éo nào cũng đc ko cần quan tâm xởi lởi hay không. Khi 1 tiêu chí đã quá cao rồi thì những thứ còn lại là vô nghĩa.,0,1
2869,"Nghe đến thứ gọi là ""Sứa bất tử"" bao giờ chưa? Bọn nó nếu ko vì ngoại cảnh (bị ăn thịt, bị sức ép của áp suất đại dương, núi lửa, ô nhiễm...) thì sẽ ko chết. Nghĩa là Bất tử ở đây là vẫn có thể chết bởi ngoại cảnh, nếu ko bị ngoại cảnh thì anh sẽ sống mãi.",0,0
2870,"Hài thật, một nước ở thế giới thứ 3 suốt ngày đi chửi lão Musk. Trong khi thằng tổng của Hàn vừa mới xun xoe đi gặp Musk xong.",0,0
2871,Liên quan đéo gì ở topic này?,0,1
2872,tốn tiền thuê chuyên gia nước ngoài mà làm ăn thua mấy đứa học sinh nữa =.=,0,1
2873,"Một chiếc xe tải nhẹ tầm 1,5 tấn đi với vận tốc 60km/h thôi là thấy nó như quả tên lửa càn quét rồi mà trong phim éo cán đc lũ zombie yếu nhớt :lmao:",0,1
2874,"Đề nghị anh không đc xúc phạm con chó như vậy, chó có lý do gì nó mới sủa, còn đằng này thì ...",0,0
2875,Khoe lằm khoe lốn thế ông a,0,1
2876,Do anh và tôi ở cái nước thuộc thế giới thứ 3 nên cảm thấy biết > 2 ngôn ngữ là giỏi chứ ở châu Âu bọn nó biết > 2 thứ tiếng kể cả mẹ đẻ đầy ra.,0,0
2877,"Video của 1 thanh niên Nhật sống ở Nam Kinh, đúng là bọn Tàu làm nghiêm thật, kết hợp cả công nghệ vào bảo sao giờ nó chống đc dịch rồi.",0,0
2878,"Nhà tôi ở Vạn Ninh cả mấy chục năm nay chưa nghe có tên Bãi Dài, thèn lều báo bị ngáo đá hay gì mà. Nói về vụ đuối nước ở đây thường xuyên, do dòng chảy ở đây hơi ác, một số chỗ ""sụp búng"" hay còn gọi là bị mắc bùn ko rút chân lên được",0,1
2879,"Nhiều đứa đòi chính phủ Anh can thiệp quốc hữu hoá đám phản loạn, đuổi chủ Mỹ sau đó chia lại theo 50+1 kiểu Đức.",0,0
2880,"Lại nhớ thằng bố vợ quốc dân của Vozer cũng xây cái công viên tâm linh rồi ""tự nhiên"" đào được một pho tượng Phật bằng gỗ",0,0
2881,"Méo liên quan, Đường mở trùng với đường dây điện thiếu méo gì ở trên đời",0,1
2882,"Đi xe máy ở vn bẩn vl chả khác gì hốc bụi vào mặt và phổi, ung thư bệnh tật từ đó mà ra chứ đâu.",0,1
2883,Tít tối nghĩa vcl. Tưởng Anh là đại từ nhân xưng,0,1
2884,"""Anh chấp chúng mày nửa thuế"", Cross vừa nói vừa tăng giá...",0,1
2885,"Bên lazada khuyến mãi giờ thơm hơn, bọn shopee phí ship càng ngày càng đắt, giao hàng thì chậm Lzd đặt hôm trước chiều hôm sau nó giao luôn, nhanh vcl, freeship xong áp 1 lô mã vào rẻ thối. Bực mình cái UI/UX đbrr của lzd thôi, nó mà cải thiện như thằng shopee tôi xóa mẹ app shopee luôn.",0,1
2886,Tôi dc cơ quan lo đi học nên đéo nghèo. Cũng đéo đú nhé đồng chí,0,1
2887,"Vẫn còn page 1, thả gif đi thằng dưới!",0,1
2888,Cái trò kéo cuối phiên này tôi ăn đòn nhiều rồi. Cứ nằm xem bọn sv làm trò thôi.,0,1
2889,"Dù sao nó cũng là thằng vào thị trường lâu năm, ngót ngét từ 2009, chứ giờ tá lả các thể loại, chưa kể 3M fake nhan nhản",0,1
2890,"Theo tiêu chuẩn của Tây thì bắn là hành vi vô nhân đạo. Nên hơn chục năm nay đã áp dụng việc tiêm thuốc độc rồi, 1 lần tận 600 củ đấy, hết sức lãng phí. Trong khi đó chỉ cần 1 sợi dây thừng là treo cổ vài chục thằng vô tư",0,1
2891,"Cố gắng ngược dòng là thằng ngu. Cố gắng tự định đoạt mới đáng tự hào, xuôi dòng hay ngược dòng không quan trọng.",0,1
2892,"Có ai chết hay không thì liên quan quái gì,",0,1
2893,"Tuy là rồ Mẽo chân chính + anti anh hai nhưng cũng phải nể nó đôi phần Đất nước đi lên từ lao động + sản xuất (mặc dù cũng có chiêu trò với bọn tư bẩn), tự tạo được ảnh hưởng lên thế giới thì tự khắc sẽ có sân sâu, đệ ruột như Mẽo thôi. Không như ""kẻ mà ai cũng biết"", ngoài đống vũ khí vô đối trên lý thuyết ra thì sức ảnh hưởng đéo có mà lúc nào cũng đòi phải là một cực của thế giới, lên tiếng thì mấy thằng hàng xóm xung quanh phải nghe lời, đéo nghe là mở chiến dịch quân sự đặc biệt",0,1
2894,Tàu nào không giám ho he. Bí thư 1 tỉnh của nó ngang mẹ chủ tịch nước bên mình chứ đùa. Thủ đô bắc kinh còn bí thơ cỡ quảng tây vân nam nó quán xuyến 1 trời.,0,1
2895,"Trần Kha Minh, 30 tuổi 30 tuổi rồi chứ phải con nít đâu, đi tù xong ra nữa hết mịa đời người, chịu",0,1
2896,"bãi giữ xe chung cư thì quyền ở ban quản lý, bố thằng vin cũng không tự ý vào cắm trụ hay sơn vạch lại được...",0,1
2897,"à anh đứng ngoài thì lúc đếu nào cũng sẽ thấy đầy những cơ hội, ""nếu"" vào là ngon ăn nhưng anh đứng trong thì lại múc mịa nó cái đỉnh mất rồi còn đâu tiền mà bắt đáy",0,1
2898,"Nó đếm số thì nói làm gì. Ví dụ cái chổ đường Nguyễn Hữu Thọ. Đường cho chạy 80km/h, đang phi 60km/h, đùng cái nó đối đèn vàng rồi đỏ luôn. Bố ai mà thắng kịp. Kể cả có thắng kịp thi cũng chả dám, thằng sau nó húc đít thì bỏ mẹ.",0,1
2899,"trai hay gái quan trọng gì, quan trọng sau này lớn lên nó như nào nó giỏi giang có hiếu thì giới nào cung dc loại phá gia chi tử ăn tàn phá hại thì...",0,0
2900,Conan sống dai vãi đái,0,1
2901,"Tôi lại thấy hay mà, gần gũi là ok. Chứ cái thứ chảnh chó chỉ dạ dạ vâng vâng ghét vđ",0,1
2902,"Chuyên gia là gọi chung mấy người sang VN làm việc chứ k phải việt nam mời nó qua. ví dụ như bọn ấn thì hầu hết là làm việc cho cty ấn độ ở việt nam, chứ có ai rảnh mà mời mấy thằng đó. hàn quốc là làm cho cty hàn quốc, nhật là cty nhật hoặc dự án của nhật. Tiếng anh gọi chung bọn này là expat, lều báo dịch ra là chuyên gia",0,1
2903,"vãi nồi, lái chính lái phụ giờ vẫn còn phải ăn 2 bữa riêng tránh 1 thằng ngộ độc, giờ mà chỉ bay 1 thằng thì nhỡ thằng ấy tào tháo đuổi thôi thì đã là vấn đề moẹ rồi, nguyên tắc của hàng ko là luôn có thứ thay thế. ngay cả cái lỗ cắm tai nghe thì 1 trong những lí do giữ 2 lỗ vẫn là vì 1 lỗ hỏng thì còn nghe tạm bằng lỗ còn lại, chứ đừng nói là phi công",0,1
2904,Có những diễn đàn trên mạng còn quái đản bệnh hoạn hơn,0,0
2905,"Trời mưa sân trơn chỉ khổ mấy thằng thiên về tốc độ , éo xử lý nhanh đc.",0,1
2906,Bớt cái mồm vào thôi.,0,1
2907,Logistic VN so với Tàu đúng là đbrr. Từ tàu ra hải quan VN mất có 1 ngày,0,1
2908,nước còn nhiều đừng có tham,0,0
2909,"A méo phải anfong đâu fen :V Sumi làm giao thông, lại toàn làm dự án nhà nước :v tôi chả có tí kn gì về 2 cái này ))))",0,1
2910,nó là công an chìm mà sao đéo biết được ?,0,1
2911,"Nếu đất là ""Ông và già vợ cho, tặng riêng vợ"" thì dẹp chuyện xây dựng fen nhé. Không thần kinh mà lại xây nhà trên đất thằng khác.",0,1
2912,"Tôi nói nhiều lần rồi. Cái BHXH không nên nghĩ là tiền của chỉ bản thân anh, nó là tiền đóng vào cái quỹ chung để hỗ trợ cả xã hội. Cứ coi như ""thuế nuôi người già"" đi cho nhẹ đầu.",0,0
2913,Lần đầu tiên tôi nghe thấy có chỗ làm tuyển dụng theo học bạ cấp 3 đấy. Hay anh kia nói mấy chỗ chỉ yêu cầu học xong lớp 12 thì tôi đéo biết.,0,1
2914,"Tao ăn mỳ mấy tháng nay chứ. Ho như chó sủa ma ấy. Tao có 1 căn hộ . 1 miếng đất ngoài tp TD , tầm này năm ngoái mua 1 miếng 500m ở quê vợ. Quê tao thì tao chả có gì . Toàn của ông già ko tính.",0,1
2915,"Cái mày nói mới đúng là cái ai cũng biết: ""Túm nó lại quát hai phát là chết """,0,1
2916,Cái xứ này ẩu tả riết quen,0,1
2917,"ủa ở mỹ éo có nghiệp đoàn ah.12h/ngày, 7 ngày trên tuần ko tăng lượng thì kiện bỏ bu thằng úp bô đi chứ.",0,1
2918,*** *** *** *** .....,0,1
2919,"Dân trí cao thì nó vậy, sinh con ra cho bọn địa chủ, chủ nô nó bốc lột à? Một là nhà nước điều chỉnh chính sách cho người dân, hai là giảm dân số thôi. Chứ có ai ngu mãi được, các nước phát triển đều vậy rồi.",0,0
2920,Hóng thằng @Cho' vào phẫn nộ,0,1
2921,"Đồng chí này thật hài hước. Đang bàn chuyện HN, anh lại lôi SG vào. SG thiếu gì quận bé tẹo, sao anh ko chửi lãnh đạo bọn quận 1, quận 3 quản lý kém?",0,1
2922,Nói tào lao gì vậy bạn?,0,0
2923,Tới đi thím. À mà thím bảo cái bọn Tâm sự trên website vnexpress bớt xạo đi nha,0,1
2924,Từ khi nào phải sống theo ý mày mới là thượng đẳng thế,0,1
2925,"ai dám bỉ bôi vậy? t đang ngưỡng mộ gái NH sang chảnh lương 40tr/ tháng đó fen, khùng hay sao mà bỉ bôi vậy, bớt gắp lửa bỏ tay người đi!",0,1
2926,"Chỉ trong VOz này thành viên tuy cận đụt trĩ nhưng bao giờ cũng hiểu được tư nhân hóa điện nó dã man thế nào, lúc đó 10 k 1 số điện cấm kêu. Trên fb mấy ông ô tô fun mang tiếng già đầu mà ngu lúc nào cũng bảo sao ko tư nhân ngành điện như mạng internet, viễn thông. haiz",0,1
2927,"Đầy mà Nhưng bọn khôn thường dấu gia thế, nhưng có 1 đặc điểm chung là những thằng hay cãi và ý kiến hoặc sẵn sàng fighting với cả cấp trên thì thường là đại gia đi làm Phận nghèo đi làm kiếm sống gần như ít có sự phản kháng, Tôi là 1 ví dụ",0,1
2928,Cần éo gì tập gym. Lâu lâu vẫn vác vài bao gạo 50kg bình thường.,0,1
2929,"Ai bảo học giỏi quá làm đéo gì, cứ học ngu ngu như tôi thì chả bao giờ vướng bận mấy cái thi cử hay giỏi giang cả. Ở nhà ông bà giả chỉ cần lên lớp là được, nên chưa bao giờ phải xoắn mấy cái trù dập vì không ai dám cho học sinh lớp mình chủ nhiệm bị ở lại lớp cả.",0,1
2930,"Tốt nhất nên đọc và tìm hiểu, bớt trẻ trâu ba xàm đi.",0,1
2931,"Chuẩn, toàn làm ba cái trò nhăng cuội.",0,1
2932,"Nhạc trong đầu tự nhiên vang lên "" tèo téo tèo téo tèo. Tèo teo tèo. Tèo teo téo teo tèo. Tèo téo tèo téo tèo, téo tèo """,0,0
2933,Chả hiểu chửi cái gì?,0,0
2934,"Về méc má, chứ phản kháng 1 cái là đi tù như chơi",0,1
2935,Chui vào mấy chỗ sang đẹp thì chỗ éo nào chả thế vào chỗ bình dân coi đến chịu ..,0,1
2936,thế chắc sắp tới sẽ gõ mạnh bọn đại lý nhà cái nước ngoài để mở đường cho nhà cái vn đây,0,1
2937,Chơi ngu còn đăng lên mạng,0,1
2938,"Với bản tính của người việt, bđs mà chết thì dân cũng đéo dám mua nha. Chỉ khi nào tăng giá thì mới lao đầu vào mua thôi.",0,1
2939,"Từ những năm 189x Nhật nó đã đấm sml Nga, Thanh; sau đó nhảy vào cạnh tranh với cả Mẽo, Anh, Pháp... để chia sẻ quyền lợi trên đất Tàu; lúc đấy Mẽo nào buff cho nó Thế chiến 2 đấm sml cả châu Á, Mẽo nào buff cho nó. Mẽo mà méo kìm nó lại thì ko khéo quân sự nó bây giờ Tàu phải sợ đái ra máu đấy",0,1
2940,"Case này thì áo vàng đúng rồi còn gì. Chưa biết gì đã đòi kinh doanh to rồi, còn phải vay thêm vốn ngân hàng nữa thì chả khác mẹ gì chơi tài xỉu.",0,1
2941,"cái cơ chế của cây mắc cỡ ko phải là cơ chế ""đau"" của động vật nói chung",0,0
2942,"Để cho bọn đoàn đội làm quản lý thì hậu quả nó như thế đấy. Đợt thiếu xăng trước là do tư nhân nó không muốn bán chứ không phải thiếu thật. Các ông bắt nó bán ra bằng giá nhập vào thì có thằng ngu mới bán tiếp, nó làm kinh doanh chứ có phải từ thiện đâu. Tiền điện nước, lương nhân viên ai trả?",0,1
2943,Gớm thằng sun nó ném vào đấy cả đống tiền rồi nó khác biết cách thu hút với giữ khách quay lại bà nà không cần vốt dơ múa phím hộ đâu,0,1
2944,"Muốn đổ xăng thì cứ lên voz, cứ đăng bài xăng ở HN thì các con giời ngoài đó lại thi nhau vào cmt mới đổ xong, xăng ngoài này còn cả đống, chả vấn đề, chả phải bu đông, vừa tràn bình Nhưng tôi thử lên fb gõ từ ""xăng hà nội"" thì thấy cả đống cmt của dân ngoài đó than không đổ đc xăng là sao nhỉ // Vừa cmt xong thì thấy 2 thằng ở trên cmt y chang",0,1
2945,"Ngoài đời éo thấy nhà nào kinh doanh lâu năm, ổn định 1 phát phá sản dc",0,1
2946,Rồi nhiều kèo thằng cha bị đàn áp tao bênh thằng cha sao m đ kể vô ?,0,1
2947,Vào sinh ra tử xong đéo đc gì,0,1
2948,"Anh xàm lông, người dân Đông Lào hiện tại chưa được định nghĩa cũng như khái niệm biểu tình. Tất cả điều là hành vi vi phạm pháp luật: tụ tập đông người gây mất an ninh trật tự. Nên hiện tại anh xúi người ta ra đường để bị vô tù à? Anh cho quyền người ta biểu tình đi rồi lúc đó anh xem thằng nào cấp tiến, thằng nào cào phím",0,2
2949,"Trai hư là Trai éo gì, định nghĩa giùm cái",0,1
2950,"Báo chí Việt Nam vốn truyền thống ""nhét chữ vào mồm"" người khác mà. Dịch đúng cái bài trên Sina Sport theo ảnh chụp của lều báo thì tiêu đề sẽ dịch nôm là:",0,0
2951,Vovan và Lexus 2 thằng cha này không biết làm đc mấy chục vụ kiểu này rồi,0,1
2952,Vi hiến nó kiện thối mồm.,0,1
2953,"Hệ quả là cuối cùng éo bik làm gì cứ lao đầu vào ""Quản trị kinh doanh"" haizz",0,1
2954,thế nên tôi trung thành với calis ừ thì éo đô dc như mấy ông tập gym nhưng sẽ éo bao giờ bị tạ đè,0,1
2955,"Mỹ 1 năm gần 600k vụ trộm đột nhập, nó có luật phòng vệ chính đáng cũng đéo ai man rợ giết người phủ đầu đâu anh ạ.",0,1
2956,"Phấn đào nhà tôi top 10 mà giờ cũng đéo cần lo cạnh tranh, tầm nhìn xa vkl.",0,1
2957,Đặt cái tiêu đề vcl.,0,1
2958,Phong thái quý tộc của Hoàng tử được giáo dục từ bé phải khác thằng cục súc nhà quê chứ,0,2
2959,"Bây giờ công nghệ của anh chế tàu bè máy móc súng ống để làm cảnh, đánh nhau sứt đầu mẻ trán vs mấy thằng hàng xóm tranh mấy dẻo đất bằng cái yếm à? Thế tại sao ko đi đô hộ mấy thằng dân ngu mọi đen mọi vàng mọi đỏ, ez game đúng ko?. Để rồi cuối cùng lột trần cái công cuộc khai hoá văn minh vẫn là bóc lột thuộc địa, tích trữ tư bản...Nó là hiện thực khách quan va chạm giữa các nền văn minh rồi mà các a cứ tô hồng như tuyên láo",0,2
2960,"A nào lập thớt Man đần mới thì làm ơn đừng dùng chữ ""Manchester United"" giùm. Tôi đoán chữ này bị gg check kĩ cmnr, nên thay bằng chữ ""Man đần"" để thoát gg check. Và cũng xin các a đừng chửi bới nhặng xị nữa, bash nhau = kiến thức, đừng = những câu chửi chợ búa.. Làm ơn",0,1
2961,"thế nên thằng thớt nó mới tạo cái thớt này, mày hiểu chưa ""có khi nào người ngoài hành tinh đã tạo gieo sự sống trên trái đất và con người cũng được ailen tạo ra""​còn mày muốn tìm hiểu về thiên thạch chứa hữu cơ thì lên google mà tìm, toàn bài mới thôi link",0,2
2962,Trư toàn nói xàm xàm!,0,1
2963,"Đù, thằng nào suy nghĩ ra cái này cũng ghê thật. Lỡ đi du học, đi công tác hơn 12 tháng thì sao ? Mà đi công tác trong nước mà hơn 12 tháng thì sao.",0,1
2964,Sao 1 hiện tượng cực phổ biến vậy lại mà y học lại mù mờ thế nhỉ? Chẳng lẽ cả đám Đông Á bệnh phu không thằng nào nghiên cứu,0,2
2965,thằng binz này có phải là mỹ kiều ko thế sao nó hát cứ lồng mấy từ nước ngoài vào vậy,0,2
2966,"Nâng giá đất quá cao: Lợi cho bọn cò bds, lợi cho những người đất nhiều ở quê, và bọn khôn lỏi gắn mác nhà đầu tư, nói thẳng ra là đéo đóng góp đc gì cho nền kinh tế sản xuất hết. Khổ cho cái đám khởi nghiệp làm ăn, từ sản xuất tới dịch vụ vì mặt bằng tăng giá, đất sản xuất tăng giá chôn cả đống vốn vào phần đó, khổ cho tầng lớp lao động công nhân và nhân viên bình thường vì đi làm bục mặt ko đủ tiền mua đất xây nhà. Giờ mày cảm thấy tầng lớp nào có ích cho xã hội: lũ kền kền ăn bám hay lực lượng sản xuất chính.",0,2
2967,Éo hiểu? Có gì liên quan ở đây à?,0,1
2968,"Test kháng thể là biết thôi bác, như BN162 đó. Mà thằng Hàn làm ăn lôm côm quá",0,2
2969,Mình thì rất ủng hộ bọn trộm chó. Xích hết mịa những con chó thả rông không rọ mỗm đi. Để nó lông nhông cắn người là không được,0,1
2970,"Trả nợ đi bạn, tụi nó có mất dạy thì cùn đúng luật mà chơi, có vay có trả. Nó mà post hình lên 1 phát thì mang tiếng cả đời",0,1
2971,"1 năm đi tới 2v xe gia đình đã là nhiều vl rồi đấy, chia bình quân đã là chạy hơn 50km/ngày cả năm. ko chạy dịch vụ thì làm mẹ có thằng điên nào 1 ngày chạy 100km mà lên được 4v",0,1
2972,Like vì đéo hiểu gì cả nào,0,1
2973,"cho con vào lớp 1 luôn đi bác ạ, nó ko thích học với bọn trẻ ranh mẫu giáo đó",0,2
2974,Đéo like. Đéo liên quan.,0,1
2975,Méo hiểu đi hỏi cái đấy để làm gì luôn?,0,1
2976,Và Winner cũng không lên đây lập thớt nhảm lol như thằng chủ thớt đâu,0,2
2977,bây giờ xuất khẩu lao động sang Nhật Hàn ở các tỉnh miền Bắc rất mạnh ở Nam Định có nguyên 1 làng là toàn con đi XKLĐ gửi tiền về xây nhà cho bố mẹ,0,0
2978,"Thiago bị thất sủng cmnr, trận trước đá có vài phút cuối mà có mấy pha mất bóng nguy hiểm vãi, mà đéo hiểu Minamino kiểu như con rơi của Klopp vậy, suốt ngày được ưu ái",0,1
2979,Hàng nhái hay gì mà nhìn xấu đui vậy bro?,0,1
2980,"Có những cái nó nói đúng, nói chuẩn thì công nhận, có những cái đéo đúng thì bỏ ngoài tai, đúng thì chả lẽ bảo sai. Chứ chả dở hơi đi thần tượng hay hâm mộ gì. Tay này nó biết làm hình ảnh, có 1 video nó nói nghề của nó là tạo kol và đánh bóng tên tuổi, vậy là nó đạt được mục đích rồi",0,1
2981,"Sai tên thì nghỉ mẹ đi, chẳng tội gì mà đi",0,1
2982,"đó chỉ là cái thủ tục rác rưởi thôi, bỏ đi nhé!",0,1
2983,"Nếu nó thích phong cách Tây thì sẽ là ""Ô mài gót"", ""Ồ giẹt"", ""Phấc mi"".",0,1
2984,"ui nick voz có giá trị gì đâu cho nó gạch, chắc nhãi con thì mới rảnh việc làm trò như thế thôi, chấp trẻ con làm gì bác!!",0,2
2985,"tôi đi nội soi thì dạ dày không có vấn đề gì , chỉ là đéo hiểu tại sao uống nước dừa liên tục 1 tuần thì nó bị thế , ngưng 1 cái thì hôm sau lại bình thường",0,1
2986,h1 làm quá tốt rồi mấy anh chửi đéo gì vậy,0,1
2987,Voz nào chứ làm gì phải voz này,0,0
2988,căn bản nó vô thưởng vô phạt. Chứ thực ra các chuyện khác nó pha trò dễ động chạm tới tự ái mọi người,0,1
2989,"Thà cho mỗi cháu đóng mẹ nó 50k 100k đi cho nhẹ, đây nhìn con xách khệ nệ vào trường mà thấy thương. Phong trào thời bao cấp, giờ vẫn giữ thì chịu cái bọn phát động phong trào",0,1
2990,Thuế VAT là thuế đánh vào người dùng cuối. Doanh nghiệp chỉ là trung gian thu cho nhà nước thôi. Có quyền gì mà kêu giảm hay giữ nguyên! Một cu li đếch phải làm các nghiệp vụ về thuế cười sung sướng nói.,0,1
2991,"Tất nhiên gần mực thì đen, gần đèn thì cháy, nhưng vẫn là do bản tính là nhiều. Một người có ý thức thì đưa vào môi trường tốt thì nó sẽ có ý thức, còn 1 người đéo có ý thức thì đi đâu nó cũng lộ bản chất. Tóm lại, bản tính vẫn quyết định nhiều hơn môi trường, 7 phần bản tính, 3 phần môi trường.",0,1
2992,"Nếu của thằng dân thì giờ thu tiền của thằng dân và nhà nước thu thuế rồi bù qua cho EVN cũng như nhau mà. 2 cái cũng như nhau, đường nào cũng lỗ thế sao ko cho nó khai báo lỗ.",0,1
2993,Mày nói chuyện cứ như đang ở tư bản vậy = )),0,1
2994,"Thằng cầm page vin đó là mấy thằng tạo page đi tuyên truyền,chat kích động mọi người để lên like page thôi.Nói thật mấy ông trong thớt này đi đôi co với cái Page 50 likes thì tôi biết các ông là thành phần nào trong xã hội rồi",0,2
2995,"Tr khi đập máy thằng sv đã rất bố láo fen k xem à. THP là 1 hệ thống còn ô xe ôm là 1 người dân, ngta học thức kém,EQ thấp có thể hiểu phản ứng nhất thời ngta k làm chủ dc. Giữa ng với người phải xanh chín, đó là luật bất thành văn ở mọi xh, vậy thôi",0,2
2996,"cái tờ này chả có cái giá trị gì nếu lời người ta nói là đúng,ko bôi nhọ,nói xấu.Lại nhớ vụ ngày xưa đọc báo 2 thăng say rượu ký giấy sinh tử xong đâm nhau ,1 thằng chết",0,1
2997,"Em chơi game hay thấy bọn TQ nói cái gì đó nghe đại khái là ""quọ tò"" ""quọ tò""",0,0
2998,Nước trong thì không có cá Người tốt quá đéo ai chơi,0,1
2999,"Kệ cha tụi nó, thắc mắc làm j.",0,1
3000,"Nó bỏ ra 1 nhưng vơ vét 100, vét cạn kiệt từ sức lao động cho tới tài nguyên thì gọi là bóc lột đó fen. Còn nó tự gọi mình là đi khai phá văn mình cho vùng đất khác.",0,1
3001,"Cho hỏi ngu cái, thế giờ thớt ngụ tại nhà obz à? Nhiều khi obz chết để lại cho cái nhà lại có gia sản",0,1
3002,"Đưa bài này lên face, 90% ng dân chỉ nhìn cái tiêu đề sau đó bật chế độ chửi Mà evn bị lên bài đấm thường xuyên thế này thì ngày bị nhóm lợi ích xé xác ăn thịt không xa rồi, còn người dân thì trong cơn cuồng hoan phá được ""độc quyền"" evn như với giáo dục, y tế trước đó",0,1
3003,"Cắn 2 miếng là ngán tận cổ, bán mỗi cái hơn trăm k. ""Lễ mà"", ""Tết mà"".",0,1
3004,"Thông minh kiểu gì mới được Kiểu mọt sách, thuộc hết định lý quy trình thì thua thằng thông minh kiểu khôn lanh này nọ",0,1
3005,"Hơn chục năm trước lớp 10, đi chơi net vs thằng trong xóm về khuya thấy 1 thanh niên vật vã bên lề đường, tưởng nghiện lên cơn. 2 thằng lại gần mới biết say rượu, xe cộ nằm chỏng chơ, mồm thì cái gì mà em ơi em à... Lay mãi thanh niên dek dậy còn đạp thằng bạn phát ngã dúi dụi, nó akay bế con xe với ví tiền, tiện tay tháo mịa cọng dây chuyền còn chửi ""dcm thứ ngu si dại gái như này thì thương tiếc cmg"" Dcm hôm sau cắm con xe 2 thằng lấy tiền qua net khu khác mua card nạp vltk2. . Nhớ mãi lần đấy vì cào card cắn event đc hẳn cuốn mt tích dương vđk, sang tay đc 1 củ tiền tươi thóc thật.",0,1
3006,"Nhờ đạo hữu @Pattie ban giùm con cá mập này, chính nó là thủ phạm khiến box TDTT ô yên chướng khí, bần đạo pháp lực chưa đủ không độ hóa nó nổi, mong đạo hữu tiễn @concamap1221 đi ra đảo để đem lại bình yên cho box, có khi sẽ thoát khỏi mắt dò xét của thiên đạo GG",0,2
3007,hóng thế hệ 2k vào ăn 2 tỷ của mấy thằng già thế hệ cũ,0,1
3008,"có tiền lo cho con là đc, nó lăn tăn gì mấy cái đấy có khác gì mấy quan chức tham ô đâu, cũng 1 mớ tiền bẩn đấy",0,2
3009,"Vãi cl chứ mấy móng, mày canh mua vé mb du lịch đợt nghỉ dài như obon hay tết tây golden week thì xem giá nó nhé. Dân Nhật so với mẽo có thể thua chứ âu thì thua éo gì, bình quân nó mới tốt nghiệp ra 20man về tay 16-17, ở âu thuế các thứ cũng vkl, dân nó làm 30 man thì nhan nhản thuế các thứ chỉ đớp 5-6 man",0,1
3010,cái thằng ở VN kia mà sang mỹ học hành lấy bằng từ trc thì lương lậu cũng phải gấp 2-3 lần thằng đang ở mỹ đó.,0,1
3011,Thg đấy vớ vẩn bạn kiểu thân của nó đấy,0,1
3012,Rảnh đéo đâu mà quan tâm,0,1
3013,Nói đạo lý lắm vl. Văn vẻ ít thôi anh ơi.,0,1
3014,"m có thể đọc tin về vụ cháy đó trên rất nhiều tờ báo khác ngoài kia, đừng nghĩ voz là kênh thông tin duy nhất ở VN, lôi cái gì về đem lên đây là do thằng vozer chứ ko phải chủ ý của chính phủ hay cơ quan báo chí nào, nên hiểu cho rõ như thế và bớt cmt ngu ngốc lại, cả 1 cơ số thằng khác cũng nên như thế...",0,2
3015,"Nếu không định vào bằng ""thái độ"" thì thi sẽ kiểu này: Bốc câu hỏi. Sẽ 1 câu Chuyên môn. 1 câu sặc mùi nn kiểu: Hỏi về văn hóa doanh nghiệp, cảm nhận thế nào về văn hóa doanh nghiệp của nó ( Đkm nó, nghe thì hay vl, vào làm thì thấy cái ""văn hóa"" nó văn hóa cỡ nào) hoặc lúc gặp khó khăn thì liên hệ ai, trả lời là công đoàn. Chỗ mình thì như vậy",0,1
3016,Có sao kể vậy cũng bị coi là PR à? Tôi có bốc phét nổ lương 100 củ hay khoe đẹp trai hot boy đéo đâu.,0,1
3017,"Chắc bọn này đang dồn tiền dời thủ đô. Xe xăng bỏn rẻ quá, xe điện thì đú thôi. Kẹt xe vcl thì xe nào chả vậy, dân nó ngán mịa rồi.",0,1
3018,"bọn trẻ giờ thông minh vkl chơi game cũng kiếm tiền được lấy mác gamer tuyển thủ thì khối công ty book nó làm đại sứ để QC game, chưa kể 1 buổi live chắc bằng 1 tháng lương của bọn đi làm thuê, nếu t có trình như bọn game thủ thì giờ đâu đi làm culi đâu haizz đúng là đời",0,1
3019,"Đúng vậy. Và cả ""chạy"" nữa. Môn này ko cần tập. Chỉ cần nhiều tiền. Thiên hạ ghét 1 tí nhưng nể. Nói ngu cũng thành đúng.",0,1
3020,"Lão Phổ Nghi này khổ vcl ra. Còn nhỏ thì bị bắt làm vua, lớn chút nữa thì bị tụi quân phiệt đuổi cổ ra khỏi nhà. Đã vậy mồ mả tổ tiên còn bị cướp phá. Lão cũng rất cay vụ này nên mới hợp tác vs tụi Nhật. Làm hoàng đế Mãn Châu.",0,1
3021,"Nhà vị trí phong thủy xấu vl, ngã 3 lại còn ngay đường đâm vào -.- Nhà bị cháy có người chết oan ko có miếu để oan hồn trú thì nó chẳng ở trong nhà",0,1
3022,"Nước Việt thời xưa từ vua đến anh dân đen đều ăn trầu, cho dù học chữ hán tinh thông đến đâu cũng v! Đây là quốc hồn quốc tuý của người Việt nên nay thấy tục dần mất thì cũng thấy ngậm ngùi. Sau này bọn cổ nâu nó tuyên truyền hoa việt là một thì khối anh lại a dua như thật! Vì còn gì riêng để nói đâu!",0,2
3023,Đã biết dịch đến sát cửa rồi mà còn đú đởn đi vào vùng dịch..không hiểu chúng nó nghĩ cho người khác được một chút ít nào không,0,1
3024,"Vậy chứ tôi nói từng đó câu mà không đọng lại được trong đầu được ý gì à? Các anh ăn món ""bún bò Huế"" rồi đi so sánh, chê món ""bún bò Huế"" ở Huế dở hơn ở miền Nam. Trong khi thực tế thì ở Huế họ ăn ""bún bò"".",0,1
3025,"Thiết kế cái cửa chống ngập chán méo tả đc, làm tấm này, 10 con bulon siết kín bưng. Nước vẫn ngấm do nền nhà cũ nhưng thêm cái máy bơm hút liên tục nên tài sản ko sao.",0,1
3026,Nó đéo quan tâm đâu. Cái nó quan tâm là doanh số.,0,1
3027,"Nước ngoài nó cũng đăng clip bắt tội phạm, bắn chết đầy kiện đéo gì, từ góc nhìn của cs luôn Cái này cũng là vi phạm pháp luật khác éo gì mà kiện",0,1
3028,"Tôi thấy cái thớt này cái chính ko phải tụi 2k kia làm gì dc tỏi nọ tỏi kia, nói rất mơ hồ.",0,1
3029,gọi tổng đài cho chắc chứ bọn sale nhiều đứa nó tư vấn ngu lắm,0,1
3030,"Tập làm người xấu: thằng nào dịch cái tít ""hay"" vậy. Tiếng Việt thiếu mẹ gì từ để dịch: tha hóa, sa đọa, suy đồi,....",0,1
3031,"Quán karaoke nó tính 40k/lon, lều báo vào lên bài hộ cái",0,1
3032,chơi ngu mất tiền nên ăn vạ chăng,0,1
3033,"gớm . cứ như kiểu quân đội ta được lên facebook. được khoe : "" tao là tướng "" để cộng đồng mạng được phen trầm trồ ấy nhỉ ?! thớt mày seach kiểu gì ra thằng nào là trung tướng thế, bào tao ?! nhiều người quan tâm lắm",0,2
3034,"Phở Bát Đàn chỉ dành cho khách du lịch với mấy đứa dẩm hám danh phố cổ thôi. Người ở đấy đéo ăn nói thế cho vuông. Hồi chưa vào Nam định cư, cứ có khách ở trong đấy ra HN chơi là đòi dẫn đi ăn phở Bát Đàn bảo đến chỗ khác ngon hơn đéo chịu ""vì tao gúc rồi"", cay vl.",0,2
3035,Vay 200 củ ngân hàng ăn chơi thời trẻ trâu. Giờ trả hết nợ rồi mới thấy kinh hoàng = )),0,1
3036,thì nói mẹ ra là đéo uống đc đy haha,0,1
3037,Chân tập tễnh chưa phải là tàn tật đâu. Tàn tật là mất hẳn chức năng của 1 bộ phận cơ Bạn còn may chán so với những người tàn tật,0,1
3038,"Giờ nhìn lại thì vụ tăng ls mục đích chính là để đập bọn bđs, gây sức ép các phe nhóm để thông qua luật đất đai mới, nên lấy ý kiến dự thảo mấy tháng rồi mà dư luận ko quan tâm mấy chứ như bình thường thì các ""chuyên gia"", ""nhà kinh tế"" ăn tiền bọn bán đất đã nhảy bài ầm ầm rồi",0,1
3039,"tips ko phải văn hóa ngoài này, mà thớt tips đéo gì 50-100k thế tiền tips mỗi tháng nó lên tiền triệu à? bản thân thấy nó lãng phí, khi nào đại gia thì là 1 chuyện khác",0,1
3040,Cuối cùng cũng qua cái năm khốn nạn....,0,1
3041,"Tôi dân miền Tây đọc tít phát 90% đoán miên tây luôn, mấy thằng choai choai chỉ có 2 cái làm tốn thời gian của nó nhất, một là nhậu, 2 là xe cộ.",0,1
3042,Á đù. Thằng nào cướp banh hay thế,0,1
3043,50 độ chắc là đo ở mặt đường chứ không có cái lol mà nóng vậy.,0,1
3044,"5 thằng nào ? Thằng Việt Anh 1m86 cao nhất đội còn éo nhảy nổi với tiền đạo Iraq 1 thằng 1m87, 1 thằng 1m89 Trận gặp VN vừa rồi bọn Iraq nó biết thừa hậu vệ VN lùn nên mới xếp 2 thằng tiền đạo này đá. Chứ Ali Al-Hamadi 21 tuổi đá cho hạng 4 Anh mà cho vào sân",0,1
3045,"xstk thì cũng khó mà dự đón. Dự báo thời tiết có dữ liệu thời tiết toàn cầu, xài máy tính tính tón còn đếch dám đăng tin thời tiết trước 1 năm, 7-10 ngày là đéo còn giá trị, thế mà mấy thằng bói tón nó dám đoán tương lai 50 năm của người ta mà chẳng có thông tin của toàn bộ nhân loại, đúng xiaolin`",0,1
3046,Tôi học y 6 năm đã dài vl Thằng thớt còn 8 năm Mà cho nợ thế à Trường tôi nợ quá 3 năm là đuổi,0,1
3047,"Thơm mà, do thằng ngu quy hoạch sai thôi",0,1
3048,"1 trong những nhà văn voz nổi tiếng là Cusiu tác giả truyện ""Chị ơi Anh yêu em"" lừa đảo bị người ta đánh trói như chó xong lên cả báo. Google là ra.",0,2
3049,"Phil nó hứng cho 2-30 cơn bão 1 năm trước khi vào biển Đông, mình dính còn ít nhiều trận đã tan hoang, chắc dân nó kệ mẹ quá",0,1
3050,"Công an trước khi đánh án thì họ nằm vùng check chán chê rồi nhóc ạ. Mấy vụ này như mấy vụ bắt án ma túy thôi, có công an chìm nằm vùng mua hàng + theo dõi đường đi nước bước hết rồi. Chờ 1 ngày đẹp trời là chặn đường ""xe khả nghi"" => khám xét => bắt quả tang => về đồn => thành khẩn khai báo => ra thằng trùm.",0,1
3051,"Mình xem hình ảnh mấy cảnh sát Ấn Độ vụt mấy thằng ngáo ngáo, hay phát ngôn kiểu như: ""cấm thế này gò bó lắm em không chịu được""",0,1
3052,cho vay bằng tiền tk thì đc chứ rút tiền ở thẻ tín dụng cho vay thì thằng ku đồng nghiệp bị ngu à,0,1
3053,"Chịu, vozer mà cũng nghe mấy cái nhảm nhí này à",0,1
3054,"Hi vọng đại bàng trong tù biết tin thằng này đập xe cứu thương sẽ ""để ý"" nó hơn chút",0,1
3055,Đấy là ăn chay chứ đéo phải keto,0,1
3056,"Nhà tao có mấy con bò này, mày vào bắt giùm tao đi. Cần thì inbox tao nổ địa chỉ cho mày qua dắt về. Mấy con bò nhà tao chưa tiêm ngừa, chưa đăng ký gì hết nhé. Có 11 con, mỗi con trung bình 10 củ, mày bắt đc thì tao cho mày luôn, lấy xe tải qua hốt cũng đc",0,1
3057,"Tự do tài chính là câu cửa miệng của mấy thằng đa cấp, bán khóa học.",0,1
3058,"Cái xe có mất an toàn thế nào cũng an toàn hơn xe máy nhà anh và mọi người đang đi, nhiều ông lo bò trắng răng. Đi tầm bậy tầm bạ, nốc rượu vào lái vớ vẩn thì tông chết người đi đường tội người ta thôi chứ mình không chết đâu. Còn chạy hổ báo, thiếu quan sát tông vào xe to thì xe có thiết kế giời biển cũng chết.",0,0
3059,"đéo hiểu à, dữ liệu nhập vào db, tra e banking nó ra hết. Thì h check ebanking thấy sai phải biết lên ngân hàng mà kiện chứ. chưa kể quy trình đối soát hàng ngày nữa, ăn chặn mà dễ thế thì đéo ai dám gửi ngân hàng",0,1
3060,"Tôi quen 1 thằng giống y như đúc lời bác kể. Cứ đi cf với nó là nói xấu 1 người nào đó, nếu hùa theo nó thì nó thân thiết vkl, nói hoài k hết chuyện, còn nói gì trái ý cái là nó quay 180 độ như 1 con người khác v, im lặng chẳng nói gì tính tiền đi về luôn, đéo hiểu phép lịch sự ở đâu nữa, mặc dù nó là người rủ đi cf",0,1
3061,"Chi đủ tiền thì tụi nó sang thôi, có gì đâu. Chỉ là VN cũng có thể chi nhưng khả năng hoàn vốn thấp nên đéo thằng nào dám mời về . Bài toán kinh tế cả thôi.",0,1
3062,"Gớm cái môn cầu lông cặp vợt 150k với trái cầu 10k là chơi được, ra công viên con nít với học sinh chơi đầy mà cũng thượng đẳng, sân si vậy để làm gì?",0,0
3063,"Trên này có thằng nước ngoài cứ bảo VN ăn thịt chó là ý gì vậy. Ai làm gì thằng này à, anh em nào biết không",0,2
3064,ngân hàng mà phá sản thì chế độ cũng sụp đổ đéo bao giờ xảy ra đâu,0,1
3065,Bọn này hình như là bọn lấp đất ra sông đồng nai để xây phải ko nhỉ.hồi 2k14 đi qua cầu thấy đang lấp đất xd,0,0
3066,"Nhiều thằng đọc báo, còn chưa từng tiếp xúc với mấy người tự kỷ mà dám phán sợ thật. Thím @oOotrumso nói đúng đấy, đ sai đâu.",0,1
3067,"khui éo gì anh, bọn nó kí hợp đồng đàng hoàng, làm éo gì dc, mà chúng nó làm bao năm rồi, tiền chúng nó tự làm tự hô biến, có ăn ngân sách đâu mà đòi khui",0,1
3068,"Tôi đéo thấy, a có số liệu thống kê nào trưng lên xem.",0,1
3069,"Vợ chồng mỗi người lương 350 củ, nhà chả mấy chốc thành đại gia, tội đéo gì không tán.",0,1
3070,"bà ngoại nó người Việt, mẹ nó lai đen, đến nó chắc còn 1/4 dòng máu anh hùng",0,2
3071,"Truyền miệng dân gian thôi bác ơi, con người có phải con kiến đâu mà chết dễ thế.",0,0
3072,"Kí đi cho nó sợ, cái ngữ này là hỏng rồi",0,1
3073,Cái trò sáng kiến hàng năm ở cơ quan nhà nước hài vl,0,0
3074,"Còn cái chuyện chảy máu ngoại tệ thì tui nghĩ chả có đâu, nhà nước sẽ phải thu thuế tụi nó chứ",0,0
3075,Giàu nó đ*ch thèm đi thi hoa hậu đâu anh,0,1
3076,Nhờ ơn con chó người tốt đấy chứ ai.,0,1
3077,"Trên hội ghét voz ấy,",0,0
3078,"theo mình nghĩ giờ mình nên học code hoặc làm đầu óc, tương lai đầu óc sẽ có việc và quen đc tầng lớp mình cần. Sau này ko làm đầu óc thì đao thải thất nghiệp đấy.",0,0
3079,Ăn chém máu me đầy mình mà vẫn còn máu dồn xuống đầu dưới Đây mới đúng là cao thủ số 1,0,1
3080,"Trước xem tiktok Anh lái tàu gì gì đó xem video cán mấy con chó với bò đến tội. Có những con chó ngu k tả dc, cả đám mấy con chơi trên đường tàu, tàu đến chúng nó chạy sang 2 bên, thế mà có 1 con nhất quyết chạy thẳng đường tàu.",0,0
3081,Nếp cái hoa vàng... Thớt nhạt,0,0
3082,Bồ còn thua nữa là. Đội Hình tbn thực tế có vẹo j đâu. Truyền thông thổi phồng mấy thằng trrer trâu chủa cá basa thôi.,0,1
3083,"Vid trong gr vOz F145, k phải kiểu loser mà thấy đám bạn bè con bé đấy đúng kiểu vô duyên.",0,1
3084,"Trốn nhiều đấy, nếu k tạm ứng chắc 1 tối bs trực cấp cứu đền 2-3 tháng lương Các anh không trực phòng cấp cứu nên k hiểu đc độ bần cùng của dân xứ này, trốn viện, hạch sách, đòi hỏi quá đáng…",0,1
3085,"Người chiếm hết chỗ đẹp chỗ tốt để sống rồi, và vẫn còn than không đủ ""chật quá, cằn quá, khó sống quá, thiếu tài nguyên quá"" thì làm sao những loài còn loại còn chỗ mà duy trì quần thể. Chừng nào con người còn tồn tại và muốn tăng trưởng GDP thì Trái Đất dần dần sẽ chỉ còn mấy con nhỏ nhỏ bé tí, mấy con to từ cỡ kích thước con chó trở lên là tuyệt chủng hết. Rồi khi nào loài người diệt vong hẳn thì vài triệu năm sau sẽ phục hồi lại.",0,0
3086,Chết cụ B Gay rồi. Mấy cái Track phổng đạn kia mà bị sờ tới thì...,0,1
3087,Nếu bạn đối xử với 1 con chó như 1 con người thì nó sẽ đối xử với bạn như 1 con chó,0,0
3088,"phông bạt thì dễ ợt ấy mà, với là lên khoe thì toàn bọn giàu nữa, chứ bọn cày hộc mặt ra thì chả lẽ đăng nay làm mệt này nọ à mà fen biết đc",0,1
3089,Lớn rồi bớt nói nhảm,0,1
3090,"Qua mỹ đi rồi thấy nam nó toàn cao 1m8 trở lên, 1m9 2m đầy ra. Chả có thằng nào dưới 1m75 đâu trừ bọn gốc đông nam á",0,1
3091,"Rảnh vô chửi cái nữa bạn ơi, não tụi nó vẫn chưa thông!",0,1
3092,lời ăn lỗ chịu ! chứ doanh nghiệp sản xuất thua lỗ sao không ai hỗ trợ ? bds là méo gì mà phải cứu ? không thì bán cắt máu sản phẩm đi để tồn tại ?,0,1
3093,"uhm fen, vậy tóm lại hơn 30 năm coi thời sự tất niên chưa thấy năm nào nó xúi dân ngu cu đen là k nên đẻ",0,1
3094,"Thực tế k phải k tách rời dc , mà là cố ý k tách thôi. Tín ngưỡng của người việt mình 9 phần là của đạo giáo , đạo đức thời trước cải cách đấy là lấy từ 2 chữ đạo đức trong đạo đức kinh của Lão tử đạo giáo.Nhưng mà do đạo giáo k nổi bật như 1 tôn giáo nên bị 1 tôn giáo khác như phật giáo há mồm nhận hết của mình dưới cái danh "" đồng nguyên "" "" đồng quy "". Nói "" đồng nguyên "" chứ thách cũng éo có đứa nào , kể cả mấy thằng tu hú bên phật giám thờ tam thánh/thần thánh ngang hàng hay thờ chung với phật ? Một vài nơi còn lưu trữ nét truyền thống sẽ có bàn thờ riêng , 1 bên đạo , 1 bên phật , 1 bên gia tiên ( nếu gia đình thờ )",0,1
3095,"Có phải ai tâm lý cũng mạnh được như Hoàng Thùy Linh đâu bác, con đấy nó nghị lực mà",0,0
3096,blv ko có chuyên môn. Nói vớ vẩn.,0,0
3097,"1. Là nó to quá ngày càng ăn nên làm ra 1,5. Là bị bọn nước ngoài đề nghị VN xử lý vì bản quyền. 2. Theo t quan trọng nhất là thằng chủ ở VN nên mới nắm đc thằng có tóc.",0,0
3098,Lạng Sơn lại hương vị Tây Bắc là thế đ’ nào!?,0,1
3099,Lập thớt nhảm như này thì đến 2020 cũng khinh nhé 0416 ạ,0,1
3100,"Thím này nói đúng. Từ 1 hãng vô danh, ở 1 nước nghèo (trong suy nghĩ tụi nó VN vẫn còn nghèo đói lạc hậu, đặc biệt lại ăn cơm sườn..nguyên 1 combo luôn ) nên dưới cách nhìn của nó, VF đbrr là đúng rồi. Nó review cho là may đó (được hít ké tý PR) nhiều khi nó chả thèm quan tâm cơ .",0,1
3101,"COCC thời nay đâu có như xưa. Bọn ăn tàn phá hại cũng có nhưng khá nhiều đứa được đào tạo bài bản, có năng lực thực sự.",0,0
3102,đọc chán đ thèm chửi ),0,1
3103,Tôi rất ghét những thằng đưa tin kiểu này. Thà đưa tin ra rồi nói cần kiểm chứng còn hơn.,0,1
3104,"tôi hay nói với vợ ""đang yên đang lành, tết nhất làm méo j, tốn tiền bỏ mịa""",0,1
3105,"Nhẹ thì giảm tỷ lệ nhận cuốc, nặng thì khóa tài khoản. Còn ""thái độ không chuyên nghiệp"" là như nào fen phải nói rõ ra. Ăn nói cục súc, chửi bới, xin đểu thêm tiền cuốc, hay là phóng nhanh vượt ẩu???",0,0
3106,1% phản đối là mấy thằng cò buôn lậu đất hiếm cả chục năm nay,0,1
3107,"Tít báo tào lao, nếu nói về ""sinh vật lớn nhất"" thì con trên bài báo không thế lớn hơn mấy cái cây ngàn năm tuổi được.",0,0
3108,"Tổng thống dùng hệ Anh - Anh, Anh - Mỹ hay Anh - Việt t33n đó. Bảo sao dân nó đéo bỏ phiếu cho, hóa ra là do lỗi ngôn ngữ...",0,1
3109,Con nyc tôi củng share. Lâu lâu vào wall xem nó đăng clq gì. Nhìn chán bọn trẻ con mạng vãi,0,1
3110,Mấy thằng dân đen dạo này nhiều chuyện thế nhỉ,0,1
3111,Chống khủng bố + bạo loạn + tội phạm. Bay ở 10km thì bắn hạ kiểu gì. Uav bay thấp dễ hạ hơn,0,0
3112,Có mục tiêu thế là tốt hơn khối ng rồi em đây còn đéo biết làm gì cho đời,0,1
3113,Cường phèn éo gì. Ng nhỏ con tí nhưng ăn mặc đẹp sang vl. Éo hiểu sao lại bảo phèn,0,1
3114,"Truyện ngắn có tập thằng Chai lụm được cái túi của thằng tội phạm tương lai đó, lôi ra được 1 mớ bảo bối hành Nô vớ Đô sml. Cuối cũng bị Conan thời gian tóm.",0,0
3115,Nói nhăng cuội j v? ==,0,1
3116,Nguyễn Tài Năng vcl = )),0,1
3117,"rau muống ăn là bình thường ấy bạn, có gì đâu. Chỉ có điều người ta ghét cái câu xạo lol của thằng nào đó nói: 1kg rau muống dinh dưỡng ngang 1 kg thịt bò ấy mà.",0,1
3118,"Có một ông bố dạy con bảo rằng: ""Con ơi mày học đi nếu không mai sau như lão vớt bèo ngoài kia kìa"" Cái ông vớt bèo dưới trời mưa tầm tã kia là ông tiến sĩ về quê tăng gia đang vớt bèo nuôi lợn. Học hành nhiều quá cũng không phải là một cách hay.",0,0
3119,Đức. Liên quan clq gì tới tiêu đề vậy?,0,1
3120,"Đẹp trai hơn comic ấy chứ, lol.",0,1
3121,"Chỉ khi mày chịu chơi với thằng dốt hơn mày, thì lúc đó may ra mày mới đc thằng giỏi hơn để ý.",0,0
3122,MOD ơi ban thằng này với ạ. toàn thớt nhảm,0,1
3123,"1m75, cảm thấy nhục nhã trước các cháu vozers lớp 6 cao 2m",0,1
3124,Tôi đéo phải người điều hành mu bạn,0,1
3125,Làm éo gì có ma mà phải chứng minh?,0,1
3126,"𝐇𝐈̀𝐍𝐇 𝐗𝐀̆𝐌 𝐓𝐑𝐎̂́𝐍𝐆 Đ𝐎̂̀𝐍𝐆 là hình xăm tiêu biểu nhất để thể hiện ""thương hiệu quốc gia"" và chất riêng của văn hóa gốc dân tộc.",0,0
3127,"Một xã hội đề cao đồng tiền đến mù quáng, vứt bỏ đạo đức sẽ sinh ra những con người vô liêm sỉ, chấp nhận làm những điều hủy hoại xã hội để chuộc lợi cho mình.",0,0
3128,"Nói chuyện gì kỳ vậy bạn? Thớt nó nhận nó là vịt, nhưng ba mẹ nó muốn nó là thiên nga, đem đi so sánh hết người này người kia thì ai chịu được? Vậy nếu thớt nó nói “ba mẹ thằng A cho nó cái xe, ba mẹ thằng B cho nó cái nhà… thì sao?",0,0
3129,"Mấy công ty hay chơi bài “chây ỳ” với đối tác vì nghĩ là quan hệ dân sự muốn trả tiền lúc nào thì trả. Lilama làm mấy thủy điện cho thằng Đức Long này mà khi đòi tiền thì chây ỳ thách nó kiện, nó làm 1 lần cho tởn",0,1
3130,Mày là thằng bán bảo hiểm à?,0,1
3131,"Mấy th cu vô quán order nước mà kêu ""anh"" luôn à thím ), cổ lỗ sĩ quá rồi đấy, ngang tuổi trên 1 2 tuổi, bé hơn 1 2 tuổi em đều kêu bạn hết. Và tất nhiên nhìn mặt mà xưng hô chứ k có vụ mà gặp cc gì cũng anh nhé thím, em nv mấy chỗ rồi nhìn qli order cho khách toàn thế. Em là dân miền nam nhé",0,1
3132,Mấy cái loại mày kể thì không cần phải tránh. Vì nó có thèm đếm xỉa đến vozer đụt đụt đâu. Lại lo bò trắng răng rồi.,0,1
3133,"18 tuổi rồi, nó mà ra đường làm gì ngu là công an tống nó vào tù ngồi, không phải lo",0,0
3134,Nhìn anh thượng đẳng thế ko biết gặp bọn rock fan thượng đẳng hơn nó cũng chê LKP của anh như vậy ko biết anh có cảm thấy khó chịu ko,0,1
3135,Ghét mấy đứa đi 4b mà xào chẻ loi choi như 2b,0,1
3136,"Nói đâu xa xôi thằng bạn có căn nhà mặt tiền Võ Văn Tần quận 3, cho thuê tháng nghe đâu 210 trệu. Tức là éo làm cái con bà gì vừa mở mắt ra có ng đập vào mặt 7t mỗi ngày",0,1
3137,Đéo phải do anh Bảy làm thì coi làm gì cho phí,0,1
3138,"Trên đời này không bao giờ có cái gì ""Ngon - bổ - rẻ"". Nếu giá rẻ thì thành phần dân cư tệ nạn tụ tập về.",0,0
3139,"Đậu moá, đá cháy vkl.",0,1
3140,cái miệng hạ cái thân nhanh trí đạp nó xòe rồi vọt nhanh có phải hả hê hơn đấu võ mồm với giang hồ không,0,1
3141,"thằng nhãi con bị bắt xui mạt vận , group telegram có 150 người theo dõi, 2000 clip ảnh gì đó và 1 số group fb zalo ất ơ chả thằng nào biết, mà dính conan vào túm luôn. trong khi 1 đống group toàn 100k,150k,200k thì vẫn sống dai. khả năng thằng này muốn thu tiền nhưng ngu không chơi paypal, crypto mà quất thẳng cái thẻ ngân hàng hay momo gì đó full ID thì tóm gọn 1 nốt nhạc",0,1
3142,Ông cậu chất chơi và thằng cháu khốn nạn..,0,1
3143,dân đen thì có cái mẹ gì mà đánh cắp thông tin. tinh hoa mà dùng 2g kiểu vertu 8800 thông tin có bị đánh cắp thì càng tốt,0,1
3144,"tiền thôi, cho nó đi học lớp năng khiếu, 0 có khiếu thì nghỉ mẹ đi, t quen mấy thằng ở lớp c1, c2 thấy đá hay lắm rồi nhưng vào lớp năng khiếu còn bị loại thì m hiểu nó khe thế nào",0,1
3145,ơ kìa.. CĐT tòa nhà nó méo bỏ tiền ra bảo trì thì thang lỗi...thằng nhóc con đó phá thang máy rồi xẩy ra án mạng thì bên nào chịu hử anh? Chủ tòa nhà hay bên thang máy hay là thằng oắt con đó chịu?? tôi đang làm thang máy đây..đầy mấy vụ đó... có cứt mà thang máy chịu nếu hết hđ bảo hành bảo trì,0,1
3146,"Anh lấy cái giá bán 6tr 1 con lợn chết ở đâu ra đấy, anh mua hả. Mà lên báo chí ầm ầm thế này rồi có mứt mà tuồn ra bán được.",0,1
3147,"Giờ đơn thuốc toàn in, từ trung ương đến cấp xã rồi, viết méo gì nữa",0,1
3148,Thằng nhật dân số tận hơn 120 củ thuộc top đông dân của thế giới mà hộ chiếu top 1 thì chứng tỏ bọn nó uy tín trong mắt thế giới như nào,0,0
3149,"Do thằng thớt gặp mấy thằng tào lao thôi, như tao và bạn tao đều học giỏi, 2 thằng du học mỹ, 1 thằng ths MBA đài loan, còn lại cũng bác sĩ với kĩ sư, mấy thằng học dở giờ thấy nó ở quê đi thu nợ với bán đồ onl linh tinh",0,1
3150,"Nó đang làm ầm ầm ra đấy , bỏ méo đâu , nói xàm lại lên phường cắn hạt dưa uống trà đá giờ",0,1
3151,"Ai ăn cái đó thì trả, nếu chưa làm gì thì nó còn nguyên đó chứ đâu, a làm như dễ phá sản lắm, bọn CLB đâu có ngu thế",0,0
3152,Nơi nguy hiểm nhất lại là nơi an toàn nhất. Chú mày quá gà!,0,1
3153,Cơ bản là bọn gen Z giờ chúng nó k thích thể loại fantasy sử thi kiểu Chúa Nhẫn vì cả 1 thập kỷ bị nhồi sọ bởi đám SAH rồi.,0,0
3154,"Thằng bạn xã hội thôi. Nó bảo mình ngu như bò khi tin gái 16 còn trinh. Lúc sáng ngồi cf trước trường cấp 3, mình có bảo mấy em cấp 3 nhìn ngây thơ, thích nhỉ",0,1
3155,"Ông này là giám sát, kiêm đội trưởng, kiêm vật tư, kiêm luôn chân sai vặt của 1 đơn vị thi công nào đó. Lương 7tr thì nghỉ mịa đi chứ làm méo j. Riêng khoản chạy nhong nhong ngoài đường 7tr chắc đủ tiền xăng với uống nước, mấy thằng đvtc nhỏ nhỏ thì thằng sếp nó vắt cổ chày ra nước, có làm thì cũng ráng nhịn nhục vài năm lấy kinh nghiệm rồi phắn thôi",0,1
3156,"đi vài mét xuống lấy 1 thùng rác thì chả vậy Vấn đề là cái xe rác nó to cứng như xe tank, bình thường ai ngu gì sờ vào, đây thằng lái oto ăn đủ, chắc con xe bán cho cửa hàng sửa chữa lấy tiền mà đền nhà người chết",0,1
3157,"Tôi mà là chủ cái đồng hồ tôi nộp đơn lên CA yêu cầu cung cấp thông tin người ""cầm"" để khởi kiện tội chiếm đoạt tài sản luôn, hehe chủ yếu là nhát thôi chứ kiện cáo j tốn time, nhát cho nguyên 1 đường dây có liên quan bị dái đánh lô tô vài tuần chơi cho bỏ ghét",0,1
3158,"Nói thẳng ra là éo có luôn, đừng quy về tôn giáo nhé.",0,1
3159,"Đức giờ nát lắm, suốt ngày biểu tình",0,0
3160,"Mùa dịch, ở nhà online nhiều. Nắm bắt nhu cầu này hàng hoạt thanh niên dạy thực chiến bán hàng online ra đời, chặn thằng nào thì thằng khác đến chạy quảng cáo, tạo phễu bán hàng, kinh doanh thực chiến....bla bla nghe mắc mệt , đặc biệt tụi này khá đông đảo thành viên. mong các Voz xin cách trị hay bắt bài bọn này với.",0,1
3161,Đường lối lãnh đạo của ĐCSVN,0,0
3162,Nếu cứ khai cầm nhầm là xong thì thế giới này làm đéo gì có án ma túy,0,1
3163,"Công nhận, coi phim tư đằng nhìn con Cảnh Điềm mặc đỉnh vcl, muốn mua 1 bộ cho bồ mặc mà méo biết mua ở đâu, shopee laz nhìn tàu tàu",0,1
3164,Công ty dell gì mà nghỉ dịch vài tháng cty nào cũng đòi phá sản là sao nhỉ,0,1
3165,"Sao giờ có cái trò chụp người nhận hàng thấy mất dạy vãi, ký nhận thôi là được rồi.",0,1
3166,"Về mặt quy hoạch thì kể cả đang thi công thì cái cột điện cũng đéo nên ở đó, còn về mặt trách nhiệm thì thiếu biển thiếu bảng cấm vào.",0,1
3167,Mày ghét gì nó thế,0,2
3168,Già trâu Tây lông giờ vẫn bắn CoD2,0,0
3169,"Đến con vợ tôi nó ko hiểu gì về bóng đá mà nó còn phát biểu ""trận này thằng số 11 đá đồng đội chuyền tốt hơn trận trước nhiều"" thì biết rồi.",0,1
3170,"từ khoá ""bệnh viện dệt may""",0,0
3171,"Mình chơi bóng đầu tiên hồi lớp 8. Đợt đó như thím, như kẻ lập dị vậy, mấy thằng bạn nó bàn cầu thủ này nọ mình thì đéo biết gì. Có hôm lớp thiếu người đá banh, nó lôi mình đi đá mặc dù đéo biết đá. Chơi trận đầu tiên xong đéo hiểu sao từ đó nghiện đá banh cmnl. Thế là tập coi đá banh tới giờ, mỗi tuần đều đặn 2 trận phủi",0,1
3172,"Phát triển ""Thế này"" là thế nào cơ? Phát triển dân số á? Thế thì có gì để tự hào à fence?",0,1
3173,quan trọng là ai sẽ tiến cử cho thằng sinh viên đó gặp tào tháo,0,1
3174,thế thì xem xét cách ăn mặc với tác phong chứ mặt không ảnh hưởng lắm nhé. Mà tụi trẻ con h già nhanh vl. nhiều đứa chưa hết cấp 3 trông đã như ông chú 1 đời vợ rồi,0,1
3175,"Truyền thống rồi; nhà ""nghèo"" nên các đồng chí phải ""hy sinh""",0,1
3176,"Không xả vỡ thì ai đền? Cái thủy điện điều tiết lũ tốt mà, nó có đẻ ra nước để xả đâu mà chửi nó.",0,1
3177,"Thằng này đá trụ à, thế mà tôi cứ tưởng nó b2b đó giờ. //",0,1
3178,"Fen so sánh cũng hơi vớ vẩn: - Thằng sát nhân của fen thì nó còn sợ cảnh sát, chứ Thanos bản thân của nó quá mạnh rồi, nó chả sợ ai cả, nó cũng chẳng cần phải mưu mô lá mặt lá trái, bày mưu tính kế làm gì vì nó thích làm gì thì nó làm nấy, chẳng ai cản được nó. Nếu nó ko có cái lý tưởng ""vĩ đại"" thì nó cũng chả tốn công đi tìm đống đá làm gì.",0,1
3179,"anh lại tự nhục rồi, việc kiếm lợi ích từ các mối quan hệ xã hội tây lông nó cũng làm thường xuyên anh nhé, bọn nó dùng từ sang mồm hơn thôi, ví dụ như ta dùng ""tạo quan hệ"", thì nó dùng ""networking"".",0,1
3180,Đọc post cười ĩa )),0,1
3181,Máy đểu thì có đo cũng cho có hình thức thôi ! Dạo này giao mùa- ae chú ý cảm cúm viêm họng! Vô văn phòng ho ho Nhạy cảm vkl @@,0,1
3182,"Tôi chưa bao giờ chơi voz để tăng kiến thức. Kiến thức thiếu đéo gì chỗ học. Giải trí cũng là 1 phần, nhưng là phần rất nhỏ. Tôi chơi voz là để có được cảm nhận về xã hội VN. Và nói thẳng là đéo có chỗ nào để làm việc này tốt hơn voz.",0,1
3183,"Thôi anh ơi, ông này tào lao thí mẹ ra.",0,1
3184,"''Liên quan đến vấn đề này, bên lề kỳ họp thứ 12, Hội đồng nhân dân tỉnh Quảng Nam mới đây, trả lời Tuổi Trẻ Online về việc mạng xã hội xôn xao chuyện mình dùng gậy đánh một nữ nhân viên của sân golf, ông D. nói là ""người ta nói thêm nói bớt"", vu khống cho ông: ""Chuyện bé xé ra to, vớ vẩn, chả đâu vào đâu cả. Đây là việc bôi nhọ người khác""",0,1
3185,Tôi ghét nhất mấy thằng,0,2
3186,nhờ những thằng như thằng thớt đấy,0,2
3187,"Mấy thằng trẻ ranh, nó chưa hiểu đâu bác",0,2
3188,Thím thớt làm gì tới nỗi mà nghiêm trọng hóa vấn đề lên ghê thế!,0,0
3189,"Mấy lão kinh doanh EQ ghê lắm, đôi khi thấy mấy lão đọc 1 con người như đọc sách vậy",0,0
3190,trung với nước hiếu với dân,0,0
3191,"""Kết quả chụp CT sọ não cho thấy có xuất huyết cấp trong nhu mô não, xuất huyết vùng trán, vỡ phần mặt ổ mắt của xương trán, tụ máu trong xoang hàm trái. "" Mắt ko sao nhưng ở trong não chưa biết đc. Ko biết chạy kiểu gì mà nặng tới vầy..",0,0
3192,"thì mỗi thằng SB nó mang phóng xạ nên nó đấm đc mấy thằng có heal mà . 2 thằng kia đấm xong thì cũng hồi phục, như thằng HL đấm 2 thằng còn lại ấy",0,1
3193,"Công nhận sao có nhiều người dư tiền đến mức kinh khủng thế nhỉ, đọc tin tào lao xong móc dt chuyển cho 1 thằng ất ơ nào đó 5 triệu ngon ơ! Nói họ khờ ngu thì ko đúng, bảo họ thờ ơ lại càng ko. Chả hiểu sao.",0,1
3194,trong quá trình bỏ chạy nó còn tông gãy chân 1 ông già nữa. trên xe lúc đó còn 3 thằng bạn. bọn này vừa đi bú rượu về.,0,1
3195,Làm giàu thì sang châu phi mấy thằng bên đông phi hoặc tây phi cũng ko tồi. Thằng quang linh là 1 vd tuy khá sợ khủng bố và bọn phi làm cực lười nhưng bên phi cũng chẳng thiếu người giàu VN đâu,0,1
3196,"Xàm, dìm cái gì. Từ lúc nhân chứng gặp thì 1 đoạn là chỗ phát hiện đứa bé, 3km nữa phát hiện xe và gần sông Đuống luôn.",0,1
3197,"Thời buổi này 10k nó cũng lừa, đừng nghĩ tiền ít mà nó tha",0,1
3198,"Thằng UBS này cũng đang đi dây rồi, giờ lại treo thêm cái tạ CS thì nó chả chạy. Chay bây giờ còn hơn dây vào vũng bùn này, ko cẩn thận mấy tháng sau dính cái vết: ""Đưa NH lớn nhất Thụy sĩ phá sản "" vào lý lịch.",0,1
3199,"Voãi, ít ra cũng phải chạy bằng cơm hoặc excel gì đó hoàn thiện quy trình chứ. Nhanh nhanh thuê hẳn bên công ty nào đi thím, cái này làm sao cho 1 thằng làm được",0,1
3200,Kiếp bán phân còn bị lừa mất 2 cái quần Quả này kiếm shipper bắt nó vác 500 bao mới rửa đc hận,0,1
3201,"ít ra thằng này nó còn có thẻ bài chủng tộc ra làm câm mồm tất cả, còn Dũng có gì đây",0,1
3202,"vl 2 thằng đá nhanh vcl, trân 2h phải như này chứ",0,1
3203,con lửng đá vô hại vcl,0,1
3204,1m97 ở ao làng thì Phượng thuế nó đảo chân phát là gãy cmn lưng ngay,0,1
3205,"Thôi thím đừng nói nữa. Càng nói càng thể hiện chém gió quá đà thôi. Visa Officer nó rảnh lắm mà nó đi làm sai luật nước nó. Bị người apply kiện thì ko nói, bị chính tòa án nước nó cho ra tòa rồi ở tù luôn chứ ở đó mà len lén.",0,1
3206,Biết đâu đá ngu ngu lại ăn C1 nữa,0,1
3207,Mình ngoại đạo ko biết gì hết fen nói rõ ra hơn đc ko. Vậy là thằng Hitachi gói thầu 1 chỉ là cung cấp linh kiện thôi à. Thằng xây dựng là 1 thằng khác còn thằng bán tàu là 1 thằng khác nữa à,0,1
3208,"thằng huýt sáo cái mũi tên và con chó chính ra mạnh vkl,",0,1
3209,"Tôi cũng S20+ 1,5 bị sọc xanh, bà nội thằng Samsung",0,2
3210,"Đã là lương thì làm éo gì có chuyện cao, kể cả thu nhập mày cao thì lương của mày cũng chỉ 30 củ là kịch, bhxh còn lâu nó mới thèm giam, cứ đủ 1 năm, đủ giấy tờ thủ tục lên nhận thoải mái.",0,1
3211,biết thôi nói lên là bị chửi ngay = )) đơn cử như mấy ngày nay thấy fb share các kiểu về không có thủy điện thì sẽ lũ to hơn . chỉ nhìn cười khẩy mấy tên này chơi chữ mập mờ đánh lận con đen thủy điện là tốt nhưng đâu có nói là trên 1 con sông có bao nhiêu cái thủy điện đâu,0,1
3212,"ok coi như mày giỏi kiếm dc tiền đi nhưng tao thắc mắc là đến đời con mày mày có cho nó học hành đầy đủ ko hay cũng khuyên nó đéo cần học tao chỉ thấy các gia tộc lớn giàu có con cháu bằng cấp đàng hoàng hết, có vài thằng đéo học kiếm dc tí tiền ti toe ko cần học vẫn giàu nhưng đéo biết đến đời con cháu nó có giữ dc tiền nữa ko",0,1
3213,Thớt kia bị xóa cmnr.,0,1
3214,Bệnh đéo gì mà chi phí mổ tới 100tr mà ko nguy hiểm tới sức khoẻ vậy,0,1
3215,"Nhục nhã cho Mẽo quốc, khí cầu do thám của nước đối địch bay nghênh ngang trên lãnh thổ mà đéo dám làm gì.",0,1
3216,"Ngố thì khôn quá, công nghệ vi tính thì pó tay XEM, máy bay thì thua Âu Mỹ... EU nó đặt triển vọng vào SMRs rồi, Xem",0,1
3217,hà mã nó méo thèm care luôn chứ thèm đánh con pit,0,1
3218,"mưa éo đâu, nhà éo có điều hòa nóng vãi cả bẹn",0,1
3219,"Cá nhà táng. A biết 1 ngày nó ""táp"" hết bao nhiêu kg mực khổng lồ ko? Nội nuôi cái đống mực làm thức ăn cho nó đã quá cha rồi Chưa kể cái ""hồ"" nuôi được nó thì cũng rộng với sâu vl ra",0,1
3220,Hãy tưởng tượng 1 người trung bình ngu như nào. Và nhận ra 50% còn ngu hơn như thế. - George Carlin.,0,1
3221,Bầu cử tổng thống Mỹ năm nay tệ vkl.,0,1
3222,"Hội éo gì nghe tên như tấu hài thế, kkk.",0,1
3223,Đệt. Bạn làm tôi lú não rồi đấy.,0,1
3224,Chế tài đâu mà bắt lò độ? Lỗi của thằng mang xe độ ra chạy chứ đâu phải lỗi của thằng độ xe?,0,1
3225,Chả liên quan khỉ gì,0,1
3226,"người ""khôn"" ăn nói giữa chừng để cho kẻ dại nữa mừng nữa lo",0,1
3227,Hết trò vui rồi à =]] Nhạt vcd =]],0,1
3228,làm éo gì có cửa hàng nào mở cửa đâu,0,1
3229,Thế thằng cty khai khống nó phải nộp thuế doanh nghiệp trên lợi nhuận chỗ 2tr kia kìa bạn. Không đơn giản như bạn nghĩ đâu. Toàn tay to nó mới dám làm.,0,1
3230,"Xàm, của cho không bằng cách cho",0,1
3231,"Nó khởi động cho điều tra chống bán phá giá. Thêm cái combo ""thao túng tiền tệ""",0,0
3232,"Đạo đức như nào nhỉ? Nếu chỉ ăn chơi cá nhân thì kệ lão thôi. Còn trốn thuế, hiếp dâm là phạm pháp thì lại khác",0,0
3233,"eo, dăm ba cái độc hại để tàu nó gánh,",0,1
3234,Giờ mới biết thủ tướng Lào lùn vãi,0,1
3235,Thế cái bọn Mẽo nó lập ra nguyên cái Las Vegas để làm gì thế a? Các nc hợp pháp hóa cờ bạc toàn là nc nghèo à? @@,0,1
3236,Biden chính là thằng bỏ phiếu chống cjo người Việt tị nạn đó. Ko biết thì tìm hiểu cho rõ đi.,0,2
3237,"thằng này nói chuyện nhảm vãi, ignore đi cho nhanh.",0,2
3238,"Tôi tán vợ tôi tới hoa còn đéo tặng nữa huống hồ gì công việc, xe như ông...",0,1
3239,"Mấy vụ kiện chống độc quyền nếu kiện thắng thì điểm chung là quyền tự do kinh doanh của bị đơn sẽ bị tổn hại với lý do ""vì lợi ích người tiêu dùng"". Anh bỏ công bỏ của xây nên một sản phẩm, dịch vụ hay hệ sinh thái, đến khi nó đủ lớn thì anh lại mất quyền tự quyết với nó, cái anh tạo ra lại phải phục vụ ""lợi ích cộng đồng"" thay vì lợi ích của anh.",0,0
3240,Cái này tôi chưa hiểu lắm đoạn “chửi EU như chó nhưng EU vẫn cứ mời qua làm việc”,0,1
3241,"Nếu mà tính theo số liệu thì ngày xưa có người tính toán theo tỉ lệ % thì ngày xưa ăn đứt rồi. Cái thời mà dân số thế giới 500tr. Khoa học kỹ thuật kém. Dịch bệnh cũng làm k có thuốc vắc xin chết cả triệu người, lũ lụt thù thời đó chỉ có kè đá, làm nhiều ao hồ chứa nước, k có bê tông cốt thép, mưa to phát ăn đòn ngay, k chết vì lũ thì chết vì đói, dịch bệnh tả, ...",0,0
3242,"Chết là hết thôi. Nói thẳng là đéo có linh hồn các kiểu đâu. Đợt trước tôi bị đột nhiên bất tỉnh. Trong thời gian bất tỉnh thì ko có cái gì gọi là lên thiên đường xuống địa ngục, linh hồn thoát xác. Đơn giản chỉ là đéo có cái gì cả. Nên fen nào muốn chết cứ chết thôi. Không phải sợ",0,1
3243,"Không phải do ngu. Do định mệnh, do con bé phải trả nợ kiếp trước, do ma xui quỷ khiến, do v.v...",0,1
3244,Tôi éo thấy có sự liên quan ở đây,0,1
3245,"Có cái éo gì sợ, tỉnh tôi khu sung sướng cách ca tỉnh 300m",0,1
3246,"làm éo gì có chuyện 350k, 250k là hết cỡ.",0,1
3247,"Nếu nó là ""thiên đường"" đúng nghĩa thì tự nó sẽ có khách chứ không lo ""đói""",0,0
3248,"VKl giờ có đất trống cũng sợ vãi, mình bỏ đi đâu 1-2 năm, về thấy thằng nào xây cái nhà lên thì mình mất 1 nửa đất ah? Nghe nó haizz vậy",0,1
3249,"Cũng hợp lý, vì đa số bọn này cũng có điều kiện, ngu gì nó ko uống thuốc để huỷ hoại cuộc sống. Trước nghe vozer hay bên forums nào kể thì phải, có con rau idol bọn nó share đi share lại, dễ dãi thôi rồi, 1 năm nó ăn phải đến trên 300 con kiu, mà toàn đa số các thanh niên nghĩ rau sạch nên chơi trần",0,1
3250,"Các vùng miền líu lưỡi rồi đọc giống mẹ nhau hết nên các ông giáo sư bắt đầu dùng ní nuận để xét lại rồi bảo giống nhau chứ bây giờ so phiên Hán Việt với với Pinyin bên tàu của một số từ Hán Việt bắt đầu bằng ""d"" và ""gi"" thì rõ ràng có nhiều cái khác nhau. Bảo nó thật sự giống nhau từ gốc thì t éo chấp nhận. Giáo trình đại học hay ní nuận gì thì cũng là người viết ra, chịu sự chủ quan của người viết thôi, rồi ông nào fame to nhất lão làng nhất viết thì thành chân lý.",0,1
3251,"Đến chịu với nó luôn, nó đang tính đến phương án thả 1 cái dây thừng xuống và đu dây như mấy thằng trong phim thì chết là đúng rồi .",0,1
3252,"Thế thì tủi thân cái ccc gì. Sự thật nó thế thì ráng chịu đi. Việc nhỏ mà ko chịu được sao làm được việc lớn. Lại nhớ trước ở Viettel, fix lỗi lồi mồm, cả team 2 ngày 2 đêm không nghỉ, xong thằng trưởng phòng kinh doanh được khen thưởng vì nó có công ... đi cúng cầu cho hệ thống không bị lỗi nữa",0,1
3253,"Cả một hệ sinh thái quỹ từ thiện nuôi béo bao nhiêu hãng luật, chuyên gia tư vấn, diễn giả, chính trị gia... Bắt tôm bắt tép thôi.",0,0
3254,"Thằng bán cũng ngu, vì mấy trăm k mà mất uy tín, bán sao được nữa.",0,1
3255,"Ca thang' nay luot' voz lai moi' thay' voz nay nhieu then benh hoan giong,' may vl gio' a",0,2
3256,Đưa ảnh lên đây thì lại ko cái ngu nào bằng cái ngu này rồi @@,0,1
3257,Nó mắc hơn 150tr đấy Đấy là giấy trắng mực đen còn gì. Tính lăn bánh thuế phí vào thì còn mắc hơn nhiều nữa.,0,0
3258,mấy thằng ngu lôi 2 nền văn hóa khác nhau ra so sánh. Thôi cười cái đi ra,0,1
3259,"Lại ""rãnh"". Chính tả như thế này à, ăn với học.",0,2
3260,"Cái vụ 4.0 và csdldc này nó củ chuối chỗ đó. Có trục trặc là đéo biết kêu ai giải quyết. Nó gom hết về tw, nên tù mù lắm.",0,1
3261,Quay clip lại là ngu rồi mấy anh,0,1
3262,"thằng A rõ ràng năng lực tốt hơn, kiểu như nó làm gì cũng sẽ thành công. Còn thằng B dạng chụp giựt, thấy cái gì ""ngon"" thì nhảy vào, tham lam đc vài đợt rồi cũng có nguy cơ tay trắng.",0,0
3263,"Bọn nó hỏi kỹ để lọc bớt thành phần bá dơ thuê thôi. Chứ nhà nguyên căn, lọt 1 thằng trộm cắp, hút hít vào thì ai chịu trách nhiệm. Còn chưa nói công an nó xuống kiểm tra, không nắm thông tin nó phạt chết mẹ. Khi nào ông thuê lại nhà xong share ra như nó sẽ hiểu nó làm thế để làm gì.",0,1
3264,"Ông đéo đọc bài à, con kia bị chồng bỏ, phải nuôi 2 con nhỏ, đéo có công ăn việc làm thì nó mới xin mảnh đất nhỏ cạnh cái nhà để buôn bán",0,1
3265,1 kiểu ngụy biện cố tình giả ngu,0,1
3266,Xả rác bừa bãi thì đéo bao giờ được coi là nét riêng văn hoá nhé anh! Cái đó gọi là vô giáo dục thì đúng hơn,0,1
3267,Đàn ông đéo gì văn phong thua cả thằng con nít cãi nhau với bạn nó vậy?,0,2
3268,"sở thích v k đc à bác ra ngoài thì em đéo dám vì bố ốm liệt nửa ng cả chục năm nay r, sợ đi xong có chn gì thì hối đéo kịp thôi bác còn ny thì em mới chia tay mối tình 3 năm ngót đc năm rưỡi do dịch thôi chứ k em cũng triển cmn tiếp r",0,1
3269,Trần đời người ta làm thoát nước xong mới rai lên chứ ai rải lên xong đào thoát nước.... đây là làm ngu chứ khóc lóc cái gì .. tí cát tí hát giống cỏ 1 tỉ,0,1
3270,"""Những người không cùng dòng máu thì không là gì cả. Mày có mẹ mày, chị gái, con trai mày và tao. Tất cả những người khác sẵn sàng đâm sau lưng mày"". Vậy anh chị em họ hàng, cô gì chú bác có sẵn sàng đâm sau lưng,phản bội ta không ?",0,0
3271,"Ko phải chỉ ở VN, mấy nước có máu điên như Trung Đông, Nam mỹ, châu phi còn cao hơn VN nhiều. Mà phân tích theo kiểu tâm lý học là do văn hóa các nước này trong gia đình có bạo lực rất nhiều, trẻ con chứng kiến cảnh bố đánh mẹ nhue cơm bữa hoặc chính đứa con bị ăn đòn nhiều nên lấy việc đánh đập làm cái để ""dạy dỗ"" kẻ khác.",0,0
3272,"Miêu tả con chó vẫy đuôi nữa thì vl rồi..., thôi ko tranh luận thêm.",0,1
3273,"Cái này check nick của mình sao nhỉ, tôi chó già dốt it thật",0,1
3274,"Bạn nói thế chứ NN mà làm tốt hết thì làm gì có vấn đề xã hội như vậy để bạn đăng topic lên F17 nữa, phí cả cái F17 này ra",0,0
3275,"kệ nó, nó dọa thôi chứ cái đc éo gì đâu.",0,1
3276,"Quan trọng là đầu tư bao tiền thôi. BYD nó mà chịu chi tầm 2 tỷ USD đầu tư thì chắc trạm sạc vào đến từng con phố. Bọn này có đéo gì ngoài tiền, công nghệ và sản lượng nhất thế giới đâu.",0,1
3277,Tiền tôi đéo thiếu đâu bạn,0,1
3278,"Đi làm thấy anh kia chở ba con chó đi, ngồi thăng bằng....lâu lâu ổng đứng lại lấy tay đụng tụi nó, tụi nó quẩy đuôi mừng dữ lắm..Đúng là loài vật trung thành...Đố anh bắt được em ahihi lêu lêu",0,0
3279,"Vớ vẩn, luân xa thì liên quan gì đến xem mặt từ xa, đâu phải thiên lý nhãn.",0,0
3280,"Họ hiếm thì cũng thôi đi, không ai nói. Chứ như bọn Nhật, họ của bọn nó dịch sang tiếng Việt buồn cười vl. Nào là ""Giữa Núi"", ""Giữa Đồng"", ""Giữa Sông"",... Công ty tôi mới nhận một đứa, họ của nó đọc theo hán việt là ""Ruộng Cơm"". Lúc jiko shokai, bọn VN nghe thấy họ của nó, cười muốn phọt zắm.",0,1
3281,"Lol, tao thấy trên youtube tụi nó bú đồ Việt như điên từ tây Nhật Hàn Trung. Cá biệt có thằng tây ăn gì cũng kèm mắm tôm ớt trái. Và kênh của nó cực nhiều thằng tây khác vô confirm là đồ Việt ngon nuốt lưỡi, làm mấy thằng chưa ăn thì hô hào chờ dịch xong qua VN ăn cho đã. Rồi có thằng hỏi nó có định quay lại với đồ tây không, nó bảo “Đell nhé bạn ơi!”",0,1
3282,Giao xe cho người chưa có bằng lại còn gây tai nạn nghiêm trọng thì thằng bố nó cũng xác định đi là vừa,0,1
3283,"Vậy ông là dân chạy tải rau lên hay chỉ là xe khách lên thôi, tôi đi đi về về đoạn này cả chục năm nay rồi nên tôi lạ éo gì mấy ông tài 49C này, lấn làn, khu dân cứ mà chúng phang 100km/h thì lạ éo gì. Bao nhiêu vụ chết oan trên cung đường này rồi.",0,1
3284,"cái này khốn khổ vl ra,",0,1
3285,Mỹ bơi tự do kém vãi. Hơn 1s mà 50m cuối thọt vãi,0,1
3286,Cái éo gì cũng có thể nghĩ ra được,0,1
3287,Đúng tại thằng dân hết.,0,1
3288,Tôi méo biết em nó show cái mẹ gì. Cái tôi thấy là em nó là dhs ở 1 trong những nơi có chi phí đắt đỏ nhất nước mỹ. Thì khả năng tài chính của nhà em nó phải hơn 90% dân số ở vn rồi. Mà vậy cũng chưa dc coi là giàu hả? Phải cỡ chục ngàn tỉ như phạm nhật vượng mới dc coi là giàu? Ở mỹ có 1tr đô là anh hơn 90% dân số mẽo rồi đấy. Mấy anh tỉnh dùm cái chứ lên mạng coi nghìn tỉ này nghìn tỉ nọ riết ngáo hết cmnr.,0,1
3289,Ông ấy vào lò vì sai phạm viện tim chứ liên quan éo gì đến bạch mai,0,1
3290,"Hahaha ,... bớt di cho... A` mà thôi! Pray cho duc' mẹ Maria phu` ho^-trước khi ngủ ( y như người European",0,1
3291,khi con chó chết ngay lập tức,0,0
3292,Công nhận bạn hỏi ngu thật,0,2
3293,"chu kỳ biến đổi khí hậu của trái đất lên tới hàng chục nghìn năm, nên đéo phải lo đâu. Một là KHKT sẽ phát triển tới mức ko bị ảnh hưởng bởi khí hậu, hoặc là reset hết",0,1
3294,cảm ơn bác đã nói điều đ' ai cũng biết,0,1
3295,Đời là vậy mà .. có những thằng khôn thì cũng phải có những thằng ngu chứ,0,1
3296,"Chính sách cào bằng, xã hội dân chủ văn minh VN nên học theo đàn anh",0,0
3297,Vậy thì 100% đa cấp. Tụi nó lùa gà vô 1 phòng cho ăn uống rồi dụ thôi. Dụ chục thằng kiểu gì chả dính được 1 2 thằng.,0,1
3298,"Dạo này news feed toàn quảng cáo, 2 3 tin là 1 cái ""có thể bạn sẽ thích"". Gỡ cụ nó ra luôn cho nhẹ óc",0,1
3299,14 tuổi làm idol bình thường mà bên tàu còn có mấy cháu nhìn ghê răng v l,0,1
3300,"éo j, siêu cường số 2 tg, wa lời fen nghe no hope vậy",0,1
3301,"Sai chỗ nào ? Kinh tế vẫn phát triển nhưng ảnh hưởng từ toàn cầu thôi, thằng nào cũng vậy chứ riêng éo gì Việt Nam",0,1
3302,"Ngay cả người sống cũng bị họ ""thịt""",0,0
3303,"hóng thông tin 2 chiều, chứ nhiều thằng chạy cá mập cũng xl vãi ra.. chuyên gia lấn làn đè mấy chị lăn vô lề cỏ",0,1
3304,Lãi cho vay ra thì kinh vãi đái Đang trả Tech 10.5,0,1
3305,Hệ quả của nền giáo dục gà công nghiệp và bệnh thành tích là đây . Muốn đào tạo ra thiên tài hay gì mà bắt cái gì cũng giỏi tuốt?!,0,0
3306,"cái văn nửa mùa nghe y như mấy người chê CBR500 là xe pkl nửa mùa. Đã bị là bị. Chả có gì nửa hay toàn mùa cả bác ạ. Bệnh đi khám bác sĩ người ta cũng chỉ phê là nặng hay nhẹ chứ ko có ""Chẩn đoán bệnh đau nửa mùa"".",0,0
3307,hổ ngựa cunnx ngổng mà.,0,1
3308,Mấy thím trên cũng vừa vừa cái miệng thôi. Bạn tôi 1 đứa phải điều trị tâm thần vì những lời như mấy thím trên rồi. Tội vl.,0,1
3309,"Thôi... Thým nào nhận được hỗ trợ gói 60 tượng chưa... Ở cty thì đang thống kê lao động đóng bhxh, còn ldpt thì cty bảo về địa phương. Trong khi địa phương chả thấy con mịe gì hết",0,1
3310,Chửi thề đ ai chửi bác rồi tự nhiên vào nhận là em ấy chửi bác. Được cái ổ voz toàn thượng đẳng. Đọc cmt thấy mấy ông đọc đ đọc kĩ vào bơm xút này nọ. Chịu hẳn :stick:,0,1
3311,"các ông cứ khinh con này đi, kẻ thức thời là trang tuấn kiệt. Không mau đổi mới thì sớm muộn gì cũng bị con này đá đít thôi, không trực tiếp thì gián tiếp.",0,1
3312,thời buổi mỗi mét vuông 1 cái camera thì có mà chối đằng đít,0,1
3313,"rủng rỉnh tiền bạc nhưng chắc gì nhân cách đã tốt đẹp, nhân vô thập toàn, tôi biết có 1 nhà thằng bố rất giàu, chủ nhiều tiệm vàng và cầm đồ, đi bồ bịch trai gái, mẹ nó thì phẩn uất lên chùa tu, 2 anh em nó 1 thằng thì nghiện ngập, 1 thằng thì bóng bánh, khi nào hài hòa đc cả tiền bạc và nhân cách mới là tốt",0,0
3314,Quanh chỗ mình chả khu công nghiệp gì mà còn chưa thấy có con đầy ra tình hình thế nàyông nào nhắm cưới vợ muộn thì lo màđi trữ TT kẻođến lúc nhà to vk đẹp rồi lại éo có con,0,1
3315,"Tôi đọc từ page 1 các anh đã chửi họ ngu cơ mà, họ không chửi ngược lại được ah",0,1
3316,"10P đấm cả lũ gfam thêm mấy anh ở ngoài dính đạn lạc nữa. Giờ anh Bình Lé mà làm 1 bài dizz cả chục thằng như thế có phải đỉnh không,",0,1
3317,"khó nói chuyện bền vững lắm. Dịch như này nó cũng đấm cho mấy cái ""bền vững"" đổ gần hết Mấy cái ""thời vụ"" lại kiếm nhiều $",0,1
3318,"kệ đi...tôi đi đâu chúng nó cũng bảo trông anh đô thế, đếch rảnh thanh minh trên mạng =]]",0,1
3319,Ranh con viết topic chọc ngoáy,0,2
3320,"Vổn lài nhà tuyển dụng, nhảy việc hay làm cái gì thì kệ người ta. Gen nào cũng như gen nào thôi! Nhà tuyển dụng là lord hay sao mà đòi thiên hạ răm rắp nghe theo? Thằng nhà báo nó có đức lắm khi cố nhét chữ Gen Z vào để câu viêu, dùng chữ ""hẹn hò"" để câu khách.",0,1
3321,"Ai nó cay cú đều bị nó gán cho bệnh rối loạn ảm ảnh xyz gì đó, bác thông cảm cho nó đi, thật ra nó mới là người bị ám ảnh với những người nó ghét. Cái loại đi đâu trên voz này cũng có thể gây thù chuốc oán với người khác nên xem lại cách sống của bản thân.",0,2
3322,3 thằng ko thằng nào thủ :v,0,0
3323,"Vệ Binh gì... ""4 năm mà, tau sợ đếch gì..đập hết bọn nó"" Trump said...",0,1
3324,Thằng will 365 đang quản lý con này,0,0
3325,Nó rãi cho nấm đểu thì ngộ độc bỏ mẹ,0,1
3326,"Tôi thấy mấy cái trò kiểu này nhảm nhảm kiểu đéo gì, có hay không có cũng tác động gì đến xã hội đâu? Toàn kỉ lục nhảm nhí",0,1
3327,"Không có đâu, giờ chỉ ăn uống điều độ với tập thể dục thôi để nó giảm, chứ tháng nào tôi cũng phải đi xét nghiệm 1 lần để lấy thuốc uống đây. Thanh niên mới 35 tuổi mà bị cái này, mấy ông bà bác sĩ còn ngạc nhiên cơ mà. Đúng là ngày trc có bú rượu như bú nc lã nhưng cơ địa kém nên mới bị, mấy thằng tôi quen nó chỉ thiếu mỗi nước cầm vò lên tu như Tiêu Phong thôi mà cũng đéo bị làm sao cả. Thôi 1 tháng nhậu 1 lần cũng ok, ăn uống tiết chế lại ông ạ, chứ cái này nó theo mình cả đời, thuốc uống đến chết thì thôi, không bỏ được đâu.",0,1
3328,Thần thánh hoá mẹ rồi.,0,0
3329,"Chương 72: Hung khí vô tội, kẻ sử dụng hung khí làm viếc xấu mới có tội",0,0
3330,"Quan trọng là cái bọn này nếu tiếp tục phóng như này thì cơ hội để sau này trở thành người tốt của tụi nó không nhiều đâu bác, chưa kể nó còn có thể gây hoạ cho người đã tốt rồi nữa",0,0
3331,"Làm đi con đượi, bảo bố đường tài trợ cho",0,2
3332,Bảo vệ go jek của nước nó chứ ngu gì,0,1
3333,để em ib bác... Do cái này em ngu )),0,1
3334,"Khóc lóc gì, đầy đứa lên tiktok làm vid mà có được cắc bạc nào đâu, đầy bọn streamer live khản cổ họng đéo được 10 người xem chứ chưa nói đến kiếm được $, bản thân có việc làm có tiền là hơn khối người rồi.",0,1
3335,toàn mấy cái vớ vẩn,0,1
3336,u16 thì toàn bọn cấp 3 đá vs nhau khác j hội khoẻ phù đổng đâu,0,0
3337,Tôi cũng góp một phần công sức của mình vào con số này. Đưa 2 thằng vào thẳng Việt Đức vì cái tội tôi mời rượu mà nó đéo uống,0,1
3338,"đẹp vl luôn... thuê mấy thằng thợ vẽ cái phòng ngủ 10m2 có hoạ tiết hình khối kiểu này, trả nó 3 củ làm có 1 ngày mà đéo thằng nào nhận... đang tính tự sơn luôn cho rồi",0,1
3339,giao lưu cđb = ))),0,1
3340,"Tôi chọn tư duy văn minh có học làm culi hơn là ""điều hành"" ""quản lý"" bằng phương pháp trẻ con ất ơ online . Tôi chọn xử lý logic có đầu đuôi hơn là dùng cảm tính cào phím.",0,1
3341,Trán mày nhô chắc chắn là người làm chính trị,0,2
3342,Thề nhà dân việt kiều ở mẽo bước vào 10 căn như 1.,0,0
3343,"Thế này nhé ở VN tình trạng này ít hơn nhiều và chưa đến mức là vấn nạn như Hàn hay Nhật. Đơn giản là an sinh xh của mình kém. Muốn nằm im, an phận sống qua ngày cũng phải có ông bà già có nhà có cửa cho sẵn rồi chứ thực ra có trắng tay éo đâu.",0,1
3344,"Đổi kiểu tóc đi bác , tóc bác trông như cái Đᵒ̂̀ⁿᵍ Bᵃ̆̀ⁿᵍ ý. Thề",0,2
3345,Thằng Đà Nẵng vớ vẩn xuống hạng không chừng,0,1
3346,Từ lúc đủ người đã ko cầm bóng đc rồi thì phải làm thế thôi. Mọe cái sân này khó đá vãi. Xem 2 thằng kia đến đây đá như thế nào,0,1
3347,1bi nó đá thì làm có cửa bọn này chọt vào cánh của nó được...chửi nó cho lắm vào giờ mới thấy nó quan trọng.,0,1
3348,"Thì cũng giống như có người vã quá éo xoay được nữa cũng phải đi vay nóng xã hội đen với lãi suất 969% thôi. Không vay thì chết liền, vay thì mua thêm thời gian được vài năm rồi hy vọng vào Đông Sơn tái khởi.",0,1
3349,Vozer ủng hộ cái ESL này kinh thế. Chết mẹ Perez rồi!,0,1
3350,"Thực ra mấy thằng vào đc BK đầu cũng toàn sỏi giỏi sẵn rồi, vào gặp toàn thằng dị ganh đua học với nhau thì giỏi thôi chứ trường k có gì đặc sắc cho lắm",0,1
3351,Đọc comment của thằng đó mà buồn cười vãi,0,1
3352,"Năm 1978, nếu tôi nhớ không nhầm thì Leonid Brezhnev cũng tuyên bố là Liên Xô đã bước vào chủ nghĩa Cộng sản. Cộng sản luôn nhé, chứ cái chủ nghĩa ""xã hội chủ nghĩa hiện đại"" là cái gì thì tôi chưa nghe...",0,0
3353,trên voz này 100% núp sau bàn phím nên mấy bọn đầu óc bênh hoạn bày tỏ quan điểm nhiều thế. Vụ thằng jack là ví dụ đấy thôi.,0,2
3354,"Vừa yếu vừa hèn lại còn bày đặt phản kháng thì chỉ có thế thôi fen ạ. Xưa thằng hàng xóm t cũng bị bắt nạt kiểu thế (vì nó nhà nghèo + gây chuyện với con ny thằng đầu gấu trong trường). Cũng bị chặn đánh, méo ngờ nó thủ con dao, lúc bị đấm 2-3 cái liền lấy dao ra quơ chém khí thế, đám kia 2 thằng bị chém trúng chảy máu bung chạy, còn lại méo dám lên nữa. Cũng may sự việc ko bị báo lên nhà trường, cũng từ đó chả ai dây vào nó đến hết cấp 2",0,1
3355,bây giờ có 1 cách chọc chó hiệu quả và rẻ tiền là 1 vài nước lạ cứ thả nhòe hàng ngàn khí cầu rẻ tiền vài trăm đô xong canh cho chúng nó lấy hàng vài trăm k ra bắn chơi,0,0
3356,Vl con bài tẩy Di maria,0,1
3357,"nhìn sản phẩm tạo ra thì đúng của mấy đứa học sinh rồi, thay vì dè bỉu chê bai chúng nó thì cmt động viên cái cho đời bớt đen tối đi mấy thím. Có thể là nó thúc đẩy sự đam mê cho 1 thằng kỹ sư sau này chẳng hạn",0,0
3358,"""Bền bỉ"", không phải ""bền bĩ"" nhé a sale, làm hđ cho khách mà viết sai chính tả là chết đấy",0,0
3359,"Coder hơi ngu. Xe này 1 là người mới chả biết gì, hoặc lại phải dân hiểu biết về xe thì sẽ không thấy vấn đề gì. Chứ kiểu dở dở ương ương là hay kêu lắm.",0,1
3360,Tui k hiểu lắm. Anh trích dẫn luật ra thì có liên quan gì đến việc THP giải thể đâu. Lại còn đoạn bôi đen nữa. Có liên quan gì đâu.,0,0
3361,"Tôi nhớ hồi xưa đọc cái bài báo có case ghép đầu, đại thể là 2 đứa đi xe bị tai nạn, rồi thế nào mà các bs thuyết phục được 2 gia đình là lấy đầu đứa này ghép vô thân đứa kia, sống được mấy chục ngày, nhưng phải dùng cả tá thuốc chống đào thải, rồi tranh chấp fap lý là con cái nhà ai nữa !!! Ngày bé có 2 cái mà mình đọc báo hay xem tivi ko nhớ, nhưng nghĩ nó thần kì vcc : 1 là đông lạnh người bị bệnh nan y để chờ tương lai chữa trị 2 là cái vụ con lol gì mà nó chế ra cái máy mà chỉ 1 giọt máu là check được cả tá bệnh ung thư Xong giờ thấy cả 2 vụ đều là xiaolol tuốt !!!",0,1
3362,"Thuế má éo gì ở đây. Phạt ""thu lợi nhuận bất hợp pháp"" tức là phạt tội nó bán vé tổ chức show (""thu lợi nhuận"") rồi chửi xéo (""bất hợp pháp"").",0,1
3363,"Vớ vẩn, 8 gen 3 đã hơn thằng a17 pro rồi đấy.",0,1
3364,"người 1 năm tự đi được rồi 7-8 năm là do xã hội hiện đại nó tác động đến chứ thời ăn lông ở lỗ thì 3 tuổi rời mẹ được rồi-như khỉ, tinh tinh -linh trưởng nói chung thôi... trẻ 3 tuổi hoàn toàn có thể biết đói thì tự đi kiếm đồ ăn bỏ vào mồm rồi",0,0
3365,"Nhìn lại c3 thì bọn yên phận học xong về nhà làm thì đa số chọn mấy anh conan, bộ đội, mấy con ăn chơi ngày trc giờ làm spa, mĩ phẩm thì lấy mấy thằng nhà buôn bán, còn lập nghiệp ở tp thì chưa có ng yêu hoặc chắc cũng sẽ yêu ng trong ngành, hoặc gặp cùng quê để lấy",0,1
3366,"hồi c2 crush 1 em, cả lớp biết, con mẹ thằng bạn thân. Xong có 1 hôm giờ thể dục, phần chạy 100m, cô giáo chia lớp làm 2 hàng dọc lần lượt 2 đứa lên chạy. Xui rủi thế éo nào mình với nó chạy cùng nhau, cả lớp hét toáng lên. Mẹ đúng hôm đấy trời vừa mưa xong, chỗ chạy đất trơn, mình chạy hăng quá xoè bẩn hết mẹ quần, cả lớp nó cười cho thối mũi đỏ mặt",0,1
3367,Trên đời không tin tưởng bố con thằng nào được đâu ông ạ.,0,1
3368,Việt Cộng là lính du kích cộng sản miền nam. Cộng sản là chế độ.,0,0
3369,Vàng định hướng xh-cn nó vậy. Lạ lol gì. Kkk.,0,1
3370,Anh có xem TV không. Tuy bọn Vua tin vịt không ra gì nhưng nguồn của nó là rất phong phú vì nó nhiều người lắm của. Nó hợp tác tin tức với cả đám truyền thông đình đám thế giới chứ có phải 1 đài.,0,1
3371,"Nhưng mà thời đó làm gì có ai sống thích nghi trên biển lớn cả. Thấy bão toàn chui lên nơi cao hơn tránh lụt. Câu chuyện cũng chỉ là để bảo thằng dân là: ""Bão là thằng Thuỷ đến hại ké mày, chui lên chỗ cao hơn (là nhà thằng Sơn) để khỏi chết oan""",0,0
3372,"Có j mà đau đầu nhỉ? K thích thì k cho mượn thôi, ngại cl",0,1
3373,"Chuyên gia nước ngoài, méo care",0,1
3374,"Mày hiểu chữ ""dã sử"" là gì ko đã ? Là chuyện lưu truyền trong dân gian như Tấm Cám chẳng hạn",0,1
3375,Nhìn số liệu mới thấy giá trị của Kiều hối. 2022 kiều hối gần 19 tỷ usd. Làm tụt quần mà cán cân XNK 2022 gần 10 tỷ USD.,0,1
3376,Việt Nam hình như 25% 30% nhóm máu O cơ mà. Báo nhảm vl,0,1
3377,Bác sĩ kiểu đ' gì vậy? Hay do bệnh này nó thế hở các bác?,0,1
3378,"Tóm lại bằng hai chữ ""văn hóa"". Chẳng có cái gì là tuyệt đối hết, vậy nên mới tạo ra sự đa dạng văn hóa giữa các vùng miền.",0,0
3379,Đéo biết ông này nhưng thanks vì đã cảnh báo,0,1
3380,Mình là cái méo gì đây,0,1
3381,Bớt tự nhục đi nhóc,0,2
3382,Mấy thằng tây lông đúng là bựa và sáng tạo thật,0,1
3383,"Từ từ thong thả thôi, thi rớt năm sau thi lại chứ có mẹ gì phải xoắn. Trễ vài 3 năm đéo có nghĩa lý gì hết, đầy thằng ăn học bằng này bằng kia đến 30 vẫn phải làm lại từ đầu đấy. Nên là cứ thong thả thôi.",0,1
3384,"Đọc ở mấy post trên có 1 ông cũng chỉ ra mấy lỗi ngu rồi, không lẽ giờ làm 1 bài giảng các công cụ để chính phủ điều tiết nền kinh tế như thế nào.",0,1
3385,"Chỗ này cách thành phố 20km, chẳng có thằng nào rảnh mà mò lên đâu",0,1
3386,Ôi bác đi 200.000 km rồi á??? Đi kinh vl vậy?,0,1
3387,"liên quan gì thớt này thế anh, sao cứ lái đi đâu bằng được vậy, ở đây đang thảo luận phong sát mấy thằng KOL tạo trend xấu hoặc phát ngôn ngu mà",0,1
3388,"Thực ra mấy người vẽ chuyện bị đì họ mắc bệnh ảo tưởng. Họ nghĩ họ là trung tâm vũ trụ, sẽ có đứa thèm vào mà nói xấu họ 20/24, mất ăn mất ngủ, bày trò hãm hại họ. Xin thưa với mấy người ảo tưởng đó là tối nó về nó còn phải lo cho con cái, ""lo cho chồng cho vợ"", rảnh quá hả GATO suốt ngày.",0,1
3389,"Bọn ca sĩ thế hệ mới của Tàu ổn phết,nhất là 2 lão này,đều là dân Học Viện Vũ Đạo Bắc Kinh",0,0
3390,"nhưng mà vì nó là người nổi tiếng nên báo chí bú fame cứ đăng bài về con này, rồi dần dần giới trẻ cảm thấy làm mẹ mà ko cần có bố là 1 chuyện hết sức bình thường, nó cổ xúy cho trào lưu này, việc đó sẽ gây hậu quả vô cùng tai hại to lớn cho XH,",0,1
3391,"Đúng rồi, miền trung vn cũng cắm 1 đống thủy điện lên đầu thằng cam thôi.",0,0
3392,"Làm nhảm , vớ vẩn , mấy cái như thế dành cho trẻ em 3 tuổi , ko phải dành cho trẻ 5 tuổi .",0,1
3393,"Đừng có lấy lý do hướng nội mà bảo ko giao tiếp được . cố gắng mà mở mồm ra tập giao tiếp đi. Sau này ra đi làm gì cũng cần giao tiếp . Mình nói chuyện vs mấy em tầm 2k trở đi gặp nhiều trường hợp tự nhận mình hướng nội nên đéo muốn giao tiếp, đéo muốn nói chuyện vs ai . Cứ cắm mặt vào cái đth vs máy tính suốt ngày ra đường thì ko tập mở mồm ra thì đừng hỏi tại sao người ta cô lập.",0,1
3394,"thớt chỉ là học trò với tụi này! Thớt cần ng ""dẫn đường"", ko tự tìm hiểu lấy đâu cơ sở để hỏi thầy? Ông khôn quá nên ko biết thì im miệng và bỏ qua cơ hội học hỏi à?",0,1
3395,chừng nào cái đất nước này hết ngáo 4.0 thì may ra được bằng phân nửa của anh lớn,0,1
3396,vào đọc lại nhớ đến thằng chuyên đi spam gif cướp giật,0,1
3397,mày nên đi mở ra 1 cái trường rồi yêu cầu học sinh nó ăn mặc theo ý mày,0,1
3398,"Toàn người việt hại người mình thôi chứ nước ngoài đéo gì, đợt tháng trước bên cam mở đợt càn quét mấy sòng bài ở biên giới, dân việt chạy quá trời. Bên cam mở cửa khẩu cho qua luôn, còn sang bên cửa khẩu việt thì tóm bắt chạy tiền đóng phạt cho bằng hết, k có tiền thì cứ ngồi đó",0,1
3399,"Vớ va vớ vẩn, có phải thằng đàn ông nào cũng vậy đâu....",0,1
3400,Bọn cam nó ghét VN cũng như VN ghét Tàu thôi,0,0
3401,"Điên mới đi kiểu đó, muốn đi xuyên việt bằng ô tô thì sáng xuất phát tầm 5 6h chiều là ghé tỉnh nào đó nghỉ 1 đêm hồi sức mai mới đi tiếp. Đúng như cái tít chơi ngu là có thật",0,1
3402,"Vụ này để che mấy vụ chính trị lớn, xứ Hàn trùm chiêu trò này rồi...",0,0
3403,"làm việc với pháp luật là bằng giấy trắng mực đen, dấu mộc đỏ. có người của chính quyền địa phương. chứ đéo ai lại làm việc qua điện thoại. đéo rảnh.",0,1
3404,"Thông tin bên lề: Ban đầu các nhà thầu quốc tế đưa ra tiến độ 42-45 tháng. Các bố ACV theo ""lệnh quan trên"" yêu cầu 33 tháng phải xong nên toàn mấy thằng ""nhỏ mà có tài"" nhảy vào đấu thầu, kết quả trượt hết. Sau nâng lên 39 tháng cũng từ ""ý kiến"" của một số cán bộ chứ đéo phải con số theo tính toán mà có",0,1
3405,"truyền thông + bang tuyên giáo làm quá tốt, giờ thế giới chúng nó có nuke nhau ầm ĩ cũng không quan trọng bằng Việt Nam Vô Địch",0,1
3406,Tôi đang từ Eo Gió về Quy Nhơn đây. Làm mẹ gì có thằng Tàu nào.,0,1
3407,"vn quay xe làm chó mỹ nên mấy thằng anti mẽo cũng bị khoá mõm theo hết rồi fense, giờ ở vn chửi mẽo có khi bị quy thành phổng đạn 3 sọc lên phường đó",0,2
3408,Cái miệng sửa lại hay sao mà nhìn chán thế!,0,1
3409,thật. nó mua gì đeo gì kệ bà nó. nó có ăn cướp của m đâu mà lên đây thượng đẳng. giỏi thì gặp thằng nào đeo túi đi ngoài đường lại xỉ vô mặt nó mà nói chứ lên đây gõ phím làm gì.,0,1
3410,"Không phải khôn ngoan, mà là chính trực, người chính trực nghe cái tư tưởng cướp đoạt "" tư liệu sản xuất"" của người khác là họ sẽ không theo rồi.",0,0
3411,"Bên kia thì mới có tanh tanh thôi, về đl thì mới gọi là giỏi, trước 2008 ai nghe đâu nhưng trong vòng 10 năm thì top 10 tỷ phú thế giới kinh vcl",0,1
3412,"thế anh nghĩ cho vĩnh trú hay nhập tịch bọn nó ko gửi tiền về , và bọn bề tô na mư đóng thuế như bản địa đây trượt phát nào , hay anh nghĩ bề tô na mư đóng thuế ít hơn bản địa, tôi quen ông vĩnh trú bên này vay tiền lãi suất âm bọn nhật âm thầm chuyển tiền về việt nam đây , ang nghĩ kiều hối đâu ra nhiều thế",0,1
3413,"Ko nó yêu 1 thằng bác sỹ đi làm rồi, nhà giàu vcl",0,1
3414,"Cái nữ quyền thật ra là nó gồm 2 giai đoạn chính là 1st-2nd wave, là thứ diễn ra ở phương Tây vào tk19,20, chỉ mới đc nhập vào VN những năm gần đây. Còn cái ""nữ quyền"" mà bọn Vozer, media thường nói tới là cái 3rd wave feminsim, thứ này chỉ diễn ra ở phương Tây đầu tk 21, gần như không tồn tại ở VN. Các anh Vozer suốt ngày chửi cái 3rd wave này nhưng không hiểu nguyên nhân chính làm phụ nữ dẩm là nhờ cái 2nd wave nhập về từ phương Tây ở tk 19 chứ không phải cái 3rd wave đang ra rã trên báo chí. Chừng nào bạn phân biệt đc 2nd wave feminism và 3rd wave feminism khác nhau chỗ nào thì sẽ hiểu bài viết của mình",0,1
3415,"Mắc bệnh ""nghèo"" đó .",0,1
3416,"Cái thủy điện này cũng có nhiều ""truyền thuyết"" hay lắm. Hay nhất chính là kho máu ""1 mảnh"" được giấu trong 1 khối bê tông. Bọn Luffy, râu đen đánh nhau đi khắp nơi tìm kiếm mà không biết kho báu đang được giấu ở đây",0,1
3417,"Đòi nợ có khuôn khổ , giới hạn thì đúng chứ còn mà thấy ""công ty đòi nợ"" và công ty tài chính mà auto chửi là ngu. Công ty tài chính là cho vay thấp cấp, dưới chuẩn phục vụ tầng lớp thấp, tiểu thương nhỏ nhưng nó làm việc còn có luật pháp, ban bệ hẳn hoi trong vòng kiểm soát luật pháp nhờ đó dẹp bớt nạn vay tín dụng đen, vay xã hội đen. Thời trước chưa có cty tài chính vay hụi đứng, vay góp, bốc bát họ nó cho vay người dân còn khổ , còn chết gấp chục lần.",0,1
3418,Thế mới thấy cái vụ làm cái tàu ngầm của nông dân làm ra mà báo chí tung hô nó nguy hiểm như nào,0,0
3419,Người nhật vui vẻ đéo gì? chỉ cố tỏ ra vui vẻ/lịch thiệp thôi. 2 cái kia thì đúng.,0,1
3420,"Hình như anh này và 1 số anh khác đang hiểu lầm thì phải. Công nhận còn nhiều kiến thức khác cần phải học và biến tướng, quy hết vào nó là ngu, là phản khoa học, giáo dục, vậy nên éo ai quy hết vào nó cả.",0,1
3421,"chuẩn rồi, nước nó còn là quốc gia có tỷ lệ nợ của giới trẻ cao nhất TG, tiền làm ít mà vay thì nhiều tha hồ mà phông bạt",0,1
3422,nếu không muốn reset thì đừng. đã đéo có tình cảm cố gượng ép thì sớm muộn cũng nát mà thôi. tôi từng như vậy lần 2 sau 1 tháng. chấp nhận ok. sau 6 tháng chia tay và từ đó à đéo có sau này,0,1
3423,Dảk Nhân Tâm nhớ đâu hồi cấp 3 đọc được 3 chương quăng mẹ nó luôn rồi bác Sách đ gì chả biết toàn bánh vẽ,0,1
3424,"Chê nó nghèo? mức sống của nó cũng ngang đại đa số người dân các tỉnh VN . à, đúng là cả 2 nước nghèo như nhau thì nói nó nghèo cũng chả sai.",0,1
3425,Giờ đặt hoàn cảnh bạn bị 1 cái thằng yếu đuối dặt dẹo dạy đời về sức khỏe thì bạn có bực không,0,1
3426,"Nó cũng khổ bỏ mẹ ra. Nó muốn tăng cũng phải có quốc hội duyệt, mà đám dân túy trong quốc hội thậm chí chính phủ rất nhiều.",0,1
3427,Còn mấy thằng ăn nói vô học thường sống như nào bạn?,0,1
3428,"Cái dớp của thím ku** làm trẫm sợ, với 1 số người hay bị rối loạn lưỡng cực sinh ảo giác 46 tuổi",0,1
3429,Anh hiểu cảm giác 10 thằng (trừ thằng bắt gôn) đứng trước khung thành trống nhưng đéo thằng nào dám sút vì sợ sút hụt ra ngoài không...,0,1
3430,"Thằng @hayuki @Kiên Pool @Đồng chí Chúa đều yêu tao đấy mậy, xiên được 3 thằng đó thì tôi chấp nhận thớt",0,1
3431,"Thích là phải ngỏ chứ, ngu gì câm. Phát súng không bắn là phát súng 100% trượt mà ^^",0,1
3432,"Đùa chứ, k nói về đô nhậu mà nói về đất cát bảo đảm ông thớt còn thấy lạc quẻ hơn Hôm m1 qua họ ngoại mấy ông chú toàn bàn chuyện đất cát chán vkl. Ai cũng tỏi này tỏi nọ..",0,1
3433,"right nó hơi thẳng. tụi fan cứ ship nó với thằng 2t, hqua nó live nó bảo nó trai thẳng đéo thích ship luôn mà.",0,1
3434,"có 21 tỷ chơi voz,lên đây chơi thớt hỏi,hư cấu vl",0,1
3435,"Ý anh bọn châu Á ko đi cướp chắc đọc Việt Nam xâm lược chưa. Lúc nào mạnh tí lên chả ""mở rộng bờ cõi"".",0,1
3436,mấy kho dự trữ VN đủ dùng k ta :3 bán hết mà lúc trong nước có biến đéo có gạo ăn thì...,0,1
3437,"Nhiều thằng ko hẳn là ngu nữa, giọng văn nó đọc giống đang cố định hướng dư luân đó",0,1
3438,"Nhắc nhẹ thím 10% tổng lương. Là thím lm cl gì k bt, tiền ăn tiền ở cty trợ cấp,... Miễn sao có trên bảng lương Điều bị dính 10%",0,1
3439,Chuyện của người ta. Nó có ảnh hưởng gì đến mình ko? Cái này trong tâm lý học người ta gọi này là hiện tượng cảm giác thua kém người khác rồi đi sân si này. Học làm thằng đàn ông đi chú chim non à!,0,1
3440,"Stk mà làm như sđt mà bày đặt nhiều kiểu , gớm",0,1
3441,"Than thở cái mợ gì, 2 năm mà lên lương 17 tr / tháng là hơn khối người",0,1
3442,"ở đâu chả mất dạy bạn, tuổi trẻ trâu mà thiếu giáo dục là nó như vậy ở VN cũng thế sao so vậy đc bạn đừng nhìn cái cấu trúc nhà ở, đường sá nó đẹp đẽ hơn là ở nước ngoài nó phải khác VN, thật ra cái ""cấu trúc xã hội"" nó y chang, ko khác gì hết",0,1
3443,"thêm cái án chống người thi hành công vụ, phá hoại tài sản XHCN nữa cho nó máu . Giờ quan trọng là nhà nước thu lại dc bao nhiêu tiền của nó khi nó tẩu tán hết cho người thân . Cái này nếu tra dc nguồn tiền nó chuyển cho người thân thì có thu hồi dc ko mấy thím ?",0,1
3444,"Bé nhà t cũng tiêm VNVC, mấy hôm tới cũng đến lịch tiêm mũi tiếp theo. Nó có chế độ khoa học cả rồi, kêu ca cái cc.",0,1
3445,Sống mà cứ nghĩ đồ thiên hạ là vật của mình nên sinh ra cái thói hèn Nhiều thằng giàu lên cũng đ rửa nổi cái độ phèn trong tư tưởng này,0,1
3446,"Anh bảo Rô béo múa may thì nhận thức cũng có vấn đề rồi. Chúng nó không múa nữa là vì trình độ kĩ thuật hạn chế, 2 là vì sợ bị gạt khỏi đội hình vì nhiều thằng HLV hèn chỉ muốn giữ ghế, và bóng đá giờ là việc làm ăn không thuần là thể thao.",0,1
3447,"Plot twist có khi éo phải gấu thớt điên đâu, mà là ...",0,1
3448,"Dân biết, dân bàn, dân làm, dân kiểm tra, dân giám sát, dân thụ hưởng​ Bầu sai thì ngậm miệng lại",0,1
3449,"1 câu thôi ""yếu"" Tiên giới thì chán phèo vẽ rắn thêm chân ""Linh giới vạn tộc"" nghe nó còn đồ sộ hơn cả tiên giới vẽ ra giới này, giới nọ",0,0
3450,Công ty khó khăn chứ a có khod khăn cmn gì đâu. Đac k thích thì nghỉ chứ sau này nghỉ xong họ cũng đéo nhớ a là ai đâu,0,1
3451,"Bạn có tài sản cũng kệ bạn, bạn phải chứng minh nguồn thu khi bạn đi vay kể cả vay thế chấp, nói chung bạn có cái cccj kệ bạn, kiếm sale nào rồi làm đi rồi biết, ngồi chém gió trên đây làm gì. Chứng tỏ cái gì ..?",0,1
3452,"chính xác là vin éo đc tố cáo )) về học lại luật đi bạn trẻ, coi quyền tố cáo dành cho ai ))))",0,1
3453,Thằng này hiện nay đang rất thiếu dân chủ,0,1
3454,Mình sáng nào cũng 1 ly. Ko có cf người nó ngu ngu thế nào ấy.,0,1
3455,"Bọn khôn vẫn có nhé , nhưng nó đi chủ yếu để kết giao tìm đối tác làm ăn chứ k phải nghe th long xl.",0,0
3456,Bọn gái Nhật này hút thuốc nhiều vl,0,1
3457,Chuyện có thiệt không mà máu chó vậy.,0,0
3458,"Anh đừng nhầm cái thân ái nấy lo với tính tự lập. Dân Mỹ nông thôn tự lập nhưng ý thức cộng đồng của họ cực cao. Họ hay đi nhà thờ và mọi người do biết nhau hết nên thường sẵn sàng giúp đỡ nhau, nhưng không phải dạng ỷ lại dựa dẫm. Thành phần ""Redneck"" mới chính là giá trị Mỹ vì họ là con cháu tiếp nối giá trị của những người đã khai phá và làm nên nước Mỹ bây giờ từ khi nó còn là đất của người da đỏ. Không có đám ""Redneck"" đó đi khai hoang, bảo vệ lãnh thổ thì còn khướt mới có chỗ cho các thành phố mọc lên để tụi di dân đến đu bám nhé.",0,0
3459,Giờ chỗ nào chả hỗ trợ mấy cái này thím 3 thằng này chạy quảng cáo như điên,0,0
3460,"Tu là để dạy mình, chỉnh tâm mình chứ không phải để dày người khác, chỉnh tâm người ngoài. Nhiều ông đéo hiểu tu tập gì, cứ thích ra vẻ, đi dạy người khác ""có thờ có thiêng, có kiêng có lành"", ai tin gì thì đó là lựa chọn mỗi người.",0,1
3461,Lỗi khách quan thì đồ ai bỏ tiền mua người đó sửa. Lỗi chủ quan thì thằng nào làm hư thằng đó sửa.,0,0
3462,"Nước ngoài nó vào mua, đọc thấy cái luật đất đai thuộc sở hữu toàn dân, người mua thực ra chỉ là mua ""quyền sử dụng"" chứ ko sở hữu thì tụi nó cũng vác vú chạy.",0,0
3463,"càng giàu, càng to thì sẽ càng phải gần nhà nước nhé, thằng nào to mà k vào đảng nó vặt cổ ngay, công ty tư nhân cũng có chi bộ đảng nhé.",0,0
3464,Cả 1 đế chế kinh khủng như thế mà sao mắc cái lỗi ngớ ngẩn nhỉ,0,0
3465,"Hình này nó tếu lắm, nhìn éo hiểu chuyên gì xảy ra luôn! P/S Thêm nữa hình như thằng thắng biết sắp đặt hay sao đó, nó lại vui tươi tạo dáng vậy ta?",0,1
3466,"Các fen máu me quá, camp 3 ngày vl thật",0,0
3467,Bạn và lũ mua đều ngây ngô vkl,0,1
3468,Bộ thái tử đụng chạm gì đến bọn này,0,0
3469,Nhìn mặt đã thấy giả tạo và không ưa rồi.,0,0
3470,"phil cứng đấy, xứng đáng là đầu tàu chọc chó trong khu vực",0,1
3471,Dân ta anh hùng vcl,0,0
3472,Kệ họ chớ! Liên quan quái gì tới thớt?,0,0
3473,Lại 1 thằng @Chiếu mới,0,0
3474,"Cơ hội đéo có lần thứ 2 luôn ấy, nó chủ động liên lạc sao ko sẵn tiện đòi 3tr luôn bạn",0,1
3475,"Giờ chưa vào lớp 1 đã phải lùa đi học ""tiền tiểu học"". Đúng là nát",0,0
3476,Thằng tổng thống lại khen mới đểu,0,0
3477,"150 chạy còn chả ra gì, 160 chắc banh mẹ dàn áo, khung sườn",0,1
3478,"Ngày trước cũng thế mà thời 2000 mấy đứa trong lớp đi học thêm từ lớp 10 lên hết 12 lúc đéo nào kiểm tra bài, thi cử cũng điểm cao hơn tôi vì tụi nó học trước hết rồi. Mình nhà nghèo đéo có tiền đi học, mãi lên 12 bố mới cho tiền đi học thêm mà toàn lủi đi bắn đột kích :V . Rồi lúc thi đại học thì làm đéo gì học trước được nữa, năm đó thi được đâu đó 19 điểm cao hơn tụi học thêm kia một đoạn bọn nó toàn phải học cao đẳng.",0,1
3479,@Vua Ch0' @Vua Chó Có 2 thằng nay là nó quen anh thôi!,0,1
3480,"sửa cái méo gì mà 2tr7 a , anh bị lòe chứ chắc thay cả máy mới tới mức đó",0,1
3481,Toàn mấy shop éo biết tên tuổi gì,0,1
3482,ông liệt mẹ nó rồi.,0,1
3483,có 2 cái đinh con nó đóng chết ở đấy,0,0
3484,"Cuối tuần hẹn làm bữa nhậu như 2 thằng đàn ông rồi hàn huyên tâm sự ... Trên cty thì cợt nhả 1 vài câu xem thái độ Xếp ra sao, con gái đứa đéo nào chả thích đc khen",0,1
3485,"sg sportcity, giờ kepel có làm cc gì đâu, bđs đứng im rồi. thằng phát đạt ôm cái svđ phan đình phùng để lấy đất, lấy xong có xây đâu.",0,1
3486,"Ai cf Hàn Thuyên ngày xưa chắc biết có 1 thằng tên Huy 18t (năm 2014-2015 gì đó), chuyên mặc đồ lính với đội nón pê-rê đỏ ra ngồi cf. Phường nó dí bắt cho bằng được thằng khùng cho đi nghĩa vụ quân sự, ông bà già lo kiểu gì cũng đ được, giờ ko biết sao rồi.",0,0
3487,Mấy thằng này mõm thôi.,0,1
3488,Chưa hết Q1 mà trầm cảm mẹ nó rồi.,0,1
3489,cái chuyện không đi tbd bị đuổi việc nghe cứ xộn lào thế éo nào ấy. cty tôi đi chia làm 2 đợt mà còn phải đăng ký. không đi có làm sao đâu,0,1
3490,"Giá trị con người nằm ở lối sống, cách suy nghĩ chứ nằm ở tay thằng nào con nào đéo đâu",0,1
3491,Cai lậy một thời khơi mào cho việc chống bot,0,0
3492,Cbuẩn vozer là 1 tiếng nhá thým,0,0
3493,"Con nào thế, ai cho xin cái gif éo quan tâm với",0,1
3494,Em đéo thấy nó cười mà các thím. Sao mà chết được đây ?,0,1
3495,ngưng sỉ nhục loài mòe,0,0
3496,mấy ca gần đây toàn nó cập nhật đầu tiên ^^,0,0
3497,"Vấn đề là kiểm duyệt. Cái đầu tiên bị đánh sẽ là ""xa rời thực tế"", ""làm gì có tổ chức nào lộng hành được như thế ở Việt Nam"",...",0,0
3498,"Thần Odin đổi 1 con mắt lấy tri thức, còn thằng này đổi 1 con lấy sự khôn ngoan, giờ chắc chắn cuộc đời nó sau này đéo dám chơi ngu nữa",0,1
3499,Nếu thuế mỗi năm 1% thì phải bỏ ra 400.000 mỹ kim đóng thuế. Ộc,0,0
3500,"Quần bơi giờ nó 2 lớp hết rồi, chả lộ gì luôn. Không cùng sóng hội đấy nó cũng chả care đâu ạ",0,0
3501,Một đất nướcrồ Mỹ từ cấp trung ương mà làm cái luật hay ghê,0,0
3502,Thế ông sân si với bọn nó làm gì? Kệ mẹ bọn nó thôi.,0,1
3503,"1 miếng 3 tỷ mà tiền cò ít cũng 60 củ nhé, đấy là cò yêu nghề. còn cò kênh giá thì éo biết đc đâu. : ))",0,1
3504,Ủng hộ bạn . Đéo mượn thì đéo có cơ hội clear nợ trước tết. Tôi cũng đang đau đầu đây. Hy vọng hết tháng 1 sẽ xong .,0,1
3505,"đúng rồi bác , 91 thì yêu đương đ gì",0,1
3506,Thớt mới học lớp dạy làm giàu của thằng nào à ?,0,0
3507,"Thôi em nó đã an phận làm công nhân rồi, không biết mới nhờ. Các thím chửi cái đéo gì",0,1
3508,"Tếu vl, lúc d' nào cũng đùa dc",0,1
3509,Sống ở sing thì bảnh mẹ nó rồi,0,1
3510,"Ông già thớt sống tình nghĩa vãi. Gặp người khác kêu ""đéo"", xong chuyện.",0,1
3511,"Bán xe thì nói về cái xe có đáng tiền ko, chứ quan tâm mẹ gì cái cty nó ở đâu, vì dù sao nó cũng là thương hiệu mới với người nc ngoài, ở VN hay ở Sing chả ai quan tâm, rồi gốc cty là gì, mấy cty xe điện mới còn đéo có gốc luôn.",0,1
3512,"Quan tâm khỉ gì, kiếm ăn cái đã",0,0
3513,"Nói thật ra là ""kệ mịa người ta đi"".",0,0
3514,"Đề nghị cán bộ làm cái hđ cho hợp pháp, đọc có mùi cá độ CA bớ thì ae hết chỗ chơi",0,0
3515,"mấy thể loại trộm cướp này khi bị bắt thì nó quay lại xin xỏ tha thứ ,xin dc thì chưa chắc gì nó bỏ thói trộm cắp, còn ko tha thì cả nhà nó qua ăn vạ tru tréo chửi rủa nạn nhân ko có tình người",0,0
3516,"nguười VN hay sống cuộc sống của người khác, theo tiêu chuẩn của người khác, để vừa lòng người khác. Thằng nào sống cho mình thì sẽ bị chửi là thằng dở hơi, cụ thể là mày thấy con nhà người ta thế này thế nọ ko.",0,1
3517,"2022 còn xài cái văn ""đa cấp về vn bị biến tướng chứ thật ra nó...""",0,0
3518,"Nếu tin nhắn là thật thì đến 90% là bọn vòi tiền chơi bẩn định gài thằng nhỏ tống tiền, giọng văn này chỉ có bọn mất dạy tống tiền thôi",0,1
3519,"Đội vay này mà ko uy hiếp nó cóc trả là chắc. T chứng kiến tận mắt có thằng cha mua trả góp cái điện thoại, trả đâu được 3 4 tháng ko trả nữa. Bọn FE Credit nó liên hệ đến làm việc, thằng cha kia gọi thằng cháu họ sang rồi nói là đéo trả đâu kệ chúng nó, m cứ ngồi đây xem chúng nó làm gì. 2 thằng FE Credit, 1 thằng chắc là kinh doanh, 1 thằng là xử lý nợ đến vào ngồi xuống cái thằng cháu họ nắm tóc 1 thằng kinh doanh chửi bới doạ dẫm các kiểu trong khi nó chỉ đang đặt vấn đề trả nợ thế nào. Tính bùng sẵn từ đầu rồi nhưng còn chửi bọn kia là lừa đảo vcđ. Mà cái tệ hại nhất là chúng nó còn thấy tự hào khi bọn cho vay ko làm gì được.",0,1
3520,"Anh chỉ sống tốt, làm người tốt vì anh sợ ""đấng Thần, Phật"" trừng trị hay độ anh thì tự bản thân anh chưa giác ngộ và bản thân anh chưa phải người tốt thực sự. Cái ""giác ngộ"" mà anh đang nói là thứ gì? có ăn được ko? hay mang lại giá trị gì cho mỗi cá nhân, tập thể hay là cả một quốc gia? Có những quốc gia xem Phật pháp là quốc giáo như Nepal hay Tây Tạng, ấy thế mà toàn bị ngoại bang nó ỉa vào đầu, hoặc nghèo mạt rệp, dân chúng sống trong cảnh nghèo đói thì ""giác ngộ"" nó nằm chỗ nào?",0,0
3521,Truyện 5 sài gòn siêu nhảm nhưng lại có cái kết rất thực tế ... Ba thằng sơn bệnh mất ... Nó phải giải tán nhóm để đi đạp xích lô kiếm tiền thay cha ... Éo ở không mà xuốt ngày đi làm chuyện bao đồng nữa ... Dù có cái chạn là công ty dầu khí của mẽo và trường mô côi thủ đức nhưng anh mới 17 chưa đủ tuổi chui ... Anh đi đạp xích lô 1 năm rồi mới chui,0,1
3522,"Dập bằng niềm tin à, thông tin cần truyền từ thằng bác sĩ bệnh viện nhỏ, đến bệnh viện lớn, đến lãnh đạo tỉnh, rồi đến lãnh đạo trung ương, với 1 con Virus chưa có thông tin dek gì, trong khi thời điểm bùng dịch đúng vào dịp vận chuyển lớn nhất TQ. Lúc TQ nó đóng cửa áp dụng biện pháp cứng rắn để dập dịch thì các anh Tây lông ra rả vi phạm nhân quyền mới vl.",0,1
3523,"tâm tư éo gì, bọn đấy cũng toàn hút máu đồng bào, bán đắt lòi ra, quán ăn thì 10 quán hết 9 quán ăn chả giống đồ vn, mà giá thì cao hơn đồ nhật, mỗi lần có fes vn ở nhật là hôm sau 1001 bài chửi vs bóc phốt từ chen hàng, bán đắt, bán dở ...",0,1
3524,"Kỵ ~~> theo cái Quá ~~> theo cái Cẩu ~~> theo cái Vân ~~> cái chờ Chí ~~> cái theo Tĩnh ~~> theo cái Phỉ ~~> phũ cái, cuối truyện đơm nhau với bố cái Nam ~~> chưa đọc Dự ~~> dù ko theo cái vẫn k thích võ Trúc ~~> theo cái",0,0
3525,"cái thớt này cũng có thằng ngược dòng được , quan ngại quá có khi nào một mai có người đứng lên nói sự thật bị thủ tiêu tụi nó cũng hoan hô là diệt gian ko nhỉ ?",0,0
3526,ở vn có tiền mà không buôn đất bị chửi ngu,0,1
3527,"doanh nghiệp bỏ tiền ra đầu tư thì họ phải chịu trách nhiệm giám sát, cái gì cũng chờ NN làm hộ, bao cấp thì cần dân chủ, kttt làm méo gì? anh muốn dân làm chủ, bầu ra tầng lớp lãnh đạo chỉ biết ngheo theo ý dân hay muốn bầu tầng lớp ""tinh anh"" làm chủ để dân răm rắp nghe theo?",0,1
3528,các cháu bịt mặt trộm thì còn thoát án tù chứ cướp là ngu r mà ngu mới cướp mấy con thú nhồi bông + 2 lốc nước ngọt để bóc lịch vô tù cùng buồng hỏi sao vô tù chắc đc trận cười ra trò,0,1
3529,"Ác cái thằng Mỹ nó làm ra tiền gấp 30 lần lận, là 270 triệu.",0,0
3530,"Mạnh dạn đoán thằng thớt cũng ít tuổi mới nghĩ vậy, hoặc bị em nào 9x đá cay cú quay tay ra bài. Mấy cháu 2k quen cho vui chứ yêu đương gì, còn trẩu lắm chiều ko nổi, có con em gái cũng 2k như đứa con nít dở dở ương ương chiều mệt lắm.",0,1
3531,thời buổi này thằng nào ẩn dụ tốt thằng đấy mới ăn tiền.,0,0
3532,Tại dân Myanmar ngu dốt rồi đổ thừa này nọ. Thằng Nhật nó cải cách dân trí đi lên,0,2
3533,"bảo sao nói voz húp mì tôm, bàn chuyện thiên hạ. Mấy chục năm trước có ai thấy được tàu bây giờ kinh tế số 1, quân sự số 2 thế giới như hiện nay. Mất bò mới lo làm chuồng, đúng quốc tính dân ta...",0,1
3534,Hồi ấy cày sao mà nhiều knb vậy ông? Nhớ mấy thằng bỏ học nó kêu chơi vl ko cần nạp cũng éo tốn tiền net. Nó rủ cúp học đi chỉ cho mà hùi bé sợ vl. Thắc mắc mãi đến giờ...,0,1
3535,"toàn làm trò con bò, khéo mượn cớ để đuổi người ta đi, xong lại lôi cái mác nhân loại ra. Con model language mà đòi làm hại nhân loại. hề hước",0,1
3536,Giàu thì luôn là chân lí ok. Bạn thấy mỹ nó mạnh. Nó nói cc gì cũng đúng. Ok fence,0,1
3537,Báo nó hỏi câu hợp tình hợp lý mà éo hiểu sao có thằng ngoạc mồm ra chửi. Tổ chức liveshow thì nó hỏi về chất lượng chuyên môn là đúng cmnr còn gì. Thằng nào hay theo dõi showbiz nước ngoài thì biết bọn báo chí bên đấy hỏi những câu sóc óc hơn gấp vạn.,0,1
3538,"18 tuổi thì kém mie phong ăn mày hơn 1 giáp lận, trẻ như zậy thì nó thọt hơn cũng phải, kinh nghiệm thực chiến hay nội lực sao bằng được mấy thèng già trâu khác nữa",0,1
3539,Nói như cu em đây thì đa phần dân Việt nam nó bất tài. Vì Việt Nam còn nghèo quá. Cái hộ chiếu nó cũng gần bét thế giới rồi. Mà thế đéo nào hít cũng ra tiền nhỉ.,0,1
3540,wtf? nhu nhược tới mức này cơ à,0,0
3541,Voz thể loại quái vật gì cũng có,0,0
3542,Vì nếu 20 sẽ có 1 thằng ngáo hỏi sao nó ko phải 24 lon,0,1
3543,"Đưa vào 2 nháy thì có nghĩa hơn Câu ""thằng này làm nhà báo chứ làm gì"" lâu lắm rồi k nghe thấy nói kiểu chê ăn bám nữa",0,1
3544,Phải có những đứa ngu tn thì bọn thầy cúng mới có cái ăn chứ. Những người như tôi tuyệt nhiên chả ma quỷ nào ngó đến,0,1
3545,"Vắng mợ thì chợ cũng đông thế thôi . À mà phàm những thằng lập topic như thế này lại đéo bỏ đâu , tin tui đi , kiểu gì cũng xài clone khác thôi , nghe ai không nghe lại đi nghe vozer",0,1
3546,"Giờ bọn ranh con cấp 1 và cấp 2 nó láo bỏ mịa, ra đường mà nhắc nhở chúng nó hút thuốc là chúng nó trợn mắt chửi lại mình ngay, lúc đó tui cũng muốn bạt tai cho mấy nhóc đó 1 phát, láo toét",0,1
3547,"Thời nay đạo đức con người xuống cấp quá. Vì đất, vì tiền người ta bất chấp máu mủ ruột rà để tranh đoạt. Tham lam, sân si... Ông bà nội nhà thớt dưới suối vàng chắc cũng đang đau đớn lắm. Bỏ đi mà làm người !",0,0
3548,"Quan ""tham"" thì sẽ dẫn đến giáo dục, pháp luật lỏng lẻo, yếu kém, dân sẽ ""gian"" hơn Vấn đề là phải có cơ chế chọn lọc ""elite"" lên làm quan thì sẽ thay đổi được ""dân gian"" (như các nước Mỹ và TQ làm được bao năm qua). Cái này thì VN chưa làm được",0,0
3549,"Quan trọng là bọn thu phí nó có cho nắp không =.= vì lắp cái này thu bao nhiêu là biết ngay, bọn nhà đầu tư nó đang ăn đẫy mồm rồi vì thu vé thì hiết bao nhiêu mà nộp thuế =.= giờ bắt hết mấy thằng chủ đầu tư lại, 1 là lắp thu phí ra ngoài làn,2 là đi tù như út trọc thì may ra làm đc",0,1
3550,Choáng nước 3000 tấn thì cái con tàu rách trong miệng voz bằng tàu chiến to nhất của vn rồi,0,1
3551,"Đây là cmt của 1 người có gia đình ổn áp đây, tin t đi, chứ éo ai cư xử như vozer tào lao bỏ mẹ",0,1
3552,"Thời trump làm thế giới yên ổn hoà bình, xăng rẻ như bèo, cái gì cũng tốt, đéo có chiến tranh. Đấy cãi đi, đéo ai như biden, mới 2 năm thế giới đã tan nát, chiến tranh lạm phát xăng cao đủ cả )",0,1
3553,Bố khỉ. Em có vấn đề về đọc hiểu thật à. Kế hoạch mà em đéo công bố thì ai biết mà làm theo 600-700 người thì 2 con 787-9 là vừa có nghĩa là 1 tháng giỏi lắm được 2 chuyến bay. E cứ mở mồm ra là VN nghèo VN thế này VN thế kia trong khi vé bay về tất cả đều được bán chứ đéo được cho em ạ. Như thằng thớt nó nóiấy thì kể cả là thu tiền cách ly đi nữa thì nó cũng còn rẻ hơn cái chi phí sinh hoạt ở bên này nên họ sẵn sàng đóng tiền cho nhà nước là chuyện thường.,0,1
3554,1 số thằng nó coi thứ nó đang bảo vệ như tôn giáo rồi thì làm sao thông não được chúng nó hả các anh,0,0
3555,Pháp và Tây Ban Nha là 2 thằng dập biểu tình kinh nhất cái Châu Âu này. Bọn Đông Âu còn chào thua 2 thằng này.,0,1
3556,"Đéo hiểu sao đám ticktock hay đưa tin về ông này, đéo liên quan luôn. VN thiếu đéo nhân tài về toán bá hơn, Lê Bá Khánh Trình, NBC,..",0,1
3557,"Thiếu gì diễn đàn mà đi reg nick voz làm gì trời. Từng thấy thằng âm reaction ngược dòng, bị cả diễn đàn chửi nghĩ thôi đã tởm bỏ mẹ r. Mấy a ham thích được chú ý cứ ngược dòng lắm vào rồi đổ tại dân trí.",0,1
3558,"Tôi có công ty 1 tháng doanh thu 1 tỉ, chắc ko biết kinh doanh thật rồi, nếu tôi biết kinh doanh nó phải 2 tỉ một tháng mới đúng, và tôi đúng là thèn ngu",0,1
3559,Thằng mỹ tăng kinh quá,0,1
3560,"thì kiện nó chứ sao kêu nó đấm chó nó, ông nói xàm",0,1
3561,"Hay mà , trc a cứ cuối tuần rảnh hôm nào mà ko có kèo đánh bài thì buổi trưa hay ra đấy gội đầu với mat xa mặt , thư giãn vl",0,0
3562,không mời mà vẫn đi mặt con đấy cũng dày đấy nó cố tình trêu tức fen rồi rảnh vkl,0,1
3563,"có thể bạn đéo biết, ở TP HCM này con đại gia toàn vào trường chuyên thôi",0,1
3564,Ở vn mà vào vòng xoay phải nhường đường cho phương tiện đã vào vòng xoay trước như nước ngoài rồi chắc đứng từ sáng tới chiều cũng đéo vào được lol,0,1
3565,"Phục hồi chó gì, đợt dịch cấm bọn nó tùm lum nên nó ghét, mấy năm liền bọn game thủ toàn ở nhà có được đi thi đấu đâu, cũng k rõ lí do cụ thể như nào nữa.",0,1
3566,"Thì đừng để nó nắm thóp nữa, im im lù lù làm, kệ cha nó!",0,1
3567,"Con nợ bảo ""tôi muốn trả nhưng hiện tại chưa có tiền trả"" thì luật éo nào khép người ta vào tội đó được",0,1
3568,2 thằng này nạp đc tiền vào tk của nó cũng nhiều khê khiếp,0,1
3569,Cho hỏi ngu cái mấy bãi “lậu” là ko xin phép chính quyền hả? Tôi dân ngu cu đen chả quan tâm lậu liếc gì thấy có bãi còn slot là mừng húm.,0,1
3570,Ko để tít thế ông thèm vao đây bình luận à? Đấy là lều báo nói thế.,0,1
3571,"Đăng ký xong bảo chờ, chả tác dụng đéo gì",0,1
3572,"Có tầu 200km/h nhà tôi cách hn 100km. Đi 30 tầu với thời gian chờ đi bộ nữa đến chỗ làm, chết cụ bọn phân lô bán nền, khỏi cần chen chúc ở hn cho mệt",0,1
3573,Đời người biết đéo đâu ngày mai còn sống mà các bố cứ trù ẻo người ta về gia cô đơn blah blah. Khéo 20 30 năm nữa 1 người ôm 1 con AI làm bạn tâm giao luôn rồi ấy chứ.,0,1
3574,trông đợi gì ở cái thằng gomez này,0,1
3575,"chắc đám thợ xây nhà công nghiệp nên vậy thôi, tự xây may ra vừa ý",0,0
3576,Ko chắc đâu anh các thanh niên lại vào sỉu rung gấp đôi ý chứ Kể bàn 2 phút độ 89 thì UAE đái mẹ ra máu gay cấn vl có khi có 3-3 thì hôm nay nổ tung fb,0,1
3577,Lão này đánh bom ghê quá nên aura vozer éo có tác dụng luôn,0,1
3578,Ko xào chứ mày nghĩ clip lộ ra tới VN còn biết thì có cửa cho nó tiếp tục ra thêm à. Sống trên đời cố xài não đi.,0,1
3579,"OK. Chửi đời, bất mãn tiếp đi nhé. Loại như mày xã hội ngày ko thiếu",0,1
3580,"Rõ ràng là vậy, tuyên truyền ăn ké ""linh kiện BMW"" thì người ta có quyền đặt câu hỏi, và anh phải chứng minh hoặc đéo chứng minh được thì người ta nghi nghờ là xạo.",0,1
3581,"mấy thằng trẻ con bây giờ hiếm thằng nào dưới 1m75, cấp 2 nó cao gần ngang tôi rồi",0,1
3582,"Dược giờ ra làm được cái mả gì đâu Sanh viên dược đông như kiến, giờ trường méo nào cũng đào tạo được",0,1
3583,"Xàm chửi vô văn hóa quá, tôi không thẩm nổi mặc dù cũng gọi là có tí tự do ngôn luận.",0,1
3584,"Cái anh nói xét cho đúng thì là kiểu đối nhân xử thế, xử lí tình huống thoii chứ cũng lq tới gái lắm. Như trường hợp chính tôi bị đi mà nhẹ thì thôi kệ mẹ đi, đời lắm thằng máu chó, dây vào thua đủ kiểu gì cũng lên báo (tại sao sao được lên báo thì chắc anh cũng hiểu mà ) Còn nếu mà đuổi theo tới cùng vì ""bảo vệ"" gái thì là sĩ gái rồi, này thì lại càng bậy nữa",0,1
3585,"mới hỏi con bé trong văn phòng, nó kêu nó mà có cảm tình với ông thì ông làm cc gì nó cũng thích, còn đã không có cảm tình rồi thì ông chỉ nên tán trong 3 tháng thôi.",0,1
3586,"bọn bây là nhân dân cần lao đó. Chứ ông này thuộc công ty bảo dưỡng, đo đạc thông số đủ điều kiện cho lưu thông thì thôi, chứ biết đâu mấy trăm thằng lên cầu nhún nhảy...",0,1
3587,Sự ngu dốt của 1 cá nhân hoặc 1 vài cá nhân gây lãng phí cực lớn cho toàn xã hội. Nhưng khổ cái là hết nhiệm kì xong rồi chả sao,0,1
3588,Bọn Mỹ gốc Đức đông vl.,0,1
3589,"Bên Tàu đất rộng, trang trại bạt ngàn mà chẳng có người làm. Thanh niên TQ éo ai cũng mơ làm giàu, chứ làm nông là 1 thất bại. Còn ở VN dân đông, đất chật thì éo có đất nhiều để làm nông nghiệp, thanh niên phải đi làm công nhân, thất nghiệp về quê là đói ngay.",0,1
3590,thời đại internet mà cứ phải chọn đúng cái trường đấy là thế đéo nào,0,1
3591,anh nói thế này mấy cha cuồng option lại chửi om sòm bây giờ,0,1
3592,bây giờ tao cũng đã biết folder là cái gì đâu ?! éo thể tin được .,0,1
3593,"Càng có nhiều thứ, càng có nhiều trách nhiệm như gia đình hay họ tộc mới sợ chết . Như mấy thằng kia sống ích kỷ, vô trách nhiệm với gia đình, họ hàng hay chính bản thân của nó thì cuộc sống của nó có ý nghĩa mẹ gì đâu mà chả không sợ chết",0,1
3594,Nó là con đường. Thằng kia đợi gái chắc cũng đéo biết là nghĩa trang ấy chớ Khu này vắng người nhưng an toàn bỏ mẹ ra. Bao nhiêu năm nay làm gì có ai cướp kể cả đêm. Nhiều khi đi qua còn sợ ma hơn là sợ người Thanh niên này đen gặp 2 thằng trẩu vào 8h30 tối,0,1
3595,cả thế giới biết có 1 thằng nghiện ngập tiêu thụ tiền giả mà người ta vẫn dựng tượng quỳ gối đấy thôi,0,1
3596,"có thanh niên 1m83 mấy # trên kìa fen ơi ""người tôi chỉ tầm m83 75kg không học võ gì cả cũng tự tin sút hết lực thì con chó không chết cũng giãy mẹ rồi""",0,1
3597,"nói đâu xa, đám cầu thủ mờ u có vài thằng anti-vac",0,1
3598,"Đồng tiền và địa vị hão khiến con người ta tha hóa. Không thể hiểu nổi người ta nghĩ gì khi đớp những đồng tiền bẩn. Ông bà ta dạy ""phi thương bất phú"" nhưng có vẻ tư duy của những vị ấy vẫn chưa qua nổi lũy tre làng, làm giàu xổi, quyền thế tính bằng nhiệm kỳ, để rồi khi các vị ấy về hưu thì lóc cóc đi hốt shit của lũ quý tử ăn chơi lêu lổng...",0,1
3599,Chừng nào mấy thằng làm luật bị cắn thì tụi nó mới ra luật nhé,0,1
3600,ủng hộ thằng FB chết trước tiên,0,1
3601,"đen thì có bệnh gần chết vẫn bị dí thôi ông nào càng đại học cao đẳng thì càng ""được""ưu tiên nhé mà có bệnh tật thì phải có giấy tờ rõ ràng chứ lắm ông nói mồm bệnh này nọ vậy chứ đi khám toàn trúng loại 1",0,1
3602,"Tầm 2007 có một khoản vay 500 tỷ đầu tư tàu đánh cá mà 2012 sạch nợ với ngân hàng thu về 2 cái xác tàu rách Ngân hàng của anh sông bắc, quả là vãi Có thím nào ở trên bảo đẩy sang tổng công ty mua bán nợ nhà nước nhưng giờ bọn nó éo giám làm đâu, đẩy cuối năm cho đẹp bctc rồi ra năm lại mua lại ấy mà",0,1
3603,"Nói ngược lại mới đúng chớ t thấy toàn thằng giàu đi định cư nc ngoài còn thằng nghèo đi xklđ thôi Vn hơn 90 triệu dân cơ mà, có người này người kia đi hết thế đéo nào đc",0,1
3604,"Làm nhục, xâm phạm thân thể người khác.",0,1
3605,Vì nó nghĩ mày xấu vl đấy,0,1
3606,"bà chị chắc còn trẻ, mà còn trẻ mà dính vụ này thì ngu thật",0,1
3607,"Hỏi như này ông vào mấy group facebook mà hỏi cho hay, đường nào cũng 1 kiểu niềm tin abc xyz này nọ, thét rồi voz bị fb hóa hết rồi, vozer thì người ta bày ông đọc đi nhé, có điên với văn vở niềm tin này nọ mệt lol, anh em còn chưa tin đc ns gì người dưng",0,1
3608,"Bò đỏ hay bảo bên đó tài phiệt nắm quyền chi phối đất nước, mà thấy tài phiệt đứng đầu Samsung hay Chaebol khác, tổng thống cũng đi tù ầm ầm đấy",0,1
3609,"ngay trong cái bình luận này đã bắt được 3 lỗi tư duy cổ hủ của người Việt: 1 là tư duy độc tài ""tôi khen thì các anh không được chê"" 2 là chụp mũ, công kích cá nhân ""ghen ăn tức ở"" 3 là ngụy biện tu quoque fallacy, ""anh không làm được thì không được quyền bàn luận"" (hiểu như kiểu ""mày có làm thủ tướng không mà được quyền chất vấn thủ tướng"") Nếu xem content nước ngoài nhiều thì khả năng sẽ không mắc 3 lỗi này, đơn giản là content trong nước chỉ thích ăn sẵn dựa trên sự hiếu kỳ, đó là con đường kiếm view nhanh chóng, chứ nó không hề xây dựng cái gì mới, sáng tạo, phát triển tri thức cả",0,1
3610,Giữ giá là do Kylin khôn biết tạo hiệu ứng... thế các hãng khác éo biết làm thì các hãng khác bị ngu à...,0,1
3611,"Chê trứng vịt lộn là sai, khen cà phê sữa là đúng. Đừng chơi trò nhét chữ như thế. Đừng trở thành tụi ""cộng đồng mạng"" mà bạn đang chửi",0,1
3612,Bớ người ta! Tao báo quan,0,1
3613,"Không có bằng chứng, bác kiện chúng nó còn chửi cho Bảo là đã lo cho đi cách ly rồ còn ý kiến ý cò. Tốt nhất nên có bằng chứng rõ ràng. Như đứa tiếp viên hàng không hồi nọ cũng có bằng chứng rõ ràng đăng lên mạng còn bị bọn nó chửi cho kia kìa Bảo là nước còn nghèo mà đòi hỏi lắm.",0,1
3614,"Ở nhà thả rông cho thoải mái, cần đi đâu thì mặc vào. Còn thím k mặc ra ngoài thì kỳ lắm đấy, tim mà bom máu vào 1 chỗ thì xấu hổ đéo có chỗ núp đâu",0,1
3615,"Ông này kiểu như vozer phiên bản winner, ngang tàng ngông nghênh mà làm cái đệch gì cũng giỏi, trên thông thiên văn dưới tường địa lý, lại ăn cả trai lẫn gái, giàu nứt đố đổ vách và 1 tài năng mà chỉ có ở văn hóa voz mới có đó là chửi thì t này nó chửi cũng giỏi nốt, nghe cuốn thật sự bảo sao vozers vàng vẩu nó ghét vì gặp phải thiên địch rồi",0,1
3616,Trung quốc cũng đầy vụ như bà này mà..nó cả thuật ngữ để nói luôn. Chính cq trung quốc cũng muốn quảng bá mấy cái vụ.này luôn. Cho thây dân đk làm chủ vấn đề đất đai,0,1
3617,"Cái đó đéo ai chả biết mà nói cái đéo gì ? gsa1250 là 268 kg (đầy bình xăng), thế còn thua xa mới tới 3 tạ.",0,1
3618,"ko thấy thằng nào ăn dc 600tr mà rút ra hết mua nhà cửa nhỉ, toàn thua lại",0,1
3619,Trên voz này tôi nói cái tró gì cũng chính xác cả.,0,1
3620,"biết vì sao Việt Nam ven biển mà điện gió toàn trên núi ko?? vì xin đất rừng làm điện gió thì mới đc chặt gỗ mà bán, chứ trồng dăm 3 cây cột lãi đéo gì, đéo ai ném tiền ra vì môi trường đâu",0,1
3621,có mấy thằng cứ phải ngược dòng mới tưởng mình là đặc biệt...,0,1
3622,"Nhịn đéo gì, làm vì tiền thôi. Fen nghĩ hắn bên đó làm việc gì to lớn vĩ đại lắm à? Giống mấy thằng nhóc ác thần tượng mấy thằng như Hải bánh vl.",0,1
3623,Thì liên quan mã mẹ gì tới thớt này?,0,1
3624,"Loại này 1 là hám fame, 2 là có khả năng bị ""thuốc"" đem con đi sinh trắc học thấy báo có tố chất thể thao nên hướng đứa nhỏ từ bé luôn",0,1
3625,Thời đại nào rồi mà còn tin mấy cái thứ này,0,0
3626,"Dân trí cao như tao không có coi mấy cái phim nhảm nhí, dạy con nít khôn lỏi lươn lẹo mánh mun, phản khoa học như vậy",0,1
3627,"Phụ nữ hiện đại nên nhanh nhẹn 1 tí. Ko cần phải năng động tích cực như dân hướng ngoại, tuy nhiên cũng đừng có đần đụt quá. Ko cần nói nhiều, cứ đi nhẹ nói khẽ cười duyên là đc rồi. Thằng nào khịa thì đốp lại câu là đc, chứ đừng có ngồi đấy do đéo hiểu gì mà cười mỉm là đéo ổn. Biết là phụ nữ thiên về cảm tính, nhưng nhiều lúc cũng nên biết dùng cái đầu mà phân tích logic",0,1
3628,Câu này thường được nói ra bởi mấy thằng tự cao,0,1
3629,Thế mấy thằng k nổi tiếng thì sao,0,1
3630,học bọn mỹ chứ đâu lai căng vớ vẩn giờ còn học cả cái trò tiệc công bố giới tính thai nhi,0,1
3631,qui ước nhân với ngoặc thì có thể bỏ dấu nhân. nó là qui ước. hồi còn học sinh học thế. ko lẽ thầy giáo dạy láo?,0,1
3632,"mong chứ, nó đéo hạnh phúc nó buồn nó quay lại phá thì càng chết.",0,1
3633,Trấn Ninh thớt này giải thích rõ ràng rồi vào mà đọc cụ ạ. Có phải đất nhà Lê éo đâu?,0,1
3634,"từ ngữ của bọn Tàu nó chia ra cả đống loại hoang mạc cơ: sa mạc, băng mạc, thủy mạc, diêm mạc, lịch mạc, nê mạc,...",0,1
3635,Khinh bỉ mấy thằng reup youtube nhé.,0,1
3636,"Tôi cũng vừa cạ đít 1 thằng PCX đây. Đèn đỏ tôi rẽ trái nên dừng sát giải phân cách, đến đèn xanh điều khiển xe đi thì thằng củ lìn kia đi lấn làn ngược chiều từ dưới phi lên rồi dừng ngay phía trước, mịa nó chứ tôi vừa tăng tốc thì phanh kịp thế nào được, kết quả thằng kia chắc cũng biết nó sai nên lượn luôn.",0,1
3637,con bạn đại học nhập hàng Quảng Châu về bán Shopee vừa bị nộp 500 triệu tiền thuế. Éo biết nộp 500 triệu thì bọn nó lãi bao nhiêu nhỉ. Vcl thặc.,0,1
3638,"giờ bán đất ở các nơi có dự án dễ không, ngta đổ xô vào mua chứ có gì mà lắm ông không tin thế. Bạn tôi cũng vừa làm cái nhà có mỗi 120m2 ở Tân Yên, Bắc Giang mà tận 8 tỷ, tôi cũng đéo hiểu sao nó lại đắt thế",0,1
3639,"Trc ổng chính miệng nói mà, để marketing hình ảnh, để hỗ trợ vay vốn, huy động vốn đầu tư cũng nên. Tuy k phải xạo lol nhưng cũng mục đích để vay.",0,1
3640,"Đừng lên Voz, nhiễm thói hư tật xấu",0,1
3641,"Âu - Mỹ nó cũng đéo khác dân ta đâu anh, đây là vấn đề giáo dục và trình độ nhận thức, nó không liên quan đến đất nước, dân tộc. Bọn phương tây đôi khi văn hóa còn thấp hơn cả bên mình ấy.",0,1
3642,Chuẩn! Một khi đã thích rồi tự dưng nó ngu hẳn ra.,0,1
3643,"Làm ơn đưa mấy người tâm thần “thật” này đi trại tâm thần giùm, tiền thì bớt xây tượng đi, cải thiện chất lượng chăm sóc bệnh nhân đi.",0,1
3644,"Giống như phe đảng cộng hòa với đảng dân chủ vậy, hai đảng này không thông não nhau được. Hoặc bọn tin vào thuyết trái đất phẳng, không thể thông não chúng nó.",0,1
3645,Chủ chó là người bán chó àh,0,1
3646,có thằng điên nào tự nhận là mình bị điên đâu,0,1
3647,Chờ thối tiền thì như cảnh này thì dân còn chửi nữa,0,1
3648,Top 2 thế giới thì sao? Top 1 thế giới là Mẽo còn ra khối chính sách ngu đần thì tại sao ko dc chửi 1 chính sách ngu đần của top 2? Hay là top 1 top 2 thì ko phải là người nên ko có sai sót?,0,1
3649,"chết méo gì ?, giờ Cơ quan NN nó dùng hết mail điện tử rồi, kể cả hỏa tốc, báo chí... BĐ có bị ngu đâu mà đi chờ mấy ông NN ban phát vài cái công văn ?, tìm hộ chỗ nào BĐ chết ngoắc cái ?, giờ đâu phải mỗi mảng bưu chính , còn bán hàng tiêu dùng, bảo hiểm, ngân hàng, chi trả tiền chính sách... người ngoài ngồi im nhé",0,1
3650,"Éo có tiền nên góp vốn ít, éo có công nghệ luôn thì đòi tiếng nói mẹ gì.. Này thực chất là doanh nghiệp FDI nhưng được hưởng ưu đãi để đảm bảo nguồn cung năng lượng.",0,1
3651,"Thằng bự biểu còn kiến nghị bỏ 49-53 kìa Có kiêng có lành đấy, tụi bây ko biết gì hết",0,1
3652,vợ mới mua 1 cai manu cho thằng cu. đọc hd còn đéo biết đấy là bảo hiểm nhân thọ hay là bảo hiểm sức khỏe nữa . đại khái là bị bệnh thì dc trả tiền mà sau 18 năm thì đi học thằng cu dc 1 cục cũng gọi là đủ tiền học dh,0,1
3653,"đi tắt đón đầu là thằng Khựa đấy, phát triển thần tốc trong 20 năm. Việc cần làm thì cứ làm, kệ cmn thế giới phản đối, chê hàng giá rẻ, thích hàng giá cao thì đứng qua 1 bên. Thực tế thì điện thằng Khựa rẻ cũng góp phần làm hàng hóa của nó rẻ hơn",0,1
3654,1 tháng của bác nhiều thế thì ít nhất bác cứ đòi 2 tháng đền bù theo luật nhé. tổng 3 tháng. việc méo gì phải ngậm bồ hòn làm ngọt với tụi nó. là em em cũng theo,0,1
3655,Thế là 24k/tháng hay 24k/năm? 24k/tháng thì chắc không thằng nào phá banh công ty đâu. Chủ doanh nghiệp nó đâu ngu vậy,0,0
3656,"Đi nhậu với bạn, đéo gái gú gì hết, thiệt hại 400k mỗi thằng",0,1
3657,"ủa việt nam toàn sài tiền mặt thì rửa làm mẹ gì nhỉ ? bây giờ anh cầm 50 tỷ tiền mặt đi mua nhà rồi cứ kêu tôi làm ăn nuôi heo nuôi gà xe ôm buôn chổi đót tích cóp đc thì thằng nào điều tra nổi , mà cũng đeo ai quan tâm luôn, ko lẽ bán cái chổi lời 10k cũng phải có hóa đơn ah tôi nghĩ rửa tiền thì chỉ liên quan đến quan chức, tụi mmo làm trên mạng hack hiếc đánh bạc các kiểu nhận tiền vào tài khoản ngân hàng hay tụi âu , mỹ các kiểu thôi chứ vì bọn này hạn chế giao dịch tiền mặt , toàn phải giao dịch qua ngân hàng lên mới phải rửa chứ nhỉ",0,0
3658,"Con này rắn hoa cỏ, ko có độc đâu, còn thuộc loại có ích. Thằng thớt ác vl",0,1
3659,"ko có 1 thằng ads thủ nào ăn lương cứng cả đều ăn %HH hết cái chính là bọn kia nó lươn và văn, vậy thôi",0,0
3660,"vl, chưa j đã lo bảo mật công nghệ với TQ,",0,1
3661,Chuẩn. Của 1 thằng bên xàmvn troll thằng nhỏ =]],0,0
3662,"Khóc lóc cái lol! Mỹ bản thân nó cường quốc, nó tuyên bố thằng độc tài xâm lược, cướp đất Sudan sử dụng bom chùm là tội ác chống lại loài người, thì Sudan lo sợ mà rút quân xâm lược, dừng sử dụng bom chùm đi!",0,1
3663,"Ngta bảo ngu si hưởng thái bình đéo có sai, vẫn một kiếp ng, vô tư vô nghĩ kệ mẹ đời , hay là chạy, chạy mãi theo tham vọng, chạy đến cái đích mình thấy thoả mãn, đến đích đấy r có chắc đã dừng lại Đã sinh ra ở cái nước hạng 3, r lại sinh ra trong tầng lớp hạng 3 nữa, nên chạy tiếp thôi",0,1
3664,"Anh Gà tham vọng quá. Chứ bọn Hoàng gia Brunei với Sáu đĩ rồi UAE nó chả độc tài vcl. Luật pháp Sáu đĩ và UAE cũng hà khắc bậc nhất TG, còn hơn cả Iran, chứ chưa nói đến Lybia là 1 nc khá là cởi mở.",0,0
3665,"Không trưng thì bảo là ko trưng, éo hiểu luôn trưng thì lại bảo là sao ko so sánh GDP gì đó... với các a thì cái méo gì chẳng chửi được:",0,1
3666,Tài sản với tiêu sản đùng 1 cái đổ bệnh bán đất bán xe mà trả,0,0
3667,"Móa Intel với Apple đều có chiến lược kinh doanh y chang như nhau. Bọn tư bản chỉ giỏi làm tiền, làm kinh tế chứ về phạm trù đạo đức thì không có. Chửi nó sống 2 mặt thì quả không sai.",0,1
3668,"đang làm sale XK mặt hàng chậu cây kiểng mà đéo có khách , ngồi ngáp chết mẹ này",0,1
3669,chắc đéo gì thằng cầu thủ nó tự khai? tôi hỏi anh lý do gì mà cả đội Úc qua VN không phải cách ly theo luật?,0,1
3670,"Điện ảnh là nghệ thuật, thằng làm ra chỉ với mục đích kiếm tiền thì không phải nghệ thuật >> đéo phải điện ảnh >> không có cửa đặt lên bàn cân với điện ảnh thực thụ",0,1
3671,"Muốn biết dân ở đó sướng hay khổ hãy nhìn vào phúc lợi xã hội. Đkm Thái Lan còn thua 1 bậc bài đẹt so với Can, 1 quốc gia luôn có thành phố nằm trong top 10 thành phố đáng sống nhất thế giới = )) Năm 2021 top 10 city thì Canada có tới 3 đại diện :",0,1
3672,"Sao không nhỉ, ví dụ cái bọn bán máy matxa thương hiệu 'nhật bản"" nhưng thực chất là hàng tàu, mua 1 bán 4. Cty chúng nó đóng thuế hơi bị nhiều Hàng giá trị cao trên 1tr đi qua hải quan là đã có thuế rồi. Cơ mà cái đoạn ""sợ tq cấm gian thương nó hốt vnd"" ở đâu ra thế, mấy ông này chắc không học hết lớp 1 hay sao, đọc hiểu kém thế",0,1
3673,"Klq nhưng xóm gần nhà t thời 2k6 cũng nhiều thằng nhóc mất dạy (t ko chơi cùng), t còn tận mắt nhìn thấy tụi nó lấy gạch chọi mù mắt rồi đập què giò con mèo nhà người ta, xong bỏ chạy cả 3 thằng. Bây giờ lâu lâu về lại có thấy thằng nào sát nhân đéo đâu. Nên khoa học cũng chỉ là thông số. Và ko phải thông số chỗ X sẽ áp dụng với chỗ Y.",0,0
3674,Vũ khí Mỹ chỉ giết bọn khủng bố như Iran đúng không Nga vàng sủa lên cái nào .,0,2
3675,Viết đoạn văn đọc đéo hiểu gì luôn. Thiết nghĩ nên tự coi lại bản thân còn thiếu sót gì không chứ khả năng diên đạt ý này quá kém.,0,1
3676,"ký sinh trùng thì chui chạn thôi (thằng con gia sư tính cua múi mít), ăn bám nhà giàu. Bị 1 khứa ăn bám khác phát hiện mới ra chuyện",0,1
3677,"Chục năm trước vay của bọn agribank, toàn lót tay cho 1 2 củ để nó làm hồ sơ cho nhanh, nhưng ghét cái cảnh đến rút hay trả vc ra, ngân hàng gì toàn ông bà già, xử lý thì chậm như rùa bò, mặt mũi thì hoằm hoằm như ăn tươi nuốt sống người ta, viết sai 1 tý nó chửi không khác gì con cái trong nhà.",0,1
3678,"1 đằng là đại lý phân phối, bỏ tiền nhập hàng bán ăn chiết khấu theo số lượng, 1 đằng bán bằng mõm, buôn nước bọt. Mà mở mồm ra bảo deal dc giá tốt hơn, thì chỉ có 2 trường hợp là hàng giả hoặc hàng bán kiểu đa cấp chứ bọn hãng nó có ngu đến mức tự đạp đổ bát cơm của mình đâu",0,1
3679,Khổ thân. Bị đến 3 thằng quây nó đấm cho. 2 thằng giữ cánh gà 1 thằng cứ thằng tay mà tọi hộc cả máu mồm,0,0
3680,"Tôi auto nhường cho người tàn tật, người già, phụ nữ mang thai. Trẻ em thì tùy, nhiều đứa khỏe nó còn chạy nhảy trong xe. Còn láo lếu như thằng già trong bài thì ko những nhường mà tôi còn tặng thêm 1 bộp tai",0,1
3681,Ra đầu thú đi. Chạy thế l nào được,0,0
3682,"Chính xác thì người ta đã giúp nó nhiều lắm rồi fen, và chán đéo muốn giúp hoặc là đéo còn gì để giúp (bố mẹ nó chẳng hạn).",0,1
3683,"Ở SG mà có 50m2 đất xây nhà là ngon rồi, trệt pk+bếp, 2 tầng trên 4pn, trên youtube nó rao bán đầy kìa. Còn cái cc 4pn của bác chắc cũng 5-6 tỷ, có nhiêu đó tiền ko ai ngu mà mua cc, 50 năm sau ko còn cái nhà cho con cháu",0,0
3684,"Thớt phổng đạn đúng ko ? Giáo dục, y tế phát triển , lạm phát năm vừa rồi tăng chưa tới 3% thì thất nghiệp gì",0,2
3685,Nói chuyện đã thấy ngu rồi. Vì trốn thuế nên mới bị phạt và ra tòa. Còn phát hiện chưa nộp đủ thuế thì truy thu thuế.,0,1
3686,Kinh tế+ y tế yếu mà đòi đú theo anh tây lông hay tàu cộng.,0,1
3687,"bậy. liên thiên. tôi 2 máy. 1 VCB, 1SHB đây. chả thằng méo nào bắt cam kết cả",0,1
3688,Tin ai không tin đi tin cái loại có mực,0,0
3689,Mấy thằng tiktok chúa làm video câu like câu view,0,1
3690,"Vừa bú rượu cắn thịt gà xong, mồm thối vl ra, người thì hôi mùi thức ăn + rượu + thuốc lá + mồ hôi, quyện vào nhau tạo thành cái mùi vừa hắc, vừa nồng, vừa hơi chua chua như kiểu mùi của đôi tất đi liền 3 ngày xong vứt vào cái chậu ướt thêm 3 ngày nữa, vừa nhờ nhợ như kiểu bú rượu lắm quá mới nôn xong lấy tay quẹt ngang mồm. Nhạc thì to, ngồi gần nhau mà nói mãi thằng kia đéo nghe thấy. Thế là mới dịch đít đẩy ghế nhựa ngồi sát nhau lại, tay phải khoác vai, tay trái kẹp điếu thuốc, mồm vàng vẩu ghé sát mặt thằng kia, tâm sự anh anh chú chú, ""phải thế này"", ""phải thế kia"", ""tình cảm anh em mình nó quý lắm"", ""chỗ anh em là anh nói rất thật""... blah blah",0,1
3691,Thì thằng thớt lấy tấm gương mà học hỏi,0,0
3692,"Thì đám tây lông cũng kệ mẹ kinh tế thị trường đấy thôi Đùa tí chứ chính xác là siết lại cách vận hành của luật, các ngân hàng tăng lãi suất cho vay sẽ phải tăng lãi tiền gửi bằng cách lách ""lãi ngoài"" cái đó là vi phạm pháp luật đó.",0,1
3693,Nghe mái thằng hàn cuốc ko hiểu cái mame gì vẫn có cảm tình phỏng,0,2
3694,"Thằng Mỹ nó không đánh thuế xe hơi, nó đánh thuế khác và tụi nó đặt tên là thuế chống bán phá giá Anh tìm thử xem Mỹ nó đánh thuế lên mật ong VN bao nhiêu nha.",0,0
3695,"thằng thớt đọc rồi thì tao khuyên mày nên thẳng thắng với bạn gái mày,trong chuyện tình cảm không thành thật là tối kị,nó lừa mày 1 lần thì sẽ có lần 2,lần 3",0,0
3696,"Xịt xong lau kẻo nấm bẹn bỏ mẹ. Nhớ hồi du học mình vật vã tìm cách lắp vòi xịt, tụi tây cứ thắc mắc hoài, cuối cùng thông não chúng nó vs 1 câu hỏi :""nếu cứt dính trên tay mày thì mày chọn nước hay giấy?"". Từ đó câu chuyện vòi xịt đc lan đi chóng mặt trong trường Nhiều ông còn xin số để gọi xin tư vấn vòi xịt cơ",0,1
3697,đọc đến câu cấu tạo sinh học ăn trái cây chán đéo muốn nói nữa. vãi cả cấu tạo sinh học ăn trái cây :v,0,1
3698,Tôi thấy vấn đề của nhật ko chỉ do mấy lão chính trị gia mà còn ở bộ phận dân nhật cũng vậy. Mấy lão chính gia làm sai thì dân nó chửi nhưng dân lại ko đi bầu và tìm dc người nào giỏi và cứ suốt ngày chửi trên mạng thôi. Cảm giác dân nhật nhát ấy.,0,0
3699,Vào đọc cmt mới thấy nhiều thằng nhận thức có vấn đề thật,0,1
3700,"Nói như anh thì mấy thằng sx linh kiện phụ tùng oto chắc phá sản hết rồi. Toyota còn phải thuê mấy nhà máy dệt ở VN làm nội thất, ko lẽ 1 hãng xe nó làm được hết từ a-z. Nói chuyện vừa thiếu kiến thức kỹ thuật vừa thiếu kiến thức kinh doanh. Chán.",0,1
3701,Thu nhập ngang Mỹ mà còn chê vcl. 500k tệ là gần 70k usd rồi.,0,1
3702,"bỏ 1 phiếu cho lưu bị lưu hiền đức dòng dõi hán thất dù xuất thân nghèo hèn bỏ thêm `1 phíu cho quân sư quạt mo(quạt giấy) gia cát lượn,khổng minh-nếu ông còn sống thêm 10 năm nữa,nước thục hán sẽ thống nhất thiên hạ,thu phục nhân tâm(lòng người) hohoho",0,0
3703,"Anh hói nhớ là toàn ăn bánh trả tiền, chứ làm gì có ăn chơi kiểu mất dạy hiếp dâm như thằng này đâu.",0,1
3704,"Vấn đề đây là họp báo, chuyên môn của pv, nhà báo là nghe thông cáo và về viết bài, có thể đặt câu hỏi (phù hợp) về chủ đề liên quan. Chứ họp báo đéo phải một cuộc thi, pv đéo phải giám khảo, đéo ai mượn pv đứng lên nhận xét ""tôi thấy anh diễn thế này thế nọ...""",0,1
3705,"Tôi đồng ý với lời cảnh tỉnh, nhưng không đồng ý với ""Để lại 1 lời động viên méo chết ai đâu"". Lời động viên chỉ có tác dụng nếu đúng hoàn cảnh, còn khi không đúng hoàn cảnh thì tất cả bị dắt mũi à? Biến thành trò hề như những lời anh em trên này đã từng ""ca ngợi"" thằng đbrr nobiship fake chuyển tiền cho 1 cậu bị ung thư.",0,1
3706,Thằng này là thằng nào mà mặc áo đỏ vậy?,0,0
3707,"Quan trọng là cái phân biệt giai cấp quá nặng nề, đơn cử như bạo lực học đường nên thanh niên tầng trung lưu đổ xuống ko dám đẻ nữa. Cũng tại cái văn hóa làm kinh tế mà tác phong mệnh lệnh cấp trên là tuyệt đối như quân đội ăn sâu từ thời anh Hi nên giờ nó thành tư tưởng rùi, tụi thấp cổ đông hơn nhìu nhưng ko dám chống đối. Nền chính trị do chà bông chi phối nên chính phủ luật lệ cũng đứng sau tiền.",0,0
3708,Tôi đang bảo chỉ có bọn dở hơi mới 3h đêm đi xe máy rét bỏ mẹ đợi mua vàng. Thế mà cũng có thằng vào muốn mở combat với tôi,0,1
3709,"Ghê răng quá. Hồi cấp 2 ở đối diện trường tôi có hệ ống cống làm trước chuẩn bị cho khối nhà dân sắp xây. Chả hiểu sao năm đó mới học lớp 6, rủ cả lũ học sinh chui vào đó chơi, chỗ ống cống bừa đủ trẻ con bò chứ không phải ống cống to mà tối om, dài cỡ 300 400m nữa chứ. Chưa kể rắn rết, lỡ đang bò có bọn nó tới đổ cát lấp thì awnlol thật Lúc ấy 12 tuổi học trường chuyên lớp chọn IQ 131 mà còn ngu vậy thì 10 tuổi vùng bản đã là gì",0,1
3710,"""Nước khác"" còn sợ nó đánh thuế chống phá giá chết cha chứ lo gì thiếu tra, thiếu ba sa. Nhà giàu nó sướng thế đấy. Lo đi đánh cá mà bán đi.",0,1
3711,"cám ơn khán giả cái quái gì, hơn 90% dân maroc theo đạo hồi, nó gập người quỳ gối tạ ơn thần thánh vì chiến thắng thì có",0,0
3712,"Đọc như Phớt, nhưng mày phải nhờ 1 thằng giọng SG đọc.",0,0
3713,Chó là bạn! Có thằng bạn nào lại đi thiết dái nhau không? Fen ác với nó quá.,0,1
3714,"Mấy đứa đó là nhà không quan tâm dạy dỗ và ngu chứ không phải ngoan, chả hiểu thớt mấy tuổi rồi còn đi hỏi 3 cái xàm này.",0,1
3715,Làm sao để tố giác tội phạm nhỉ? Loại này cho đi tù cho nó chừa.,0,0
3716,"Khác biệt là Manga thể loại nào nó cũng có, ai thích gì thì tìm đọc lấy. Còn Comic thì giờ nó nhét tất cả thể loại vào làm 1 rồi cố nhét vào mồm độc giả. Có 1 cái nữa t cực kỳ ghét ở Comic là nó lắm chữ vkl, thoại nhân vật đứa éo nào cũng nói lắm. Xong còn lồng ghép mấy câu trích dẫn, hoặc sự kiện vào mà chả có giải thích éo gì",0,1
3717,"Anh giải thích cũng hợp lý, nhưng mấy cái lán tạm bên đường đó thì sao anh? sao không dẹp mẹ nó đi để làm? hay do mấy cái lán đó có sổ đỏ? mà kể cả có sổ đỏ thì phục vụ công trình công cộng cũng bắt buộc phải di dời thiệt hại chặn 1 con đường huyết mạch của thủ đô trong 1 năm có ít hơn dẹp mấy cái lán tạm?",0,0
3718,Có thằng bạn tốt thật đấy,0,0
